8 11 3 0 0
9 12 6 0 0
10 13 7 0 0
11 14 7 0 0
12 18 8 0 0
13 19 14 0 0
14 20 10 0 0
15 21 2 0 0
16 22 1 0 0
17 27 7 0 0
18 28 2 0 0
19 36 8 0 0
20 37 6 0 0
21 43 4 0 0
22 44 13 0 0
23 45 6 0 0
24 49 3 0 0
25 50 10 0 0
26 51 13 0 0
27 52 3 0 0
28 57 3 0 0
29 58 3 0 0
30 59 1 0 0
148 12 11 1 0
149 13 8 1 0
150 19 9 1 0
151 20 13 1 0
152 21 10 1 0
153 22 3 1 0
154 26 6 1 0
155 27 8 1 0
156 28 1 1 0
157 29 5 1 0
158 30 8 1 0
159 33 1 1 0
160 34 11 1 0
161 37 7 1 0
162 38 5 1 0
163 41 2 1 0
164 42 10 1 0
165 43 2 1 0
166 44 8 1 0
167 45 4 1 0
168 49 1 1 0
169 50 12 1 0
170 51 13 1 0
171 52 4 1 0
288 9 1 2 0
289 13 1 2 0
290 14 3 2 0
291 17 7 2 0
292 21 6 2 0
293 22 4 2 0
294 24 2 2 0
295 25 7 2 0
296 28 1 2 0
297 29 11 2 0
298 32 1 2 0
299 33 7 2 0
300 34 6 2 0
301 35 6 2 0
302 36 5 2 0
303 37 9 2 0
304 44 2 2 0
305 45 6 2 0
306 52 2 2 0
307 53 8 2 0
308 61 2 2 0
428 13 9 3 0
429 14 1 3 0
430 20 5 3 0
431 21 10 3 0
432 28 11 3 0
433 29 1 3 0
434 35 8 3 0
435 36 5 3 0
436 42 1 3 0
437 43 13 3 0
438 50 6 3 0
439 51 8 3 0
440 58 1 3 0
441 59 2 3 0
568 19 7 4 0
569 20 10 4 0
570 21 10 4 0
571 26 9 4 0
572 27 5 4 0
573 28 8 4 0
574 29 5 4 0
575 34 9 4 0
576 35 8 4 0
577 36 10 4 0
578 43 1 4 0
579 44 8 4 0
580 51 1 4 0
581 52 8 4 0
582 60 6 4 0
708 12 5 5 0
709 13 3 5 0
710 18 1 5 0
711 19 11 5 0
712 20 9 5 0
713 21 11 5 0
714 26 1 5 0
715 27 4 5 0
716 28 3 5 0
717 29 10 5 0
718 34 5 5 0
719 35 8 5 0
720 36 13 5 0
721 37 9 5 0
722 38 2 5 0
723 41 6 5 0
724 42 11 5 0
725 43 9 5 0
726 44 3 5 0
727 45 2 5 0
728 46 8 5 0
729 47 1 5 0
730 49 4 5 0
731 50 7 5 0
732 51 2 5 0
848 11 7 6 0
849 12 4 6 0
850 19 7 6 0
851 20 5 6 0
852 27 4 6 0
853 28 9 6 0
854 35 4 6 0
855 36 10 6 0
856 43 1 6 0
857 44 14 6 0
858 52 12 6 0
859 53 1 6 0
988 11 5 7 0
989 12 10 7 0
990 13 9 7 0
991 14 1 7 0
992 18 2 7 0
993 19 10 7 0
994 20 8 7 0
995 21 15 7 0
996 22 5 7 0
997 27 3 7 0
998 28 8 7 0
999 29 13 7 0
1000 30 1 7 0
1001 34 3 7 0
1002 35 8 7 0
1003 36 10 7 0
1004 37 6 7 0
1005 41 2 7 0
1006 42 2 7 0
1007 44 9 7 0
1008 45 6 7 0
1009 49 7 7 0
1010 50 13 7 0
1011 51 12 7 0
1012 52 9 7 0
1013 53 1 7 0
1014 58 3 7 0
1015 59 1 7 0
1128 11 2 8 0
1129 12 2 8 0
1130 19 4 8 0
1131 20 4 8 0
1132 27 3 8 0
1133 28 6 8 0
1134 35 2 8 0
1135 36 7 8 0
1136 44 8 8 0
1137 52 7 8 0
1138 60 2 8 0
1268 13 1 9 0
1269 14 10 9 0
1270 19 4 9 0
1271 21 6 9 0
1272 22 5 9 0
1273 27 8 9 0
1274 28 2 9 0
1275 29 10 9 0
1276 33 1 9 0
1277 34 10 9 0
1278 35 10 9 0
1279 36 13 9 0
1280 37 3 9 0
1281 41 1 9 0
1282 43 6 9 0
1283 44 3 9 0
1284 51 8 9 0
1408 11 10 10 0
1409 12 11 10 0
1410 19 7 10 0
1411 20 15 10 0
1412 21 1 10 0
1413 27 7 10 0
1414 28 15 10 0
1415 29 2 10 0
1416 35 3 10 0
1417 36 10 10 0
1418 37 4 10 0
1419 41 1 10 0
1420 42 5 10 0
1421 43 1 10 0
1422 44 11 10 0
1423 45 1 10 0
1424 50 9 10 0
1425 51 13 10 0
1426 52 7 10 0
1548 20 2 11 0
1549 21 8 11 0
1550 22 11 11 0
1551 23 4 11 0
1552 27 3 11 0
1553 28 5 11 0
1554 29 2 11 0
1555 34 3 11 0
1556 35 7 11 0
1557 36 2 11 0
1558 41 2 11 0
1559 42 11 11 0
1560 43 10 11 0
1561 44 1 11 0
1688 8 1 12 0
1689 9 7 12 0
1690 10 9 12 0
1691 11 8 12 0
1692 12 5 12 0
1693 16 1 12 0
1694 17 6 12 0
1695 18 4 12 0
1696 19 4 12 0
1697 20 13 12 0
1698 21 2 12 0
1699 27 9 12 0
1700 28 11 12 0
1701 29 1 12 0
1702 35 3 12 0
1703 36 8 12 0
1704 37 14 12 0
1705 38 5 12 0
1706 42 4 12 0
1707 44 1 12 0
1708 45 14 12 0
1709 46 6 12 0
1710 50 11 12 0
1711 51 9 12 0
1712 52 13 12 0
1713 53 10 12 0
1714 59 2 12 0
1715 60 2 12 0
1828 4 3 13 0
1829 5 2 13 0
1830 11 3 13 0
1831 12 11 13 0
1832 19 9 13 0
1833 20 2 13 0
1834 26 4 13 0
1835 27 9 13 0
1836 28 5 13 0
1837 29 9 13 0
1838 30 1 13 0
1839 34 10 13 0
1840 35 6 13 0
1841 36 8 13 0
1842 37 9 13 0
1843 38 2 13 0
1844 42 11 13 0
1845 43 11 13 0
1846 44 11 13 0
1847 50 2 13 0
1848 51 4 13 0
1849 52 1 13 0
1968 11 4 14 0
1969 12 1 14 0
1970 19 5 14 0
1971 20 3 14 0
1972 27 4 14 0
1973 28 5 14 0
1974 35 4 14 0
1975 36 5 14 0
1976 43 4 14 0
1977 44 5 14 0
1978 51 3 14 0
1979 52 6 14 0
1980 60 1 14 0
2108 18 1 15 0
2109 19 5 15 0
2110 20 11 15 0
2111 21 15 15 0
2112 22 3 15 0
2113 25 1 15 0
2114 26 13 15 0
2115 27 7 15 0
2116 28 3 15 0
2117 29 13 15 0
2118 30 1 15 0
2119 34 2 15 0
2120 36 11 15 0
2121 37 2 15 0
2122 43 6 15 0
2123 44 6 15 0
2124 50 1 15 0
2125 51 10 15 0
2126 58 5 15 0
2127 59 3 15 0
2248 11 6 16 0
2249 12 8 16 0
2250 18 5 16 0
2251 19 3 16 0
2252 20 6 16 0
2253 21 4 16 0
2254 28 3 16 0
2255 29 8 16 0
2256 34 3 16 0
2257 35 6 16 0
2258 36 10 16 0
2259 37 9 16 0
2260 38 6 16 0
2261 39 2 16 0
2262 41 5 16 0
2263 42 8 16 0
2264 43 2 16 0
2265 44 9 16 0
2266 49 1 16 0
2267 50 8 16 0
2268 51 7 16 0
2269 52 1 16 0
2388 12 1 17 0
2389 13 4 17 0
2390 14 3 17 0
2391 19 9 17 0
2392 20 10 17 0
2393 21 13 17 0
2394 22 2 17 0
2395 27 10 17 0
2396 28 9 17 0
2397 29 5 17 0
2398 34 1 17 0
2399 35 11 17 0
2400 36 8 17 0
2401 42 10 17 0
2402 43 6 17 0
2403 44 6 17 0
2404 50 12 17 0
2405 51 10 17 0
2406 52 1 17 0
2407 58 2 17 0
2408 59 1 17 0
2528 4 1 18 0
2529 5 1 18 0
2530 12 7 18 0
2531 13 1 18 0
2532 19 5 18 0
2533 20 1 18 0
2534 27 6 18 0
2535 28 3 18 0
2536 29 1 18 0
2537 34 1 18 0
2538 35 5 18 0
2539 36 2 18 0
2540 37 6 18 0
2541 42 1 18 0
2542 43 4 18 0
2543 44 1 18 0
2544 45 6 18 0
2545 51 5 18 0
2546 52 6 18 0
2668 19 4 19 0
2669 20 12 19 0
2670 21 7 19 0
2671 27 9 19 0
2672 28 5 19 0
2673 29 6 19 0
2674 35 4 19 0
2675 36 9 19 0
2676 43 4 19 0
2677 44 4 19 0
2678 51 9 19 0
2679 58 5 19 0
2680 59 2 19 0
2808 8 1 20 0
2809 9 3 20 0
2810 12 1 20 0
2811 13 7 20 0
2812 16 2 20 0
2813 17 14 20 0
2814 18 2 20 0
2815 20 3 20 0
2816 21 12 20 0
2817 25 9 20 0
2818 26 10 20 0
2819 27 1 20 0
2820 28 8 20 0
2821 29 10 20 0
2822 33 2 20 0
2823 34 15 20 0
2824 35 13 20 0
2825 36 11 20 0
2826 37 13 20 0
2827 42 3 20 0
2828 44 4 20 0
2829 45 15 20 0
2830 46 1 20 0
2831 53 10 20 0
2832 54 5 20 0
2948 12 4 21 0
2949 13 13 21 0
2950 14 3 21 0
2951 19 7 21 0
2952 20 15 21 0
2953 21 10 21 0
2954 22 6 21 0
2955 26 9 21 0
2956 27 8 21 0
2957 28 8 21 0
2958 29 6 21 0
2959 30 6 21 0
2960 33 6 21 0
2961 34 9 21 0
2962 37 6 21 0
2963 38 5 21 0
2964 41 8 21 0
2965 42 10 21 0
2966 43 3 21 0
2967 44 7 21 0
2968 45 9 21 0
2969 50 8 21 0
2970 51 14 21 0
2971 52 6 21 0
3088 12 2 22 0
3089 13 3 22 0
3090 19 2 22 0
3091 20 6 22 0
3092 21 7 22 0
3093 27 6 22 0
3094 28 4 22 0
3095 29 6 22 0
3096 34 1 22 0
3097 35 8 22 0
3098 36 9 22 0
3099 43 5 22 0
3100 44 2 22 0
3101 51 6 22 0
3102 59 3 22 0
3228 13 8 23 0
3229 14 1 23 0
3230 20 5 23 0
3231 21 11 23 0
3232 27 1 23 0
3233 28 11 23 0
3234 29 2 23 0
3235 35 8 23 0
3236 36 6 23 0
3237 42 1 23 0
3238 43 12 23 0
3239 50 6 23 0
3240 51 7 23 0
3241 58 1 23 0
3242 59 1 23 0
3368 4 2 24 0
3369 12 11 24 0
3370 19 2 24 0
3371 20 12 24 0
3372 26 6 24 0
3373 27 7 24 0
3374 28 10 24 0
3375 36 8 24 0
3376 42 6 24 0
3377 43 11 24 0
3378 44 10 24 0
3379 45 9 24 0
3380 46 2 24 0
3381 49 1 24 0
3382 50 8 24 0
3383 51 1 24 0
3508 10 2 25 0
3509 11 9 25 0
3510 12 13 25 0
3511 13 8 25 0
3512 14 1 25 0
3513 18 8 25 0
3514 19 7 25 0
3515 20 5 25 0
3516 21 15 25 0
3517 22 7 25 0
3518 27 2 25 0
3519 28 12 25 0
3520 29 10 25 0
3521 30 1 25 0
3522 34 5 25 0
3523 35 11 25 0
3524 36 4 25 0
3525 41 3 25 0
3526 42 15 25 0
3527 43 7 25 0
3528 44 8 25 0
3529 45 13 25 0
3530 46 12 25 0
3531 50 8 25 0
3532 51 14 25 0
3533 52 10 25 0
3534 53 5 25 0
3535 54 2 25 0
3648 13 2 26 0
3649 18 2 26 0
3650 19 3 26 0
3651 20 4 26 0
3652 21 3 26 0
3653 26 4 26 0
3654 27 3 26 0
3655 28 7 26 0
3656 29 2 26 0
3657 35 5 26 0
3658 36 9 26 0
3659 37 1 26 0
3660 44 6 26 0
3661 51 1 26 0
3662 52 6 26 0
3663 59 1 26 0
3664 60 2 26 0
3788 10 3 27 0
3789 11 7 27 0
3790 12 9 27 0
3791 13 6 27 0
3792 17 3 27 0
3793 18 11 27 0
3794 19 10 27 0
3795 20 13 27 0
3796 21 15 27 0
3797 22 9 27 0
3798 27 6 27 0
3799 28 13 27 0
3800 29 12 27 0
3801 30 2 27 0
3802 35 3 27 0
3803 36 9 27 0
3804 37 13 27 0
3805 38 1 27 0
3806 41 3 27 0
3807 42 2 27 0
3808 43 1 27 0
3809 44 8 27 0
3810 45 13 27 0
3811 49 11 27 0
3812 50 15 27 0
3813 51 14 27 0
3814 52 13 27 0
3815 53 5 27 0
3816 57 1 27 0
3817 58 4 27 0
3818 59 3 27 0
3928 9 6 28 0
3929 10 10 28 0
3930 11 9 28 0
3931 12 5 28 0
3932 13 2 28 0
3933 17 13 28 0
3934 18 12 28 0
3935 19 14 28 0
3936 20 15 28 0
3937 21 13 28 0
3938 22 3 28 0
3939 28 3 28 0
3940 29 14 28 0
3941 30 7 28 0
3942 35 1 28 0
3943 36 10 28 0
3944 37 9 28 0
3945 43 12 28 0
3946 44 7 28 0
3947 50 1 28 0
3948 51 14 28 0
3949 52 14 28 0
3950 53 12 28 0
3951 54 8 28 0
3952 59 1 28 0
3953 60 3 28 0
3954 61 2 28 0
3955 62 1 28 0
4068 20 4 29 0
4069 21 5 29 0
4070 26 3 29 0
4071 27 8 29 0
4072 28 7 29 0
4073 29 11 29 0
4074 35 4 29 0
4075 36 9 29 0
4076 42 2 29 0
4077 43 11 29 0
4078 50 4 29 0
4079 51 2 29 0
4208 16 2 30 0
4209 17 9 30 0
4210 18 11 30 0
4211 19 10 30 0
4212 20 9 30 0
4213 24 1 30 0
4214 25 1 30 0
4215 27 6 30 0
4216 28 11 30 0
4217 29 2 30 0
4218 35 4 30 0
4219 36 7 30 0
4220 37 8 30 0
4221 38 5 30 0
4222 43 2 30 0
4223 44 8 30 0
4224 45 7 30 0
4225 46 9 30 0
4226 52 6 30 0
4227 53 7 30 0
4228 54 1 30 0
4348 11 1 31 0
4349 12 9 31 0
4350 13 6 31 0
4351 14 1 31 0
4352 19 3 31 0
4353 20 9 31 0
4354 21 8 31 0
4355 22 8 31 0
4356 27 4 31 0
4357 28 13 31 0
4358 29 10 31 0
4359 30 5 31 0
4360 34 4 31 0
4361 35 12 31 0
4362 36 6 31 0
4363 41 2 31 0
4364 42 11 31 0
4365 43 8 31 0
4366 44 5 31 0
4367 49 6 31 0
4368 50 12 31 0
4369 51 12 31 0
4370 52 1 31 0
4371 58 4 31 0
4372 59 2 31 0
4488 4 5 32 0
4489 11 4 32 0
4490 12 4 32 0
4491 19 7 32 0
4492 27 7 32 0
4493 34 1 32 0
4494 35 5 32 0
4495 36 6 32 0
4496 37 10 32 0
4497 38 3 32 0
4498 43 9 32 0
4499 44 7 32 0
4500 45 7 32 0
4501 51 3 32 0
4502 52 3 32 0
4628 19 4 33 0
4629 20 11 33 0
4630 21 13 33 0
4631 22 1 33 0
4632 27 8 33 0
4633 28 9 33 0
4634 29 11 33 0
4635 30 1 33 0
4636 35 1 33 0
4637 36 10 33 0
4638 37 1 33 0
4639 43 7 33 0
4640 44 3 33 0
4641 50 2 33 0
4642 51 8 33 0
4643 57 1 33 0
4644 58 6 33 0
4645 59 1 33 0
4768 12 9 34 0
4769 13 7 34 0
4770 19 5 34 0
4771 20 14 34 0
4772 21 14 34 0
4773 22 2 34 0
4774 27 13 34 0
4775 28 4 34 0
4776 29 13 34 0
4777 30 2 34 0
4778 34 4 34 0
4779 35 11 34 0
4780 36 4 34 0
4781 37 12 34 0
4782 38 1 34 0
4783 42 7 34 0
4784 43 9 34 0
4785 44 12 34 0
4786 45 3 34 0
4787 50 5 34 0
4788 51 15 34 0
4789 52 8 34 0
4790 59 2 34 0
4908 14 4 35 0
4909 15 1 35 0
4910 20 8 35 0
4911 21 10 35 0
4912 22 7 35 0
4913 23 1 35 0
4914 27 6 35 0
4915 28 6 35 0
4916 34 1 35 0
4917 35 4 35 0
4918 36 7 35 0
4919 41 7 35 0
4920 42 5 35 0
4921 43 7 35 0
4922 44 3 35 0
4923 49 2 35 0
4924 50 4 35 0
4925 51 1 35 0
5048 4 2 36 0
5049 11 2 36 0
5050 12 14 36 0
5051 19 8 36 0
5052 20 8 36 0
5053 27 13 36 0
5054 28 3 36 0
5055 34 1 36 0
5056 35 15 36 0
5057 36 12 36 0
5058 37 10 36 0
5059 38 1 36 0
5060 42 1 36 0
5061 43 13 36 0
5062 44 14 36 0
5063 45 14 36 0
5064 46 2 36 0
5065 51 2 36 0
5066 52 8 36 0
5067 53 4 36 0
5188 12 10 37 0
5189 13 6 37 0
5190 19 4 37 0
5191 20 15 37 0
5192 21 14 37 0
5193 22 1 37 0
5194 26 3 37 0
5195 27 12 37 0
5196 28 5 37 0
5197 29 13 37 0
5198 30 6 37 0
5199 34 12 37 0
5200 35 6 37 0
5201 36 1 37 0
5202 37 12 37 0
5203 38 1 37 0
5204 42 13 37 0
5205 43 9 37 0
5206 44 13 37 0
5207 45 3 37 0
5208 50 9 37 0
5209 51 13 37 0
5210 52 5 37 0
5328 17 5 38 0
5329 18 10 38 0
5330 19 11 38 0
5331 20 10 38 0
5332 21 1 38 0
5333 28 8 38 0
5334 29 1 38 0
5335 34 5 38 0
5336 35 7 38 0
5337 36 12 38 0
5338 37 7 38 0
5339 38 5 38 0
5340 39 1 38 0
5341 42 5 38 0
5342 43 1 38 0
5343 44 7 38 0
5344 52 6 38 0
5468 11 3 39 0
5469 12 9 39 0
5470 19 10 39 0
5471 20 4 39 0
5472 26 1 39 0
5473 27 10 39 0
5474 28 3 39 0
5475 29 9 39 0
5476 34 5 39 0
5477 35 6 39 0
5478 36 9 39 0
5479 37 10 39 0
5480 42 3 39 0
5481 43 13 39 0
5482 44 14 39 0
5483 45 7 39 0
5484 51 5 39 0
5485 52 5 39 0
5608 12 6 40 0
5609 20 10 40 0
5610 27 2 40 0
5611 28 9 40 0
5612 35 4 40 0
5613 36 7 40 0
5614 43 4 40 0
5615 44 6 40 0
5616 51 6 40 0
5617 52 4 40 0
5618 59 1 40 0
5619 60 1 40 0
5748 11 1 41 0
5749 12 6 41 0
5750 13 7 41 0
5751 14 3 41 0
5752 19 10 41 0
5753 20 9 41 0
5754 21 11 41 0
5755 27 10 41 0
5756 28 10 41 0
5757 29 4 41 0
5758 35 9 41 0
5759 36 10 41 0
5760 42 6 41 0
5761 43 6 41 0
5762 44 8 41 0
5763 50 7 41 0
5764 51 12 41 0
5765 52 6 41 0
5888 19 6 42 0
5889 20 11 42 0
5890 26 5 42 0
5891 27 2 42 0
5892 28 7 42 0
5893 36 6 42 0
5894 44 6 42 0
5895 51 2 42 0
5896 52 4 42 0
5897 59 4 42 0
5898 60 2 42 0
6028 12 5 43 0
6029 13 2 43 0
6030 19 6 43 0
6031 20 8 43 0
6032 21 7 43 0
6033 27 9 43 0
6034 28 9 43 0
6035 29 1 43 0
6036 35 1 43 0
6037 36 9 43 0
6038 43 4 43 0
6039 44 5 43 0
6040 51 8 43 0
6041 52 1 43 0
6042 59 4 43 0
6168 9 1 44 0
6169 10 2 44 0
6170 11 1 44 0
6171 17 1 44 0
6172 18 8 44 0
6173 19 9 44 0
6174 20 10 44 0
6175 27 2 44 0
6176 28 7 44 0
6177 35 6 44 0
6178 36 6 44 0
6179 37 4 44 0
6180 44 3 44 0
6181 45 7 44 0
6182 52 8 44 0
6183 53 1 44 0
6184 59 3 44 0
6185 60 2 44 0
6308 19 8 45 0
6309 20 11 45 0
6310 21 11 45 0
6311 26 9 45 0
6312 27 4 45 0
6313 28 9 45 0
6314 29 6 45 0
6315 34 8 45 0
6316 35 8 45 0
6317 36 9 45 0
6318 37 1 45 0
6319 44 8 45 0
6320 51 4 45 0
6321 52 5 45 0
6322 59 7 45 0
6448 11 1 46 0
6449 12 7 46 0
6450 13 2 46 0
6451 18 4 46 0
6452 19 8 46 0
6453 20 10 46 0
6454 21 8 46 0
6455 26 7 46 0
6456 27 4 46 0
6457 28 6 46 0
6458 29 2 46 0
6459 35 7 46 0
6460 36 6 46 0
6461 42 2 46 0
6462 43 7 46 0
6463 44 5 46 0
6464 45 2 46 0
6465 50 2 46 0
6466 51 6 46 0
6467 52 7 46 0
6468 53 1 46 0
6469 59 3 46 0
6470 60 2 46 0
6588 13 3 47 0
6589 14 5 47 0
6590 15 2 47 0
6591 20 8 47 0
6592 21 12 47 0
6593 22 10 47 0
6594 23 4 47 0
6595 26 2 47 0
6596 27 7 47 0
6597 34 2 47 0
6598 35 9 47 0
6599 36 6 47 0
6600 42 3 47 0
6601 43 2 47 0
6602 44 9 47 0
6603 49 3 47 0
6604 50 14 47 0
6605 51 12 47 0
6606 52 3 47 0
6728 11 8 48 0
6729 18 2 48 0
6730 19 8 48 0
6731 20 5 48 0
6732 26 1 48 0
6733 27 8 48 0
6734 28 7 48 0
6735 36 7 48 0
6736 44 6 48 0
6737 45 2 48 0
6738 51 8 48 0
6739 52 10 48 0
6740 53 2 48 0
6741 60 3 48 0
6868 11 5 49 0
6869 12 10 49 0
6870 13 6 49 0
6871 14 1 49 0
6872 16 1 49 0
6873 18 1 49 0
6874 19 11 49 0
6875 20 12 49 0
6876 21 15 49 0
6877 22 4 49 0
6878 27 10 49 0
6879 28 11 49 0
6880 29 3 49 0
6881 35 2 49 0
6882 36 9 49 0
6883 37 4 49 0
6884 41 1 49 0
6885 42 3 49 0
6886 43 1 49 0
6887 44 7 49 0
6888 45 6 49 0
6889 49 3 49 0
6890 50 14 49 0
6891 51 13 49 0
6892 52 9 49 0
6893 53 1 49 0
6894 58 2 49 0
6895 59 1 49 0
7008 10 4 50 0
7009 11 8 50 0
7010 12 9 50 0
7011 20 7 50 0
7012 27 6 50 0
7013 28 9 50 0
7014 29 3 50 0
7015 37 7 50 0
7016 42 4 50 0
7017 44 3 50 0
7018 45 7 50 0
7019 50 5 50 0
7020 51 11 50 0
7021 52 8 50 0
7148 11 2 51 0
7149 12 9 51 0
7150 13 10 51 0
7151 14 2 51 0
7152 18 3 51 0
7153 19 13 51 0
7154 20 15 51 0
7155 21 14 51 0
7156 22 7 51 0
7157 25 1 51 0
7158 26 13 51 0
7159 27 7 51 0
7160 28 2 51 0
7161 29 10 51 0
7162 30 7 51 0
7163 33 6 51 0
7164 34 10 51 0
7165 37 9 51 0
7166 38 7 51 0
7167 41 8 51 0
7168 42 8 51 0
7169 44 2 51 0
7170 45 14 51 0
7171 46 3 51 0
7172 49 6 51 0
7173 50 15 51 0
7174 51 10 51 0
7175 52 13 51 0
7176 53 4 51 0
7177 58 4 51 0
7178 59 4 51 0
7179 60 2 51 0
7288 17 4 52 0
7289 18 11 52 0
7290 19 12 52 0
7291 20 13 52 0
7292 21 8 52 0
7293 22 1 52 0
7294 25 3 52 0
7295 26 11 52 0
7296 27 3 52 0
7297 28 2 52 0
7298 29 12 52 0
7299 30 5 52 0
7300 36 4 52 0
7301 37 10 52 0
7302 44 11 52 0
7303 45 1 52 0
7304 51 4 52 0
7305 52 9 52 0
7306 59 6 52 0
7307 60 7 52 0
7428 19 1 53 0
7429 20 7 53 0
7430 21 3 53 0
7431 22 1 53 0
7432 27 9 53 0
7433 28 8 53 0
7434 30 1 53 0
7435 35 6 53 0
7436 36 9 53 0
7437 37 6 53 0
7438 38 3 53 0
7439 43 6 53 0
7440 44 1 53 0
7441 51 6 53 0
7442 58 3 53 0
7443 59 1 53 0
7568 18 7 54 0
7569 19 11 54 0
7570 20 3 54 0
7571 21 4 54 0
7572 22 9 54 0
7573 25 3 54 0
7574 26 8 54 0
7575 27 3 54 0
7576 28 7 54 0
7577 29 12 54 0
7578 30 2 54 0
7579 34 2 54 0
7580 35 4 54 0
7581 36 10 54 0
7582 37 2 54 0
7583 43 1 54 0
7584 44 8 54 0
7585 51 5 54 0
7586 52 4 54 0
7587 59 3 54 0
7588 60 2 54 0
7708 12 4 55 0
7709 13 2 55 0
7710 14 4 55 0
7711 19 9 55 0
7712 20 9 55 0
7713 21 15 55 0
7714 22 10 55 0
7715 26 2 55 0
7716 27 9 55 0
7717 28 8 55 0
7718 29 11 55 0
7719 35 7 55 0
7720 36 11 55 0
7721 42 3 55 0
7722 43 9 55 0
7723 44 6 55 0
7724 50 11 55 0
7725 51 5 55 0
7726 52 7 55 0
7727 58 6 55 0
7728 59 6 55 0
7729 60 1 55 0
7848 11 6 56 0
7849 12 6 56 0
7850 13 2 56 0
7851 18 6 56 0
7852 19 15 56 0
7853 20 14 56 0
7854 21 14 56 0
7855 22 2 56 0
7856 25 1 56 0
7857 26 13 56 0
7858 27 9 56 0
7859 28 1 56 0
7860 29 7 56 0
7861 30 9 56 0
7862 33 4 56 0
7863 34 13 56 0
7864 38 12 56 0
7865 41 3 56 0
7866 42 14 56 0
7867 43 4 56 0
7868 45 3 56 0
7869 46 12 56 0
7870 50 4 56 0
7871 51 13 56 0
7872 52 10 56 0
7873 53 12 56 0
7874 54 2 56 0
7875 59 1 56 0
7876 60 4 56 0
7877 61 1 56 0
7988 19 4 57 0
7989 20 10 57 0
7990 21 10 57 0
7991 26 3 57 0
7992 27 6 57 0
7993 28 6 57 0
7994 29 6 57 0
7995 34 2 57 0
7996 35 8 57 0
7997 36 11 57 0
7998 37 1 57 0
7999 43 2 57 0
8000 44 6 57 0
8001 51 8 57 0
8002 58 2 57 0
8003 59 4 57 0
8128 10 1 58 0
8129 12 4 58 0
8130 13 5 58 0
8131 17 1 58 0
8132 18 14 58 0
8133 20 8 58 0
8134 21 9 58 0
8135 25 2 58 0
8136 26 15 58 0
8137 27 5 58 0
8138 28 10 58 0
8139 29 8 58 0
8140 33 3 58 0
8141 34 10 58 0
8142 35 10 58 0
8143 36 13 58 0
8144 37 7 58 0
8145 44 9 58 0
8146 45 9 58 0
8147 52 11 58 0
8148 53 8 58 0
8149 60 2 58 0
8268 12 1 59 0
8269 13 14 59 0
8270 20 7 59 0
8271 21 8 59 0
8272 27 1 59 0
8273 28 11 59 0
8274 35 9 59 0
8275 36 4 59 0
8276 42 2 59 0
8277 43 10 59 0
8278 50 5 59 0
8279 51 10 59 0
8408 10 2 60 0
8409 11 1 60 0
8410 13 4 60 0
8411 17 1 60 0
8412 18 13 60 0
8413 19 2 60 0
8414 21 10 60 0
8415 22 5 60 0
8416 25 11 60 0
8417 26 6 60 0
8418 29 6 60 0
8419 30 9 60 0
8420 33 12 60 0
8421 34 8 60 0
8422 35 9 60 0
8423 36 10 60 0
8424 37 11 60 0
8425 38 12 60 0
8426 42 3 60 0
8427 43 2 60 0
8428 45 4 60 0
8429 46 7 60 0
8430 53 1 60 0
8431 54 2 60 0
8548 13 2 61 0
8549 14 1 61 0
8550 19 1 61 0
8551 20 1 61 0
8552 21 11 61 0
8553 27 9 61 0
8554 28 8 61 0
8555 29 1 61 0
8556 34 4 61 0
8557 35 11 61 0
8558 36 9 61 0
8559 37 3 61 0
8560 43 7 61 0
8561 50 4 61 0
8562 51 4 61 0
8563 58 2 61 0
8564 59 1 61 0
8688 12 11 62 0
8689 13 8 62 0
8690 19 6 62 0
8691 20 8 62 0
8692 21 3 62 0
8693 26 1 62 0
8694 27 12 62 0
8695 28 3 62 0
8696 29 1 62 0
8697 34 4 62 0
8698 35 14 62 0
8699 36 8 62 0
8700 37 13 62 0
8701 42 4 62 0
8702 43 10 62 0
8703 44 7 62 0
8704 45 9 62 0
8705 51 10 62 0
8706 52 11 62 0
8707 53 1 62 0
8828 11 1 63 0
8829 12 8 63 0
8830 13 3 63 0
8831 19 11 63 0
8832 20 15 63 0
8833 21 14 63 0
8834 22 2 63 0
8835 26 6 63 0
8836 27 13 63 0
8837 28 13 63 0
8838 29 11 63 0
8839 30 9 63 0
8840 33 5 63 0
8841 34 15 63 0
8842 35 6 63 0
8843 36 1 63 0
8844 37 7 63 0
8845 38 10 63 0
8846 41 11 63 0
8847 42 5 63 0
8848 43 2 63 0
8849 44 5 63 0
8850 45 11 63 0
8851 46 1 63 0
8852 49 9 63 0
8853 50 12 63 0
8854 51 9 63 0
8855 52 9 63 0
8856 53 1 63 0
8857 58 4 63 0
8858 59 3 63 0
8968 11 5 64 0
8969 12 2 64 0
8970 14 4 64 0
8971 19 9 64 0
8972 21 1 64 0
8973 22 10 64 0
8974 26 5 64 0
8975 27 6 64 0
8976 29 8 64 0
8977 30 4 64 0
8978 33 3 64 0
8979 34 10 64 0
8980 35 3 64 0
8981 36 7 64 0
8982 37 10 64 0
8983 41 2 64 0
8984 42 11 64 0
8985 43 9 64 0
8986 44 9 64 0
8987 45 2 64 0
8988 52 9 64 0
8989 60 2 64 0
9108 21 4 65 0
9109 22 8 65 0
9110 23 5 65 0
9111 27 8 65 0
9112 28 8 65 0
9113 29 3 65 0
9114 30 2 65 0
9115 35 9 65 0
9116 36 2 65 0
9117 41 4 65 0
9118 42 7 65 0
9119 43 9 65 0
9120 44 1 65 0
9121 50 4 65 0
9122 51 2 65 0
9248 4 1 66 0
9249 5 4 66 0
9250 12 10 66 0
9251 13 3 66 0
9252 19 4 66 0
9253 20 8 66 0
9254 26 1 66 0
9255 27 12 66 0
9256 28 6 66 0
9257 29 5 66 0
9258 34 8 66 0
9259 35 8 66 0
9260 36 2 66 0
9261 37 13 66 0
9262 38 2 66 0
9263 42 8 66 0
9264 43 9 66 0
9265 44 11 66 0
9266 45 4 66 0
9267 51 5 66 0
9268 52 1 66 0
9388 11 2 67 0
9389 12 2 67 0
9390 13 2 67 0
9391 20 9 67 0
9392 21 5 67 0
9393 27 3 67 0
9394 28 9 67 0
9395 29 1 67 0
9396 35 7 67 0
9397 36 6 67 0
9398 37 1 67 0
9399 43 9 67 0
9400 44 1 67 0
9401 45 2 67 0
9402 51 9 67 0
9403 59 1 67 0
9528 10 1 68 0
9529 11 8 68 0
9530 12 10 68 0
9531 13 1 68 0
9532 17 2 68 0
9533 18 10 68 0
9534 19 1 68 0
9535 20 4 68 0
9536 21 9 68 0
9537 22 4 68 0
9538 25 8 68 0
9539 26 1 68 0
9540 30 7 68 0
9541 31 2 68 0
9542 33 8 68 0
9543 34 1 68 0
9544 38 2 68 0
9545 39 4 68 0
9546 41 1 68 0
9547 42 10 68 0
9548 43 1 68 0
9549 46 7 68 0
9550 47 2 68 0
9551 50 1 68 0
9552 51 8 68 0
9553 52 8 68 0
9554 53 9 68 0
9555 54 4 68 0
9668 11 5 69 0
9669 12 10 69 0
9670 13 3 69 0
9671 18 2 69 0
9672 19 14 69 0
9673 20 15 69 0
9674 21 10 69 0
9675 26 2 69 0
9676 27 13 69 0
9677 28 6 69 0
9678 29 15 69 0
9679 30 2 69 0
9680 34 9 69 0
9681 35 7 69 0
9682 36 2 69 0
9683 37 15 69 0
9684 38 2 69 0
9685 42 11 69 0
9686 43 5 69 0
9687 44 5 69 0
9688 45 11 69 0
9689 50 6 69 0
9690 51 14 69 0
9691 52 15 69 0
9692 53 6 69 0
9693 59 3 69 0
9694 60 2 69 0
9808 4 1 70 0
9809 11 8 70 0
9810 12 8 70 0
9811 18 3 70 0
9812 19 13 70 0
9813 20 6 70 0
9814 27 4 70 0
9815 28 6 70 0
9816 35 5 70 0
9817 36 4 70 0
9818 37 3 70 0
9819 43 8 70 0
9820 44 12 70 0
9821 45 11 70 0
9822 51 8 70 0
9823 52 6 70 0
9948 19 2 71 0
9949 20 7 71 0
9950 21 10 71 0
9951 22 2 71 0
9952 26 7 71 0
9953 27 10 71 0
9954 28 6 71 0
9955 29 12 71 0
9956 30 1 71 0
9957 36 8 71 0
9958 37 1 71 0
9959 43 7 71 0
9960 44 2 71 0
9961 50 2 71 0
9962 51 7 71 0
9963 57 1 71 0
9964 58 8 71 0
10088 11 4 72 0
10089 12 3 72 0
10090 19 2 72 0
10091 20 6 72 0
10092 27 1 72 0
10093 28 7 72 0
10094 35 3 72 0
10095 36 6 72 0
10096 43 5 72 0
10097 44 4 72 0
10098 51 6 72 0
10099 52 1 72 0
10228 4 4 73 0
10229 12 9 73 0
10230 19 3 73 0
10231 20 6 73 0
10232 27 9 73 0
10233 28 7 73 0
10234 29 10 73 0
10235 30 2 73 0
10236 34 5 73 0
10237 35 10 73 0
10238 36 5 73 0
10239 37 8 73 0
10240 38 1 73 0
10241 42 6 73 0
10242 43 13 73 0
10243 44 12 73 0
10244 45 4 73 0
10245 51 5 73 0
10246 52 2 73 0
10368 10 3 74 0
10369 11 9 74 0
10370 12 4 74 0
10371 18 6 74 0
10372 19 8 74 0
10373 20 11 74 0
10374 27 9 74 0
10375 28 11 74 0
10376 35 2 74 0
10377 36 9 74 0
10378 37 5 74 0
10379 42 1 74 0
10380 43 1 74 0
10381 44 6 74 0
10382 45 7 74 0
10383 50 2 74 0
10384 51 11 74 0
10385 52 11 74 0
10386 59 3 74 0
10387 60 1 74 0
10508 12 8 75 0
10509 13 6 75 0
10510 19 5 75 0
10511 20 15 75 0
10512 21 14 75 0
10513 22 1 75 0
10514 26 1 75 0
10515 27 10 75 0
10516 28 7 75 0
10517 29 14 75 0
10518 30 1 75 0
10519 34 11 75 0
10520 35 3 75 0
10521 37 11 75 0
10522 38 2 75 0
10523 41 2 75 0
10524 42 11 75 0
10525 44 5 75 0
10526 45 10 75 0
10527 50 12 75 0
10528 51 12 75 0
10529 52 10 75 0
10530 59 2 75 0
10648 10 4 76 0
10649 11 9 76 0
10650 12 10 76 0
10651 17 7 76 0
10652 18 9 76 0
10653 19 3 76 0
10654 20 9 76 0
10655 21 4 76 0
10656 27 2 76 0
10657 28 11 76 0
10658 35 9 76 0
10659 36 1 76 0
10660 42 3 76 0
10661 43 9 76 0
10662 44 1 76 0
10663 46 2 76 0
10664 47 1 76 0
10665 51 8 76 0
10666 52 11 76 0
10667 53 9 76 0
10668 54 6 76 0
10669 55 1 76 0
10788 12 3 77 0
10789 13 7 77 0
10790 20 11 77 0
10791 21 5 77 0
10792 27 2 77 0
10793 28 11 77 0
10794 35 9 77 0
10795 36 4 77 0
10796 43 12 77 0
10797 50 3 77 0
10798 51 8 77 0
10799 58 1 77 0
10800 59 2 77 0
10928 12 9 78 0
10929 13 3 78 0
10930 20 9 78 0
10931 21 6 78 0
10932 28 13 78 0
10933 29 3 78 0
10934 35 5 78 0
10935 36 11 78 0
10936 43 13 78 0
10937 44 3 78 0
10938 50 4 78 0
10939 51 10 78 0
11068 19 2 79 0
11069 20 9 79 0
11070 21 14 79 0
11071 22 2 79 0
11072 25 1 79 0
11073 26 8 79 0
11074 27 10 79 0
11075 28 10 79 0
11076 29 11 79 0
11077 35 2 79 0
11078 36 9 79 0
11079 43 9 79 0
11080 44 2 79 0
11081 50 6 79 0
11082 51 7 79 0
11083 58 8 79 0
11208 11 9 80 0
11209 12 10 80 0
11210 13 2 80 0
11211 18 2 80 0
11212 19 9 80 0
11213 20 1 80 0
11214 21 7 80 0
11215 27 9 80 0
11216 28 8 80 0
11217 29 12 80 0
11218 34 6 80 0
11219 35 1 80 0
11220 37 8 80 0
11221 42 6 80 0
11222 43 5 80 0
11223 44 1 80 0
11224 45 11 80 0
11225 50 1 80 0
11226 51 10 80 0
11227 52 11 80 0
11228 53 3 80 0
11348 11 1 81 0
11349 12 10 81 0
11350 13 10 81 0
11351 14 1 81 0
11352 19 10 81 0
11353 20 13 81 0
11354 21 11 81 0
11355 22 1 81 0
11356 26 2 81 0
11357 27 14 81 0
11358 28 2 81 0
11359 29 13 81 0
11360 30 1 81 0
11361 34 9 81 0
11362 35 5 81 0
11363 36 1 81 0
11364 37 12 81 0
11365 41 1 81 0
11366 42 12 81 0
11367 43 1 81 0
11368 44 8 81 0
11369 45 6 81 0
11370 50 12 81 0
11371 51 15 81 0
11372 52 11 81 0
11373 59 3 81 0
11374 60 1 81 0
11488 3 2 82 0
11489 4 1 82 0
11490 10 4 82 0
11491 11 14 82 0
11492 12 13 82 0
11493 13 2 82 0
11494 18 3 82 0
11495 19 8 82 0
11496 20 4 82 0
11497 21 10 82 0
11498 29 11 82 0
11499 30 1 82 0
11500 34 8 82 0
11501 35 12 82 0
11502 36 12 82 0
11503 37 13 82 0
11504 38 3 82 0
11505 41 2 82 0
11506 42 15 82 0
11507 43 8 82 0
11508 44 10 82 0
11509 45 13 82 0
11510 46 7 82 0
11511 50 9 82 0
11512 51 10 82 0
11513 52 10 82 0
11514 53 2 82 0
11628 4 3 83 0
11629 12 9 83 0
11630 19 7 83 0
11631 20 3 83 0
11632 26 1 83 0
11633 27 8 83 0
11634 28 7 83 0
11635 29 9 83 0
11636 30 5 83 0
11637 34 9 83 0
11638 35 3 83 0
11639 36 7 83 0
11640 37 4 83 0
11641 38 5 83 0
11642 42 11 83 0
11643 43 8 83 0
11644 44 12 83 0
11645 45 6 83 0
11646 50 2 83 0
11647 51 5 83 0
11648 52 1 83 0
11768 17 10 84 0
11769 18 10 84 0
11770 19 8 84 0
11771 20 9 84 0
11772 21 8 84 0
11773 28 1 84 0
11774 29 10 84 0
11775 36 7 84 0
11776 37 3 84 0
11777 44 9 84 0
11778 51 2 84 0
11779 52 7 84 0
11780 59 3 84 0
11781 60 5 84 0
11908 11 3 85 0
11909 12 9 85 0
11910 13 3 85 0
11911 14 3 85 0
11912 19 7 85 0
11913 20 2 85 0
11914 21 14 85 0
11915 22 4 85 0
11916 27 7 85 0
11917 28 11 85 0
11918 29 5 85 0
11919 34 1 85 0
11920 35 6 85 0
11921 36 8 85 0
11922 42 7 85 0
11923 43 2 85 0
11924 44 6 85 0
11925 50 11 85 0
11926 51 6 85 0
11927 52 5 85 0
11928 58 3 85 0
11929 59 2 85 0
12048 9 1 86 0
12049 10 5 86 0
12050 11 4 86 0
12051 16 2 86 0
12052 17 8 86 0
12053 18 5 86 0
12054 19 9 86 0
12055 20 5 86 0
12056 27 9 86 0
12057 28 9 86 0
12058 29 1 86 0
12059 36 2 86 0
12060 37 10 86 0
12061 38 2 86 0
12062 45 3 86 0
12063 46 8 86 0
12064 51 3 86 0
12065 52 2 86 0
12066 53 6 86 0
12067 54 6 86 0
12068 59 1 86 0
12069 60 4 86 0
12070 61 4 86 0
12188 18 1 87 0
12189 19 9 87 0
12190 20 13 87 0
12191 21 13 87 0
12192 22 3 87 0
12193 26 7 87 0
12194 27 7 87 0
12195 28 5 87 0
12196 29 11 87 0
12197 30 1 87 0
12198 34 7 87 0
12199 35 10 87 0
12200 36 12 87 0
12201 37 2 87 0
12202 43 3 87 0
12203 44 7 87 0
12204 51 9 87 0
12205 52 1 87 0
12206 58 4 87 0
12207 59 4 87 0
12328 10 1 88 0
12329 11 11 88 0
12330 12 10 88 0
12331 13 1 88 0
12332 18 9 88 0
12333 19 9 88 0
12334 20 9 88 0
12335 21 11 88 0
12336 25 1 88 0
12337 26 13 88 0
12338 27 1 88 0
12339 29 6 88 0
12340 30 8 88 0
12341 33 2 88 0
12342 34 12 88 0
12343 37 2 88 0
12344 38 10 88 0
12345 42 13 88 0
12346 45 10 88 0
12347 46 4 88 0
12348 50 8 88 0
12349 51 10 88 0
12350 52 11 88 0
12351 53 6 88 0
12468 14 5 89 0
12469 19 7 89 0
12470 21 4 89 0
12471 22 12 89 0
12472 26 6 89 0
12473 27 7 89 0
12474 28 1 89 0
12475 29 12 89 0
12476 30 2 89 0
12477 33 5 89 0
12478 34 11 89 0
12479 35 8 89 0
12480 36 11 89 0
12481 37 5 89 0
12482 43 4 89 0
12483 44 5 89 0
12484 50 1 89 0
12485 51 8 89 0
12486 58 2 89 0
12487 59 2 89 0
12608 4 1 90 0
12609 5 5 90 0
12610 11 1 90 0
12611 12 11 90 0
12612 13 4 90 0
12613 19 11 90 0
12614 20 2 90 0
12615 26 7 90 0
12616 27 7 90 0
12617 28 1 90 0
12618 29 5 90 0
12619 30 1 90 0
12620 34 12 90 0
12621 35 9 90 0
12622 36 6 90 0
12623 37 11 90 0
12624 38 4 90 0
12625 42 6 90 0
12626 43 14 90 0
12627 44 12 90 0
12628 45 7 90 0
12629 51 3 90 0
12630 52 3 90 0
12748 19 3 91 0
12749 20 9 91 0
12750 21 8 91 0
12751 22 2 91 0
12752 25 6 91 0
12753 26 10 91 0
12754 27 11 91 0
12755 28 8 91 0
12756 29 15 91 0
12757 30 3 91 0
12758 33 1 91 0
12759 36 7 91 0
12760 37 6 91 0
12761 43 4 91 0
12762 44 7 91 0
12763 50 1 91 0
12764 51 10 91 0
12765 57 3 91 0
12766 58 6 91 0
12767 59 1 91 0
12888 13 4 92 0
12889 18 3 92 0
12890 19 3 92 0
12891 20 1 92 0
12892 21 7 92 0
12893 26 5 92 0
12894 27 2 92 0
12895 28 2 92 0
12896 29 6 92 0
12897 34 6 92 0
12898 35 7 92 0
12899 36 8 92 0
12900 37 4 92 0
12901 44 4 92 0
12902 45 3 92 0
12903 52 4 92 0
12904 53 3 92 0
12905 60 1 92 0
12906 61 1 92 0
13028 4 2 93 0
13029 5 1 93 0
13030 11 1 93 0
13031 12 12 93 0
13032 13 1 93 0
13033 19 7 93 0
13034 20 4 93 0
13035 26 1 93 0
13036 27 10 93 0
13037 28 8 93 0
13038 29 9 93 0
13039 34 7 93 0
13040 35 8 93 0
13041 36 6 93 0
13042 37 9 93 0
13043 38 1 93 0
13044 42 8 93 0
13045 43 7 93 0
13046 44 11 93 0
13047 45 4 93 0
13048 50 3 93 0
13049 51 10 93 0
13050 52 4 93 0
13168 11 1 94 0
13169 12 8 94 0
13170 13 5 94 0
13171 18 2 94 0
13172 19 10 94 0
13173 20 3 94 0
13174 21 11 94 0
13175 22 1 94 0
13176 26 2 94 0
13177 27 11 94 0
13178 28 5 94 0
13179 29 8 94 0
13180 35 6 94 0
13181 36 10 94 0
13182 42 2 94 0
13183 43 10 94 0
13184 44 9 94 0
13185 50 8 94 0
13186 51 10 94 0
13187 52 5 94 0
13188 58 1 94 0
13189 59 3 94 0
13308 11 3 95 0
13309 12 14 95 0
13310 13 4 95 0
13311 19 12 95 0
13312 20 12 95 0
13313 21 13 95 0
13314 26 5 95 0
13315 27 12 95 0
13316 28 3 95 0
13317 29 14 95 0
13318 34 12 95 0
13319 35 4 95 0
13320 37 12 95 0
13321 42 14 95 0
13322 43 4 95 0
13323 44 9 95 0
13324 45 6 95 0
13325 50 12 95 0
13326 51 15 95 0
13327 52 10 95 0
13448 18 2 96 0
13449 19 7 96 0
13450 20 13 96 0
13451 21 9 96 0
13452 26 3 96 0
13453 27 3 96 0
13454 28 7 96 0
13455 29 3 96 0
13456 36 9 96 0
13457 43 3 96 0
13458 44 7 96 0
13459 51 6 96 0
13460 52 3 96 0
13461 59 6 96 0
13462 60 2 96 0
13588 11 2 97 0
13589 12 5 97 0
13590 13 3 97 0
13591 14 4 97 0
13592 19 10 97 0
13593 20 7 97 0
13594 21 10 97 0
13595 22 6 97 0
13596 27 9 97 0
13597 28 6 97 0
13598 29 9 97 0
13599 35 9 97 0
13600 36 10 97 0
13601 42 7 97 0
13602 43 5 97 0
13603 44 9 97 0
13604 50 12 97 0
13605 51 9 97 0
13606 52 5 97 0
13607 58 2 97 0
13608 59 2 97 0
13728 11 8 98 0
13729 12 6 98 0
13730 18 5 98 0
13731 19 5 98 0
13732 20 9 98 0
13733 27 6 98 0
13734 28 10 98 0
13735 35 2 98 0
13736 36 5 98 0
13737 37 6 98 0
13738 44 4 98 0
13739 45 7 98 0
13740 51 9 98 0
13741 52 11 98 0
13742 53 1 98 0
13743 59 4 98 0
13744 60 1 98 0
13868 12 4 99 0
13869 13 3 99 0
13870 20 8 99 0
13871 21 4 99 0
13872 28 10 99 0
13873 35 3 99 0
13874 36 7 99 0
13875 43 8 99 0
13876 44 1 99 0
13877 50 2 99 0
13878 51 7 99 0
13879 58 1 99 0
14008 12 2 100 0
14009 13 5 100 0
14010 14 1 100 0
14011 19 9 100 0
14012 20 11 100 0
14013 21 5 100 0
14014 27 11 100 0
14015 35 9 100 0
14016 36 2 100 0
14017 43 4 100 0
14018 44 11 100 0
14019 45 3 100 0
14020 52 4 100 0
14021 53 5 100 0
14022 60 3 100 0
14023 61 1 100 0
14148 20 5 101 0
14149 21 9 101 0
14150 22 6 101 0
14151 25 6 101 0
14152 26 10 101 0
14153 27 9 101 0
14154 28 6 101 0
14155 29 13 101 0
14156 30 4 101 0
14157 32 1 101 0
14158 33 3 101 0
14159 34 1 101 0
14160 36 5 101 0
14161 37 6 101 0
14162 43 1 101 0
14163 44 9 101 0
14164 51 6 101 0
14165 52 4 101 0
14166 59 5 101 0
14167 60 1 101 0
14288 11 3 102 0
14289 12 4 102 0
14290 19 4 102 0
14291 20 5 102 0
14292 27 4 102 0
14293 28 5 102 0
14294 35 5 102 0
14295 36 4 102 0
14296 43 5 102 0
14297 44 4 102 0
14298 51 3 102 0
14299 52 5 102 0
14428 18 2 103 0
14429 19 7 103 0
14430 20 10 103 0
14431 21 13 103 0
14432 25 1 103 0
14433 26 8 103 0
14434 27 5 103 0
14435 28 2 103 0
14436 29 11 103 0
14437 36 7 103 0
14438 37 2 103 0
14439 43 2 103 0
14440 44 6 103 0
14441 51 8 103 0
14442 52 1 103 0
14443 59 6 103 0
14568 11 6 104 0
14569 19 7 104 0
14570 20 1 104 0
14571 27 6 104 0
14572 28 3 104 0
14573 35 2 104 0
14574 36 7 104 0
14575 43 1 104 0
14576 44 10 104 0
14577 52 8 104 0
14708 12 6 105 0
14709 13 10 105 0
14710 20 12 105 0
14711 21 3 105 0
14712 27 3 105 0
14713 28 11 105 0
14714 35 10 105 0
14715 36 5 105 0
14716 43 13 105 0
14717 44 1 105 0
14718 50 1 105 0
14719 51 12 105 0
14848 4 2 106 0
14849 11 3 106 0
14850 12 12 106 0
14851 13 2 106 0
14852 19 10 106 0
14853 20 1 106 0
14854 26 6 106 0
14855 27 6 106 0
14856 28 2 106 0
14857 34 7 106 0
14858 35 10 106 0
14859 36 7 106 0
14860 37 11 106 0
14861 42 5 106 0
14862 43 8 106 0
14863 44 8 106 0
14864 45 12 106 0
14865 51 5 106 0
14866 52 8 106 0
14867 53 1 106 0
14988 11 7 107 0
14989 12 15 107 0
14990 13 11 107 0
14991 19 5 107 0
14992 20 3 107 0
14993 21 14 107 0
14994 22 1 107 0
14995 27 2 107 0
14996 28 11 107 0
14997 29 9 107 0
14998 35 8 107 0
14999 36 6 107 0
15000 37 8 107 0
15001 41 1 107 0
15002 43 2 107 0
15003 44 9 107 0
15004 45 5 107 0
15005 49 13 107 0
15006 50 12 107 0
15007 51 11 107 0
15008 52 7 107 0
15128 10 6 108 0
15129 11 9 108 0
15130 12 3 108 0
15131 13 1 108 0
15132 17 5 108 0
15133 18 8 108 0
15134 19 4 108 0
15135 20 6 108 0
15136 21 10 108 0
15137 22 4 108 0
15138 25 9 108 0
15139 26 2 108 0
15140 30 10 108 0
15141 31 1 108 0
15142 33 6 108 0
15143 34 6 108 0
15144 38 6 108 0
15145 39 3 108 0
15146 42 9 108 0
15147 43 7 108 0
15148 44 1 108 0
15149 45 3 108 0
15150 46 11 108 0
15151 47 1 108 0
15152 51 6 108 0
15153 52 10 108 0
15154 53 8 108 0
15155 54 2 108 0
15268 11 3 109 0
15269 18 8 109 0
15270 19 10 109 0
15271 20 5 109 0
15272 26 1 109 0
15273 27 8 109 0
15274 28 4 109 0
15275 34 10 109 0
15276 35 6 109 0
15277 36 6 109 0
15278 37 7 109 0
15279 38 8 109 0
15280 39 5 109 0
15281 42 1 109 0
15282 43 7 109 0
15283 44 6 109 0
15284 45 1 109 0
15408 11 1 110 0
15409 12 3 110 0
15410 18 1 110 0
15411 19 10 110 0
15412 20 10 110 0
15413 21 6 110 0
15414 26 10 110 0
15415 27 3 110 0
15416 28 11 110 0
15417 29 7 110 0
15418 34 11 110 0
15419 35 9 110 0
15420 36 6 110 0
15421 37 5 110 0
15422 44 3 110 0
15423 45 7 110 0
15424 52 1 110 0
15425 53 10 110 0
15426 61 5 110 0
15548 9 1 111 0
15549 10 1 111 0
15550 11 4 111 0
15551 12 5 111 0
15552 13 5 111 0
15553 14 1 111 0
15554 17 8 111 0
15555 18 14 111 0
15556 19 12 111 0
15557 20 11 111 0
15558 21 13 111 0
15559 22 9 111 0
15560 26 3 111 0
15561 27 4 111 0
15562 28 6 111 0
15563 29 13 111 0
15564 30 7 111 0
15565 34 7 111 0
15566 35 9 111 0
15567 36 11 111 0
15568 37 8 111 0
15569 41 1 111 0
15570 45 14 111 0
15571 48 2 111 0
15572 49 15 111 0
15573 50 11 111 0
15574 51 8 111 0
15575 52 12 111 0
15576 53 8 111 0
15577 57 2 111 0
15578 58 5 111 0
15579 59 5 111 0
15580 60 2 111 0
15688 12 6 112 0
15689 20 9 112 0
15690 27 2 112 0
15691 28 9 112 0
15692 35 2 112 0
15693 36 8 112 0
15694 43 3 112 0
15695 44 6 112 0
15696 51 2 112 0
15697 52 4 112 0
15828 12 7 113 0
15829 13 8 113 0
15830 20 11 113 0
15831 21 4 113 0
15832 27 3 113 0
15833 28 13 113 0
15834 35 9 113 0
15835 36 8 113 0
15836 42 6 113 0
15837 43 12 113 0
15838 50 12 113 0
15839 51 4 113 0
15968 12 3 114 0
15969 18 4 114 0
15970 19 12 114 0
15971 20 14 114 0
15972 21 11 114 0
15973 22 5 114 0
15974 25 6 114 0
15975 26 14 114 0
15976 27 9 114 0
15977 28 2 114 0
15978 29 2 114 0
15979 30 13 114 0
15980 31 3 114 0
15981 33 9 114 0
15982 34 9 114 0
15983 37 3 114 0
15984 38 13 114 0
15985 39 1 114 0
15986 41 8 114 0
15987 42 9 114 0
15988 43 2 114 0
15989 44 6 114 0
15990 45 13 114 0
15991 46 3 114 0
15992 49 1 114 0
15993 50 8 114 0
15994 51 13 114 0
15995 52 10 114 0
15996 53 2 114 0
16108 13 1 115 0
16109 14 6 115 0
16110 19 4 115 0
16111 21 9 115 0
16112 22 3 115 0
16113 26 6 115 0
16114 27 7 115 0
16115 28 1 115 0
16116 29 10 115 0
16117 33 1 115 0
16118 34 8 115 0
16119 35 9 115 0
16120 36 12 115 0
16121 37 4 115 0
16122 43 2 115 0
16123 44 7 115 0
16124 51 7 115 0
16125 52 1 115 0
16126 59 1 115 0
16248 19 8 116 0
16249 20 13 116 0
16250 21 6 116 0
16251 26 10 116 0
16252 27 6 116 0
16253 28 6 116 0
16254 29 9 116 0
16255 34 7 116 0
16256 35 10 116 0
16257 36 11 116 0
16258 37 6 116 0
16259 44 10 116 0
16260 45 1 116 0
16261 52 9 116 0
16262 60 4 116 0
16388 10 2 117 0
16389 11 6 117 0
16390 12 6 117 0
16391 13 6 117 0
16392 17 3 117 0
16393 18 14 117 0
16394 19 10 117 0
16395 20 11 117 0
16396 21 14 117 0
16397 22 2 117 0
16398 25 1 117 0
16399 26 1 117 0
16400 27 4 117 0
16401 28 12 117 0
16402 29 6 117 0
16403 33 2 117 0
16404 34 10 117 0
16405 35 9 117 0
16406 36 1 117 0
16407 37 1 117 0
16408 38 4 117 0
16409 39 1 117 0
16410 41 9 117 0
16411 42 13 117 0
16412 43 10 117 0
16413 44 14 117 0
16414 45 14 117 0
16415 46 9 117 0
16416 47 1 117 0
16417 50 3 117 0
16418 51 5 117 0
16419 52 2 117 0
16528 12 10 118 0
16529 13 7 118 0
16530 19 10 118 0
16531 20 4 118 0
16532 21 7 118 0
16533 22 1 118 0
16534 26 6 118 0
16535 27 7 118 0
16536 29 3 118 0
16537 30 6 118 0
16538 34 10 118 0
16539 37 5 118 0
16540 38 5 118 0
16541 42 9 118 0
16542 43 1 118 0
16543 44 1 118 0
16544 45 10 118 0
16545 50 2 118 0
16546 51 11 118 0
16547 52 10 118 0
16548 53 2 118 0
16668 12 8 119 0
16669 13 12 119 0
16670 14 5 119 0
16671 19 6 119 0
16672 20 15 119 0
16673 21 15 119 0
16674 22 10 119 0
16675 26 8 119 0
16676 27 11 119 0
16677 28 5 119 0
16678 29 5 119 0
16679 30 11 119 0
16680 33 7 119 0
16681 34 11 119 0
16682 36 1 119 0
16683 37 10 119 0
16684 38 7 119 0
16685 41 10 119 0
16686 42 11 119 0
16687 43 4 119 0
16688 44 11 119 0
16689 45 7 119 0
16690 49 3 119 0
16691 50 14 119 0
16692 51 15 119 0
16693 52 5 119 0
16808 9 1 120 0
16809 10 4 120 0
16810 11 7 120 0
16811 12 3 120 0
16812 17 14 120 0
16813 18 15 120 0
16814 19 14 120 0
16815 20 15 120 0
16816 21 7 120 0
16817 25 4 120 0
16818 26 1 120 0
16819 28 3 120 0
16820 29 13 120 0
16821 35 1 120 0
16822 36 7 120 0
16823 37 14 120 0
16824 38 5 120 0
16825 43 11 120 0
16826 44 15 120 0
16827 45 12 120 0
16828 46 11 120 0
16829 50 1 120 0
16830 51 15 120 0
16831 52 12 120 0
16832 59 3 120 0
16948 10 1 121 0
16949 11 9 121 0
16950 12 15 121 0
16951 13 11 121 0
16952 14 3 121 0
16953 15 1 121 0
16954 18 10 121 0
16955 19 13 121 0
16956 20 6 121 0
16957 21 7 121 0
16958 22 7 121 0
16959 23 4 121 0
16960 25 7 121 0
16961 26 12 121 0
16962 27 1 121 0
16963 30 9 121 0
16964 31 4 121 0
16965 33 10 121 0
16966 34 10 121 0
16967 37 1 121 0
16968 38 13 121 0
16969 39 1 121 0
16970 41 4 121 0
16971 42 15 121 0
16972 43 7 121 0
16973 44 3 121 0
16974 45 12 121 0
16975 46 8 121 0
16976 50 10 121 0
16977 51 15 121 0
16978 52 13 121 0
16979 53 6 121 0
16980 54 1 121 0
17088 3 5 122 0
17089 4 3 122 0
17090 11 1 122 0
17091 12 8 122 0
17092 13 1 122 0
17093 20 4 122 0
17094 21 5 122 0
17095 28 9 122 0
17096 29 3 122 0
17097 35 7 122 0
17098 36 9 122 0
17099 41 3 122 0
17100 42 13 122 0
17101 43 14 122 0
17102 44 9 122 0
17103 45 11 122 0
17104 46 1 122 0
17105 49 1 122 0
17106 50 3 122 0
17107 52 4 122 0
17108 53 3 122 0
17228 18 2 123 0
17229 19 7 123 0
17230 20 9 123 0
17231 21 10 123 0
17232 22 3 123 0
17233 25 4 123 0
17234 26 9 123 0
17235 27 6 123 0
17236 28 4 123 0
17237 29 13 123 0
17238 30 3 123 0
17239 36 9 123 0
17240 37 4 123 0
17241 43 7 123 0
17242 44 5 123 0
17243 50 5 123 0
17244 51 8 123 0
17245 57 1 123 0
17246 58 11 123 0
17368 12 4 124 0
17369 20 7 124 0
17370 27 1 124 0
17371 28 7 124 0
17372 35 4 124 0
17373 36 3 124 0
17374 43 5 124 0
17375 44 2 124 0
17376 51 7 124 0
17377 59 2 124 0
17508 11 2 125 0
17509 12 7 125 0
17510 13 11 125 0
17511 14 1 125 0
17512 19 9 125 0
17513 20 9 125 0
17514 21 4 125 0
17515 22 2 125 0
17516 27 9 125 0
17517 28 7 125 0
17518 35 9 125 0
17519 36 10 125 0
17520 42 4 125 0
17521 43 6 125 0
17522 44 9 125 0
17523 50 8 125 0
17524 51 12 125 0
17525 52 5 125 0
17648 4 1 126 0
17649 5 3 126 0
17650 11 3 126 0
17651 12 11 126 0
17652 13 7 126 0
17653 19 12 126 0
17654 20 1 126 0
17655 26 4 126 0
17656 27 8 126 0
17657 34 6 126 0
17658 35 12 126 0
17659 36 10 126 0
17660 37 8 126 0
17661 42 1 126 0
17662 43 11 126 0
17663 44 2 126 0
17664 45 13 126 0
17665 46 2 126 0
17666 51 3 126 0
17667 52 10 126 0
17668 53 6 126 0
17788 14 4 127 0
17789 15 4 127 0
17790 19 1 127 0
17791 20 1 127 0
17792 21 3 127 0
17793 22 10 127 0
17794 27 8 127 0
17795 28 5 127 0
17796 29 10 127 0
17797 30 1 127 0
17798 33 2 127 0
17799 34 13 127 0
17800 35 7 127 0
17801 36 11 127 0
17802 37 3 127 0
17803 42 2 127 0
17804 43 10 127 0
17805 44 5 127 0
17806 45 1 127 0
17807 50 2 127 0
17808 51 7 127 0
17809 59 1 127 0
17928 12 11 128 0
17929 19 1 128 0
17930 20 12 128 0
17931 27 4 128 0
17932 28 11 128 0
17933 35 7 128 0
17934 36 9 128 0
17935 43 7 128 0
17936 44 10 128 0
17937 51 5 128 0
17938 52 10 128 0
18068 5 3 129 0
18069 12 9 129 0
18070 13 9 129 0
18071 19 4 129 0
18072 20 11 129 0
18073 26 1 129 0
18074 27 13 129 0
18075 28 9 129 0
18076 29 4 129 0
18077 34 5 129 0
18078 35 15 129 0
18079 36 6 129 0
18080 37 8 129 0
18081 42 9 129 0
18082 43 12 129 0
18083 44 11 129 0
18084 50 2 129 0
18085 51 8 129 0
18086 52 5 129 0
18208 10 4 130 0
18209 11 5 130 0
18210 12 1 130 0
18211 18 3 130 0
18212 19 8 130 0
18213 20 12 130 0
18214 21 4 130 0
18215 27 4 130 0
18216 28 10 130 0
18217 29 2 130 0
18218 35 2 130 0
18219 36 10 130 0
18220 37 2 130 0
18221 44 5 130 0
18222 45 9 130 0
18223 50 6 130 0
18224 51 12 130 0
18225 52 9 130 0
18226 53 1 130 0
18227 58 1 130 0
18348 13 1 131 0
18349 14 3 131 0
18350 19 5 131 0
18351 20 4 131 0
18352 21 10 131 0
18353 22 6 131 0
18354 26 5 131 0
18355 27 10 131 0
18356 28 5 131 0
18357 29 8 131 0
18358 33 1 131 0
18359 34 9 131 0
18360 35 10 131 0
18361 36 13 131 0
18362 37 9 131 0
18363 38 3 131 0
18364 43 7 131 0
18365 44 3 131 0
18366 50 2 131 0
18367 51 8 131 0
18368 58 4 131 0
18369 59 1 131 0
18488 11 5 132 0
18489 12 9 132 0
18490 19 6 132 0
18491 20 6 132 0
18492 27 3 132 0
18493 28 9 132 0
18494 36 11 132 0
18495 43 2 132 0
18496 44 11 132 0
18497 50 3 132 0
18498 51 13 132 0
18499 52 5 132 0
18628 19 4 133 0
18629 20 13 133 0
18630 21 4 133 0
18631 27 10 133 0
18632 28 10 133 0
18633 29 5 133 0
18634 35 2 133 0
18635 36 9 133 0
18636 43 1 133 0
18637 44 8 133 0
18638 51 5 133 0
18639 52 4 133 0
18640 59 6 133 0
18768 9 2 134 0
18769 10 13 134 0
18770 11 2 134 0
18771 18 11 134 0
18772 19 11 134 0
18773 26 1 134 0
18774 27 12 134 0
18775 28 7 134 0
18776 35 2 134 0
18777 36 14 134 0
18778 37 3 134 0
18779 44 8 134 0
18780 45 12 134 0
18781 46 1 134 0
18782 52 3 134 0
18783 53 14 134 0
18784 54 3 134 0
18908 10 1 135 0
18909 11 8 135 0
18910 12 13 135 0
18911 13 12 135 0
18912 14 1 135 0
18913 18 3 135 0
18914 19 7 135 0
18915 20 4 135 0
18916 21 14 135 0
18917 22 2 135 0
18918 27 5 135 0
18919 28 11 135 0
18920 29 4 135 0
18921 35 5 135 0
18922 36 12 135 0
18923 37 1 135 0
18924 40 1 135 0
18925 41 3 135 0
18926 43 1 135 0
18927 44 13 135 0
18928 45 1 135 0
18929 48 3 135 0
18930 49 13 135 0
18931 50 13 135 0
18932 51 12 135 0
18933 52 4 135 0
19048 10 2 136 0
19049 11 8 136 0
19050 12 5 136 0
19051 18 8 136 0
19052 19 2 136 0
19053 20 8 136 0
19054 27 3 136 0
19055 28 7 136 0
19056 35 6 136 0
19057 36 7 136 0
19058 37 8 136 0
19059 45 8 136 0
19060 51 7 136 0
19061 52 9 136 0
19062 53 6 136 0
19063 59 1 136 0
19064 60 2 136 0
19188 11 2 137 0
19189 12 8 137 0
19190 13 3 137 0
19191 19 8 137 0
19192 20 9 137 0
19193 21 14 137 0
19194 27 6 137 0
19195 28 12 137 0
19196 29 5 137 0
19197 35 6 137 0
19198 36 10 137 0
19199 42 1 137 0
19200 43 14 137 0
19201 44 5 137 0
19202 50 6 137 0
19203 51 13 137 0
19204 52 1 137 0
19205 58 1 137 0
19206 59 2 137 0
19328 11 1 138 0
19329 12 9 138 0
19330 13 13 138 0
19331 19 11 138 0
19332 20 6 138 0
19333 27 5 138 0
19334 28 10 138 0
19335 29 1 138 0
19336 33 1 138 0
19337 34 6 138 0
19338 35 2 138 0
19339 36 3 138 0
19340 37 12 138 0
19341 38 1 138 0
19342 41 2 138 0
19343 42 13 138 0
19344 43 4 138 0
19345 44 2 138 0
19346 45 12 138 0
19347 46 2 138 0
19348 50 2 138 0
19349 51 11 138 0
19350 52 11 138 0
19351 53 3 138 0
19468 13 4 139 0
19469 14 4 139 0
19470 19 2 139 0
19471 21 12 139 0
19472 26 2 139 0
19473 27 11 139 0
19474 28 6 139 0
19475 29 4 139 0
19476 34 8 139 0
19477 35 10 139 0
19478 36 12 139 0
19479 37 11 139 0
19480 38 1 139 0
19481 43 7 139 0
19482 44 7 139 0
19483 51 7 139 0
19484 59 1 139 0
19608 10 4 140 0
19609 11 7 140 0
19610 12 2 140 0
19611 19 1 140 0
19612 20 10 140 0
19613 28 7 140 0
19614 29 1 140 0
19615 36 8 140 0
19616 43 3 140 0
19617 44 5 140 0
19618 50 1 140 0
19619 51 10 140 0
19620 58 3 140 0
19621 59 1 140 0
19748 19 1 141 0
19749 20 7 141 0
19750 21 13 141 0
19751 22 4 141 0
19752 26 6 141 0
19753 27 11 141 0
19754 28 12 141 0
19755 29 10 141 0
19756 35 3 141 0
19757 36 9 141 0
19758 42 1 141 0
19759 43 10 141 0
19760 50 8 141 0
19761 51 4 141 0
19762 57 3 141 0
19763 58 5 141 0
19888 11 4 142 0
19889 18 2 142 0
19890 19 6 142 0
19891 21 6 142 0
19892 26 6 142 0
19893 27 4 142 0
19894 28 3 142 0
19895 29 5 142 0
19896 34 1 142 0
19897 35 8 142 0
19898 36 11 142 0
19899 37 5 142 0
19900 38 4 142 0
19901 43 1 142 0
19902 44 7 142 0
19903 45 1 142 0
19904 51 4 142 0
19905 52 3 142 0
19906 59 1 142 0
20028 17 2 143 0
20029 18 7 143 0
20030 19 11 143 0
20031 20 11 143 0
20032 21 6 143 0
20033 25 4 143 0
20034 26 5 143 0
20035 27 2 143 0
20036 28 10 143 0
20037 29 4 143 0
20038 34 1 143 0
20039 35 9 143 0
20040 36 2 143 0
20041 37 3 143 0
20042 38 5 143 0
20043 39 1 143 0
20044 42 9 143 0
20045 43 12 143 0
20046 44 9 143 0
20047 45 8 143 0
20048 46 3 143 0
20168 11 6 144 0
20169 12 7 144 0
20170 13 3 144 0
20171 18 7 144 0
20172 19 2 144 0
20173 21 6 144 0
20174 26 1 144 0
20175 27 6 144 0
20176 28 6 144 0
20177 29 2 144 0
20178 35 4 144 0
20179 36 6 144 0
20180 37 1 144 0
20181 43 5 144 0
20182 45 8 144 0
20183 51 6 144 0
20184 52 2 144 0
20185 53 8 144 0
20186 59 1 144 0
20187 60 3 144 0
20308 20 3 145 0
20309 21 8 145 0
20310 22 10 145 0
20311 23 4 145 0
20312 26 6 145 0
20313 27 5 145 0
20314 28 5 145 0
20315 29 2 145 0
20316 34 3 145 0
20317 35 8 145 0
20318 36 5 145 0
20319 41 4 145 0
20320 42 8 145 0
20321 43 7 145 0
20322 44 6 145 0
20323 50 5 145 0
20324 51 4 145 0
20448 11 8 146 0
20449 12 13 146 0
20450 13 10 146 0
20451 19 8 146 0
20452 21 1 146 0
20453 22 5 146 0
20454 23 2 146 0
20455 27 4 146 0
20456 28 5 146 0
20457 29 9 146 0
20458 30 5 146 0
20459 35 8 146 0
20460 36 8 146 0
20461 42 11 146 0
20462 43 7 146 0
20463 44 7 146 0
20464 49 1 146 0
20465 50 14 146 0
20466 51 13 146 0
20467 52 3 146 0
20588 4 3 147 0
20589 11 3 147 0
20590 12 11 147 0
20591 19 9 147 0
20592 20 3 147 0
20593 27 10 147 0
20594 28 4 147 0
20595 29 7 147 0
20596 34 3 147 0
20597 35 13 147 0
20598 36 12 147 0
20599 37 10 147 0
20600 42 1 147 0
20601 43 14 147 0
20602 44 14 147 0
20603 45 2 147 0
20604 51 5 147 0
20605 52 2 147 0
20728 11 2 148 0
20729 12 7 148 0
20730 19 7 148 0
20731 20 4 148 0
20732 21 4 148 0
20733 27 4 148 0
20734 28 3 148 0
20735 29 4 148 0
20736 33 1 148 0
20737 34 5 148 0
20738 35 7 148 0
20739 36 11 148 0
20740 37 2 148 0
20741 42 1 148 0
20742 43 2 148 0
20743 44 6 148 0
20744 51 7 148 0
20745 52 1 148 0
20746 59 1 148 0
20868 10 5 149 0
20869 11 9 149 0
20870 12 10 149 0
20871 13 7 149 0
20872 17 8 149 0
20873 18 9 149 0
20874 19 5 149 0
20875 20 5 149 0
20876 21 14 149 0
20877 27 4 149 0
20878 28 13 149 0
20879 29 5 149 0
20880 34 5 149 0
20881 35 8 149 0
20882 36 5 149 0
20883 37 12 149 0
20884 44 1 149 0
20885 45 14 149 0
20886 50 8 149 0
20887 51 8 149 0
20888 52 11 149 0
20889 53 6 149 0
20890 58 1 149 0
20891 59 4 149 0
20892 60 2 149 0
21008 12 5 150 0
21009 19 3 150 0
21010 20 11 150 0
21011 26 5 150 0
21012 27 9 150 0
21013 28 10 150 0
21014 33 5 150 0
21015 34 12 150 0
21016 35 9 150 0
21017 36 12 150 0
21018 37 8 150 0
21019 38 7 150 0
21020 43 5 150 0
21021 44 7 150 0
21022 51 4 150 0
21023 52 4 150 0
21024 59 1 150 0
21025 60 1 150 0
21148 4 3 151 0
21149 5 5 151 0
21150 11 2 151 0
21151 12 11 151 0
21152 13 1 151 0
21153 19 8 151 0
21154 20 2 151 0
21155 26 2 151 0
21156 27 9 151 0
21157 28 1 151 0
21158 29 4 151 0
21159 34 8 151 0
21160 35 3 151 0
21161 36 10 151 0
21162 37 13 151 0
21163 38 2 151 0
21164 42 6 151 0
21165 43 10 151 0
21166 44 13 151 0
21167 45 4 151 0
21168 50 1 151 0
21169 51 5 151 0
21170 52 2 151 0
21288 12 9 152 0
21289 20 10 152 0
21290 28 8 152 0
21291 35 4 152 0
21292 36 5 152 0
21293 43 9 152 0
21294 44 2 152 0
21295 51 11 152 0
21296 52 4 152 0
21428 19 7 153 0
21429 20 8 153 0
21430 21 5 153 0
21431 26 1 153 0
21432 27 7 153 0
21433 28 8 153 0
21434 29 3 153 0
21435 35 5 153 0
21436 36 9 153 0
21437 43 4 153 0
21438 44 4 153 0
21439 51 7 153 0
21440 58 3 153 0
21441 59 1 153 0
21568 18 8 154 0
21569 19 8 154 0
21570 20 4 154 0
21571 21 5 154 0
21572 22 2 154 0
21573 25 4 154 0
21574 26 10 154 0
21575 27 5 154 0
21576 28 8 154 0
21577 29 11 154 0
21578 34 3 154 0
21579 35 2 154 0
21580 36 5 154 0
21581 37 4 154 0
21582 44 8 154 0
21583 52 8 154 0
21584 60 6 154 0
21708 4 1 155 0
21709 5 4 155 0
21710 12 11 155 0
21711 13 2 155 0
21712 19 5 155 0
21713 20 7 155 0
21714 26 1 155 0
21715 27 11 155 0
21716 28 4 155 0
21717 29 8 155 0
21718 30 1 155 0
21719 34 6 155 0
21720 35 7 155 0
21721 36 10 155 0
21722 37 8 155 0
21723 38 3 155 0
21724 42 8 155 0
21725 43 12 155 0
21726 44 13 155 0
21727 45 3 155 0
21728 50 1 155 0
21729 51 5 155 0
21730 52 3 155 0
21848 12 1 156 0
21849 13 1 156 0
21850 18 2 156 0
21851 19 11 156 0
21852 20 10 156 0
21853 21 9 156 0
21854 22 10 156 0
21855 23 1 156 0
21856 25 2 156 0
21857 26 11 156 0
21858 27 1 156 0
21859 30 9 156 0
21860 31 2 156 0
21861 33 9 156 0
21862 34 2 156 0
21863 37 4 156 0
21864 38 8 156 0
21865 41 9 156 0
21866 42 4 156 0
21867 43 1 156 0
21868 44 6 156 0
21869 45 9 156 0
21870 49 1 156 0
21871 50 8 156 0
21872 51 9 156 0
21873 52 4 156 0
21988 11 3 157 0
21989 12 12 157 0
21990 13 13 157 0
21991 14 4 157 0
21992 19 6 157 0
21993 20 2 157 0
21994 21 12 157 0
21995 22 4 157 0
21996 27 4 157 0
21997 28 10 157 0
21998 29 8 157 0
21999 34 1 157 0
22000 35 7 157 0
22001 36 9 157 0
22002 37 5 157 0
22003 41 3 157 0
22004 42 1 157 0
22005 43 3 157 0
22006 44 11 157 0
22007 45 3 157 0
22008 49 12 157 0
22009 50 14 157 0
22010 51 12 157 0
22011 52 4 157 0
22128 17 1 158 0
22129 18 9 158 0
22130 21 1 158 0
22131 25 1 158 0
22132 26 10 158 0
22133 27 5 158 0
22134 28 5 158 0
22135 29 10 158 0
22136 34 8 158 0
22137 37 8 158 0
22138 45 8 158 0
22139 53 9 158 0
22140 61 6 158 0
22268 11 2 159 0
22269 12 4 159 0
22270 13 2 159 0
22271 17 3 159 0
22272 18 9 159 0
22273 19 11 159 0
22274 20 8 159 0
22275 21 13 159 0
22276 22 4 159 0
22277 25 1 159 0
22278 26 2 159 0
22279 28 6 159 0
22280 29 10 159 0
22281 30 1 159 0
22282 34 3 159 0
22283 35 9 159 0
22284 36 5 159 0
22285 37 2 159 0
22286 38 4 159 0
22287 39 2 159 0
22288 41 2 159 0
22289 42 14 159 0
22290 43 13 159 0
22291 44 10 159 0
22292 45 9 159 0
22293 46 5 159 0
22294 47 1 159 0
22295 51 2 159 0
22408 11 2 160 0
22409 12 4 160 0
22410 18 1 160 0
22411 19 9 160 0
22412 20 1 160 0
22413 21 8 160 0
22414 26 5 160 0
22415 27 9 160 0
22416 28 11 160 0
22417 29 1 160 0
22418 35 1 160 0
22419 36 11 160 0
22420 37 3 160 0
22421 43 6 160 0
22422 44 6 160 0
22423 45 4 160 0
22424 51 5 160 0
22425 52 9 160 0
22548 11 3 161 0
22549 12 11 161 0
22550 13 10 161 0
22551 14 6 161 0
22552 18 2 161 0
22553 19 13 161 0
22554 20 7 161 0
22555 21 15 161 0
22556 22 7 161 0
22557 27 2 161 0
22558 28 10 161 0
22559 29 5 161 0
22560 34 5 161 0
22561 35 9 161 0
22562 36 1 161 0
22563 41 6 161 0
22564 42 13 161 0
22565 43 5 161 0
22566 44 6 161 0
22567 45 8 161 0
22568 46 11 161 0
22569 47 2 161 0
22570 49 7 161 0
22571 50 12 161 0
22572 51 11 161 0
22573 52 9 161 0
22574 53 5 161 0
22575 54 1 161 0
22688 11 3 162 0
22689 12 2 162 0
22690 18 2 162 0
22691 19 9 162 0
22692 20 9 162 0
22693 21 2 162 0
22694 26 8 162 0
22695 27 3 162 0
22696 28 7 162 0
22697 29 7 162 0
22698 34 3 162 0
22699 35 8 162 0
22700 36 11 162 0
22701 37 1 162 0
22702 44 9 162 0
22703 52 9 162 0
22704 60 5 162 0
22828 13 2 163 0
22829 14 6 163 0
22830 19 2 163 0
22831 20 3 163 0
22832 21 11 163 0
22833 22 1 163 0
22834 26 4 163 0
22835 27 9 163 0
22836 28 10 163 0
22837 29 2 163 0
22838 34 7 163 0
22839 35 12 163 0
22840 36 12 163 0
22841 37 8 163 0
22842 38 2 163 0
22843 43 9 163 0
22844 50 1 163 0
22845 51 4 163 0
22846 58 1 163 0
22968 10 7 164 0
22969 12 1 164 0
22970 13 3 164 0
22971 17 2 164 0
22972 18 14 164 0
22973 20 3 164 0
22974 21 13 164 0
22975 25 4 164 0
22976 26 11 164 0
22977 27 2 164 0
22978 28 6 164 0
22979 29 15 164 0
22980 30 1 164 0
22981 33 6 164 0
22982 34 15 164 0
22983 35 14 164 0
22984 36 12 164 0
22985 37 14 164 0
22986 38 2 164 0
22987 41 1 164 0
22988 42 4 164 0
22989 44 3 164 0
22990 45 13 164 0
22991 52 2 164 0
22992 53 12 164 0
22993 61 2 164 0
23108 4 3 165 0
23109 5 4 165 0
23110 12 12 165 0
23111 13 1 165 0
23112 19 7 165 0
23113 20 5 165 0
23114 26 2 165 0
23115 27 12 165 0
23116 28 7 165 0
23117 29 5 165 0
23118 34 6 165 0
23119 35 14 165 0
23120 36 6 165 0
23121 37 12 165 0
23122 38 2 165 0
23123 42 5 165 0
23124 43 14 165 0
23125 44 13 165 0
23126 45 5 165 0
23127 51 4 165 0
23128 52 3 165 0
23248 13 8 166 0
23249 14 1 166 0
23250 19 7 166 0
23251 20 1 166 0
23252 21 11 166 0
23253 26 2 166 0
23254 27 8 166 0
23255 28 6 166 0
23256 29 5 166 0
23257 34 8 166 0
23258 35 10 166 0
23259 36 11 166 0
23260 42 2 166 0
23261 43 3 166 0
23262 44 6 166 0
23263 51 6 166 0
23264 52 2 166 0
23388 19 5 167 0
23389 20 12 167 0
23390 21 12 167 0
23391 26 5 167 0
23392 27 8 167 0
23393 28 3 167 0
23394 29 11 167 0
23395 30 2 167 0
23396 34 3 167 0
23397 35 9 167 0
23398 36 10 167 0
23399 37 5 167 0
23400 43 1 167 0
23401 44 9 167 0
23402 51 10 167 0
23403 52 1 167 0
23404 58 3 167 0
23405 59 5 167 0
23528 10 4 168 0
23529 11 3 168 0
23530 12 2 168 0
23531 18 6 168 0
23532 19 13 168 0
23533 20 15 168 0
23534 21 9 168 0
23535 27 1 168 0
23536 28 14 168 0
23537 29 5 168 0
23538 35 7 168 0
23539 36 12 168 0
23540 43 14 168 0
23541 44 8 168 0
23542 50 2 168 0
23543 51 15 168 0
23544 52 4 168 0
23545 59 6 168 0
23546 60 1 168 0
23668 11 3 169 0
23669 12 12 169 0
23670 13 3 169 0
23671 19 11 169 0
23672 20 14 169 0
23673 21 8 169 0
23674 26 3 169 0
23675 27 14 169 0
23676 28 5 169 0
23677 29 12 169 0
23678 34 10 169 0
23679 35 6 169 0
23680 36 1 169 0
23681 37 13 169 0
23682 42 12 169 0
23683 43 5 169 0
23684 44 8 169 0
23685 45 7 169 0
23686 50 9 169 0
23687 51 15 169 0
23688 52 12 169 0
23689 53 1 169 0
23808 18 1 170 0
23809 19 10 170 0
23810 20 10 170 0
23811 21 3 170 0
23812 26 10 170 0
23813 27 3 170 0
23814 28 9 170 0
23815 29 7 170 0
23816 34 6 170 0
23817 35 7 170 0
23818 36 8 170 0
23819 37 1 170 0
23820 44 8 170 0
23821 52 7 170 0
23822 60 6 170 0
23948 10 1 171 0
23949 11 2 171 0
23950 12 4 171 0
23951 13 1 171 0
23952 18 7 171 0
23953 19 12 171 0
23954 20 10 171 0
23955 21 13 171 0
23956 28 9 171 0
23957 29 12 171 0
23958 34 6 171 0
23959 35 11 171 0
23960 36 5 171 0
23961 37 1 171 0
23962 38 3 171 0
23963 39 2 171 0
23964 41 4 171 0
23965 42 15 171 0
23966 43 11 171 0
23967 44 13 171 0
23968 45 14 171 0
23969 46 9 171 0
23970 47 1 171 0
23971 50 3 171 0
23972 51 5 171 0
23973 52 1 171 0
24088 18 2 172 0
24089 19 5 172 0
24090 20 2 172 0
24091 21 11 172 0
24092 22 4 172 0
24093 25 3 172 0
24094 26 13 172 0
24095 27 9 172 0
24096 28 10 172 0
24097 29 12 172 0
24098 34 3 172 0
24099 35 1 172 0
24100 36 7 172 0
24101 37 4 172 0
24102 44 10 172 0
24103 51 2 172 0
24104 52 8 172 0
24105 59 2 172 0
24106 60 5 172 0
24228 20 4 173 0
24229 21 8 173 0
24230 22 9 173 0
24231 23 1 173 0
24232 27 6 173 0
24233 28 6 173 0
24234 29 2 173 0
24235 33 1 173 0
24236 35 4 173 0
24237 36 7 173 0
24238 41 6 173 0
24239 42 9 173 0
24240 43 9 173 0
24241 44 1 173 0
24368 12 6 174 0
24369 20 9 174 0
24370 27 1 174 0
24371 28 9 174 0
24372 35 3 174 0
24373 36 6 174 0
24374 43 5 174 0
24375 44 4 174 0
24376 51 5 174 0
24377 52 4 174 0
24378 60 1 174 0
24508 19 1 175 0
24509 20 5 175 0
24510 21 9 175 0
24511 22 12 175 0
24512 23 4 175 0
24513 27 7 175 0
24514 28 7 175 0
24515 29 2 175 0
24516 34 3 175 0
24517 35 6 175 0
24518 36 10 175 0
24519 41 4 175 0
24520 42 11 175 0
24521 43 5 175 0
24522 44 11 175 0
24523 50 3 175 0
24524 51 6 175 0
24525 52 3 175 0
24648 19 10 176 0
24649 20 11 176 0
24650 21 1 176 0
24651 26 4 176 0
24652 27 9 176 0
24653 28 12 176 0
24654 35 4 176 0
24655 36 9 176 0
24656 44 9 176 0
24657 52 8 176 0
24658 60 7 176 0
24659 61 2 176 0
24788 12 6 177 0
24789 13 6 177 0
24790 20 11 177 0
24791 21 6 177 0
24792 27 2 177 0
24793 28 14 177 0
24794 35 5 177 0
24795 36 10 177 0
24796 43 11 177 0
24797 44 5 177 0
24798 50 3 177 0
24799 51 13 177 0
24800 58 1 177 0
24801 59 3 177 0
24928 5 2 178 0
24929 6 1 178 0
24930 12 5 178 0
24931 13 9 178 0
24932 14 6 178 0
24933 19 4 178 0
24934 20 2 178 0
24935 21 3 178 0
24936 22 6 178 0
24937 26 2 178 0
24938 29 7 178 0
24939 30 4 178 0
24940 33 7 178 0
24941 34 8 178 0
24942 35 5 178 0
24943 36 2 178 0
24944 37 8 178 0
24945 41 8 178 0
24946 42 2 178 0
24947 43 1 178 0
24948 44 9 178 0
24949 45 1 178 0
24950 49 2 178 0
24951 50 9 178 0
24952 51 7 178 0
24953 52 1 178 0
25068 11 3 179 0
25069 12 6 179 0
25070 13 6 179 0
25071 14 2 179 0
25072 17 1 179 0
25073 18 10 179 0
25074 19 11 179 0
25075 20 9 179 0
25076 21 9 179 0
25077 22 14 179 0
25078 27 2 179 0
25079 28 6 179 0
25080 29 11 179 0
25081 30 7 179 0
25082 34 1 179 0
25083 35 8 179 0
25084 36 7 179 0
25085 37 9 179 0
25086 41 8 179 0
25087 44 3 179 0
25088 45 11 179 0
25089 49 9 179 0
25090 50 13 179 0
25091 51 13 179 0
25092 52 10 179 0
25093 53 2 179 0
25208 4 1 180 0
25209 11 3 180 0
25210 12 8 180 0
25211 20 11 180 0
25212 28 9 180 0
25213 35 1 180 0
25214 36 8 180 0
25215 43 9 180 0
25216 44 4 180 0
25217 51 9 180 0
25218 52 8 180 0
25219 53 2 180 0
25348 12 4 181 0
25349 13 3 181 0
25350 14 1 181 0
25351 18 9 181 0
25352 19 14 181 0
25353 20 13 181 0
25354 21 13 181 0
25355 22 12 181 0
25356 26 3 181 0
25357 28 3 181 0
25358 29 9 181 0
25359 30 10 181 0
25360 35 6 181 0
25361 36 12 181 0
25362 37 4 181 0
25363 41 2 181 0
25364 44 11 181 0
25365 45 1 181 0
25366 49 12 181 0
25367 50 8 181 0
25368 51 10 181 0
25369 52 8 181 0
25370 57 1 181 0
25371 58 3 181 0
25372 59 3 181 0
25488 11 10 182 0
25489 12 10 182 0
25490 13 2 182 0
25491 18 8 182 0
25492 19 10 182 0
25493 20 5 182 0
25494 21 3 182 0
25495 26 1 182 0
25496 27 6 182 0
25497 28 9 182 0
25498 29 2 182 0
25499 36 1 182 0
25500 37 12 182 0
25501 38 1 182 0
25502 42 4 182 0
25503 43 3 182 0
25504 44 4 182 0
25505 45 14 182 0
25506 46 2 182 0
25507 50 2 182 0
25508 51 12 182 0
25509 52 13 182 0
25510 53 4 182 0
25628 18 1 183 0
25629 19 11 183 0
25630 20 13 183 0
25631 21 8 183 0
25632 26 10 183 0
25633 27 2 183 0
25634 28 5 183 0
25635 29 7 183 0
25636 34 5 183 0
25637 35 8 183 0
25638 36 13 183 0
25639 37 1 183 0
25640 43 1 183 0
25641 44 9 183 0
25642 51 8 183 0
25643 52 2 183 0
25644 58 1 183 0
25645 59 6 183 0
25768 11 9 184 0
25769 12 1 184 0
25770 19 6 184 0
25771 20 4 184 0
25772 27 3 184 0
25773 28 7 184 0
25774 35 3 184 0
25775 36 7 184 0
25776 43 3 184 0
25777 44 9 184 0
25778 51 1 184 0
25779 52 8 184 0
25908 19 4 185 0
25909 20 8 185 0
25910 21 10 185 0
25911 22 4 185 0
25912 24 1 185 0
25913 25 11 185 0
25914 26 12 185 0
25915 27 9 185 0
25916 28 6 185 0
25917 29 14 185 0
25918 30 5 185 0
25919 36 8 185 0
25920 37 8 185 0
25921 42 1 185 0
25922 43 5 185 0
25923 44 10 185 0
25924 50 2 185 0
25925 51 11 185 0
25926 52 1 185 0
25927 58 4 185 0
25928 59 3 185 0
26048 3 2 186 0
26049 11 11 186 0
26050 12 1 186 0
26051 18 1 186 0
26052 19 7 186 0
26053 26 2 186 0
26054 27 6 186 0
26055 28 5 186 0
26056 29 4 186 0
26057 34 1 186 0
26058 35 12 186 0
26059 36 4 186 0
26060 37 5 186 0
26061 38 7 186 0
26062 43 11 186 0
26063 44 4 186 0
26064 45 7 186 0
26065 46 4 186 0
26066 51 1 186 0
26067 52 8 186 0
26068 53 7 186 0
26188 4 1 187 0
26189 5 1 187 0
26190 10 4 187 0
26191 11 13 187 0
26192 12 15 187 0
26193 13 11 187 0
26194 14 1 187 0
26195 19 1 187 0
26196 20 10 187 0
26197 21 10 187 0
26198 26 1 187 0
26199 27 8 187 0
26200 28 11 187 0
26201 29 2 187 0
26202 33 3 187 0
26203 34 14 187 0
26204 35 7 187 0
26205 38 2 187 0
26206 39 1 187 0
26207 41 8 187 0
26208 42 15 187 0
26209 43 13 187 0
26210 44 14 187 0
26211 45 14 187 0
26212 46 11 187 0
26213 47 1 187 0
26214 49 1 187 0
26215 50 5 187 0
26216 51 6 187 0
26217 52 3 187 0
26218 53 1 187 0
26328 11 7 188 0
26329 12 7 188 0
26330 13 1 188 0
26331 18 3 188 0
26332 19 6 188 0
26333 20 4 188 0
26334 21 12 188 0
26335 26 4 188 0
26336 27 6 188 0
26337 28 1 188 0
26338 29 11 188 0
26339 35 11 188 0
26340 36 12 188 0
26341 37 3 188 0
26342 42 1 188 0
26343 43 9 188 0
26344 44 4 188 0
26345 45 6 188 0
26346 50 1 188 0
26347 51 7 188 0
26348 52 5 188 0
26349 53 5 188 0
26350 59 3 188 0
26351 60 3 188 0
26468 12 1 189 0
26469 17 2 189 0
26470 18 8 189 0
26471 19 13 189 0
26472 20 14 189 0
26473 21 6 189 0
26474 25 2 189 0
26475 26 3 189 0
26476 27 6 189 0
26477 28 13 189 0
26478 29 3 189 0
26479 34 9 189 0
26480 35 8 189 0
26481 36 2 189 0
26482 37 4 189 0
26483 38 6 189 0
26484 39 3 189 0
26485 41 4 189 0
26486 42 13 189 0
26487 43 14 189 0
26488 44 12 189 0
26489 45 10 189 0
26490 46 6 189 0
26491 47 1 189 0
26492 51 1 189 0
26608 3 1 190 0
26609 4 6 190 0
26610 11 6 190 0
26611 12 12 190 0
26612 19 5 190 0
26613 20 12 190 0
26614 28 8 190 0
26615 30 1 190 0
26616 33 3 190 0
26617 34 8 190 0
26618 35 9 190 0
26619 36 3 190 0
26620 37 1 190 0
26621 38 8 190 0
26622 41 6 190 0
26623 42 10 190 0
26624 43 12 190 0
26625 44 9 190 0
26626 45 12 190 0
26627 46 3 190 0
26628 51 1 190 0
26629 52 5 190 0
26630 53 1 190 0
26748 20 1 191 0
26749 21 7 191 0
26750 22 10 191 0
26751 23 4 191 0
26752 27 7 191 0
26753 28 4 191 0
26754 29 2 191 0
26755 34 3 191 0
26756 35 8 191 0
26757 36 4 191 0
26758 41 3 191 0
26759 42 6 191 0
26760 43 6 191 0
26761 44 6 191 0
26762 50 5 191 0
26763 51 4 191 0
26888 4 2 192 0
26889 12 13 192 0
26890 13 6 192 0
26891 19 6 192 0
26892 20 6 192 0
26893 21 14 192 0
26894 26 8 192 0
26895 27 7 192 0
26896 29 10 192 0
26897 30 5 192 0
26898 34 13 192 0
26899 35 2 192 0
26900 37 11 192 0
26901 38 4 192 0
26902 42 12 192 0
26903 43 5 192 0
26904 44 8 192 0
26905 45 11 192 0
26906 50 2 192 0
26907 51 9 192 0
26908 52 7 192 0
26909 53 1 192 0
27028 19 2 193 0
27029 20 6 193 0
27030 21 11 193 0
27031 22 11 193 0
27032 25 7 193 0
27033 26 11 193 0
27034 27 9 193 0
27035 28 8 193 0
27036 29 12 193 0
27037 30 8 193 0
27038 33 2 193 0
27039 36 8 193 0
27040 37 5 193 0
27041 43 3 193 0
27042 44 9 193 0
27043 50 2 193 0
27044 51 9 193 0
27045 58 4 193 0
27046 59 2 193 0
27168 10 2 194 0
27169 11 4 194 0
27170 13 7 194 0
27171 18 6 194 0
27172 19 7 194 0
27173 20 1 194 0
27174 21 11 194 0
27175 26 13 194 0
27176 27 2 194 0
27177 28 4 194 0
27178 29 13 194 0
27179 34 9 194 0
27180 35 13 194 0
27181 36 13 194 0
27182 37 8 194 0
27183 43 1 194 0
27184 44 8 194 0
27185 45 5 194 0
27186 52 9 194 0
27187 53 3 194 0
27188 60 2 194 0
27308 12 2 195 0
27309 13 3 195 0
27310 19 8 195 0
27311 20 10 195 0
27312 21 11 195 0
27313 22 3 195 0
27314 27 11 195 0
27315 28 7 195 0
27316 29 8 195 0
27317 35 1 195 0
27318 36 10 195 0
27319 37 2 195 0
27320 43 3 195 0
27321 44 7 195 0
27322 50 1 195 0
27323 51 10 195 0
27324 58 4 195 0
27325 59 2 195 0
27448 17 5 196 0
27449 18 7 196 0
27450 19 10 196 0
27451 20 10 196 0
27452 21 6 196 0
27453 25 6 196 0
27454 26 15 196 0
27455 27 4 196 0
27456 28 6 196 0
27457 29 11 196 0
27458 34 2 196 0
27459 36 3 196 0
27460 37 11 196 0
27461 44 5 196 0
27462 45 11 196 0
27463 52 9 196 0
27464 53 5 196 0
27465 60 10 196 0
27466 61 2 196 0
27588 11 1 197 0
27589 12 8 197 0
27590 13 4 197 0
27591 14 1 197 0
27592 19 7 197 0
27593 20 2 197 0
27594 21 5 197 0
27595 22 8 197 0
27596 27 5 197 0
27597 28 10 197 0
27598 29 6 197 0
27599 34 1 197 0
27600 35 9 197 0
27601 36 7 197 0
27602 42 8 197 0
27603 43 5 197 0
27604 44 5 197 0
27605 50 11 197 0
27606 51 10 197 0
27607 52 1 197 0
27608 58 2 197 0
27609 59 2 197 0
27728 9 2 198 0
27729 10 10 198 0
27730 11 13 198 0
27731 12 4 198 0
27732 17 9 198 0
27733 18 5 198 0
27734 19 2 198 0
27735 20 11 198 0
27736 27 1 198 0
27737 28 11 198 0
27738 35 4 198 0
27739 36 10 198 0
27740 37 6 198 0
27741 42 3 198 0
27742 43 6 198 0
27743 44 1 198 0
27744 45 13 198 0
27745 50 1 198 0
27746 51 8 198 0
27747 52 14 198 0
27748 53 10 198 0
27868 18 6 199 0
27869 19 11 199 0
27870 20 12 199 0
27871 21 9 199 0
27872 26 1 199 0
27873 27 1 199 0
27874 28 5 199 0
27875 29 11 199 0
27876 34 4 199 0
27877 35 9 199 0
27878 36 8 199 0
27879 37 5 199 0
27880 38 5 199 0
27881 39 1 199 0
27882 41 7 199 0
27883 42 14 199 0
27884 43 9 199 0
27885 44 8 199 0
27886 45 5 199 0
27887 46 1 199 0
28008 11 8 200 0
28009 12 2 200 0
28010 19 9 200 0
28011 20 5 200 0
28012 27 7 200 0
28013 28 6 200 0
28014 35 5 200 0
28015 36 8 200 0
28016 43 3 200 0
28017 44 13 200 0
28018 51 1 200 0
28019 52 9 200 0
28148 13 8 201 0
28149 14 2 201 0
28150 20 5 201 0
28151 21 13 201 0
28152 27 1 201 0
28153 28 12 201 0
28154 29 4 201 0
28155 33 1 201 0
28156 35 8 201 0
28157 36 6 201 0
28158 42 2 201 0
28159 43 12 201 0
28160 50 6 201 0
28161 51 8 201 0
28162 58 1 201 0
28163 59 1 201 0
28288 12 4 202 0
28289 13 5 202 0
28290 14 8 202 0
28291 15 1 202 0
28292 19 5 202 0
28293 20 8 202 0
28294 21 12 202 0
28295 22 3 202 0
28296 27 10 202 0
28297 28 8 202 0
28298 29 2 202 0
28299 35 9 202 0
28300 36 9 202 0
28301 42 7 202 0
28302 43 5 202 0
28303 44 10 202 0
28304 50 13 202 0
28305 51 9 202 0
28306 52 1 202 0
28428 12 2 203 0
28429 13 2 203 0
28430 14 1 203 0
28431 18 4 203 0
28432 19 13 203 0
28433 20 12 203 0
28434 21 12 203 0
28435 22 13 203 0
28436 27 2 203 0
28437 28 7 203 0
28438 29 11 203 0
28439 30 5 203 0
28440 35 4 203 0
28441 36 10 203 0
28442 37 2 203 0
28443 41 2 203 0
28444 44 8 203 0
28445 45 5 203 0
28446 49 12 203 0
28447 50 11 203 0
28448 51 10 203 0
28449 52 9 203 0
28450 57 1 203 0
28451 58 3 203 0
28452 59 2 203 0
28568 3 1 204 0
28569 4 3 204 0
28570 11 4 204 0
28571 12 4 204 0
28572 19 7 204 0
28573 20 1 204 0
28574 27 9 204 0
28575 28 2 204 0
28576 29 8 204 0
28577 35 11 204 0
28578 36 12 204 0
28579 37 11 204 0
28580 43 12 204 0
28581 44 12 204 0
28582 45 2 204 0
28583 51 3 204 0
28584 52 3 204 0
28708 12 2 205 0
28709 13 11 205 0
28710 20 10 205 0
28711 21 6 205 0
28712 27 2 205 0
28713 28 12 205 0
28714 29 1 205 0
28715 35 10 205 0
28716 36 4 205 0
28717 42 5 205 0
28718 43 11 205 0
28719 50 10 205 0
28720 51 4 205 0
28848 11 4 206 0
28849 12 9 206 0
28850 13 5 206 0
28851 18 7 206 0
28852 19 13 206 0
28853 20 9 206 0
28854 21 12 206 0
28855 22 5 206 0
28856 25 5 206 0
28857 26 8 206 0
28858 28 1 206 0
28859 29 5 206 0
28860 30 11 206 0
28861 33 11 206 0
28862 34 2 206 0
28863 37 1 206 0
28864 38 11 206 0
28865 41 10 206 0
28866 42 6 206 0
28867 45 8 206 0
28868 46 6 206 0
28869 49 3 206 0
28870 50 13 206 0
28871 51 10 206 0
28872 52 10 206 0
28873 53 9 206 0
28874 59 3 206 0
28875 60 1 206 0
28988 11 1 207 0
28989 12 2 207 0
28990 18 8 207 0
28991 19 11 207 0
28992 20 12 207 0
28993 21 11 207 0
28994 22 5 207 0
28995 26 1 207 0
28996 28 1 207 0
28997 29 8 207 0
28998 30 12 207 0
28999 33 1 207 0
29000 35 5 207 0
29001 36 13 207 0
29002 37 5 207 0
29003 38 1 207 0
29004 41 9 207 0
29005 42 1 207 0
29006 43 1 207 0
29007 44 9 207 0
29008 49 5 207 0
29009 50 12 207 0
29010 51 11 207 0
29011 52 3 207 0
29128 12 10 208 0
29129 20 15 208 0
29130 27 1 208 0
29131 28 12 208 0
29132 35 5 208 0
29133 36 8 208 0
29134 43 8 208 0
29135 44 7 208 0
29136 51 10 208 0
29137 52 3 208 0
29268 10 3 209 0
29269 11 14 209 0
29270 12 9 209 0
29271 13 2 209 0
29272 18 12 209 0
29273 19 8 209 0
29274 20 7 209 0
29275 21 13 209 0
29276 22 4 209 0
29277 25 4 209 0
29278 26 10 209 0
29279 29 3 209 0
29280 30 12 209 0
29281 33 8 209 0
29282 34 4 209 0
29283 38 14 209 0
29284 39 1 209 0
29285 41 6 209 0
29286 42 12 209 0
29287 43 3 209 0
29288 44 2 209 0
29289 45 11 209 0
29290 46 7 209 0
29291 49 1 209 0
29292 50 7 209 0
29293 51 13 209 0
29294 52 13 209 0
29295 53 6 209 0
29408 11 3 210 0
29409 12 8 210 0
29410 19 8 210 0
29411 20 1 210 0
29412 21 7 210 0
29413 26 4 210 0
29414 27 2 210 0
29415 29 7 210 0
29416 30 1 210 0
29417 34 6 210 0
29418 37 4 210 0
29419 38 3 210 0
29420 42 7 210 0
29421 45 5 210 0
29422 50 2 210 0
29423 51 7 210 0
29424 52 6 210 0
29425 53 3 210 0
29426 59 2 210 0
29427 60 2 210 0
29548 12 11 211 0
29549 13 1 211 0
29550 19 1 211 0
29551 20 13 211 0
29552 21 1 211 0
29553 27 3 211 0
29554 28 11 211 0
29555 35 5 211 0
29556 36 8 211 0
29557 43 10 211 0
29558 44 4 211 0
29559 51 11 211 0
29560 52 3 211 0
29688 11 2 212 0
29689 12 2 212 0
29690 19 11 212 0
29691 20 7 212 0
29692 26 5 212 0
29693 27 4 212 0
29694 28 9 212 0
29695 36 8 212 0
29696 44 8 212 0
29697 52 9 212 0
29698 60 5 212 0
29828 4 3 213 0
29829 11 9 213 0
29830 12 13 213 0
29831 13 10 213 0
29832 19 5 213 0
29833 20 4 213 0
29834 21 11 213 0
29835 28 8 213 0
29836 29 7 213 0
29837 33 5 213 0
29838 34 11 213 0
29839 35 11 213 0
29840 36 14 213 0
29841 37 4 213 0
29842 41 9 213 0
29843 42 14 213 0
29844 43 14 213 0
29845 44 8 213 0
29846 45 14 213 0
29847 46 7 213 0
29848 49 1 213 0
29849 50 4 213 0
29850 51 1 213 0
29851 53 3 213 0
29852 54 7 213 0
29968 16 2 214 0
29969 17 8 214 0
29970 18 9 214 0
29971 19 12 214 0
29972 20 13 214 0
29973 21 6 214 0
29974 24 1 214 0
29975 25 5 214 0
29976 26 2 214 0
29977 27 2 214 0
29978 28 3 214 0
29979 29 14 214 0
29980 30 1 214 0
29981 36 6 214 0
29982 37 11 214 0
29983 44 9 214 0
29984 45 7 214 0
29985 52 13 214 0
29986 53 2 214 0
29987 60 8 214 0
30108 10 1 215 0
30109 11 12 215 0
30110 12 13 215 0
30111 13 8 215 0
30112 18 1 215 0
30113 19 8 215 0
30114 20 5 215 0
30115 21 13 215 0
30116 27 4 215 0
30117 28 14 215 0
30118 29 4 215 0
30119 35 1 215 0
30120 36 7 215 0
30121 37 7 215 0
30122 40 1 215 0
30123 41 8 215 0
30124 42 2 215 0
30125 43 1 215 0
30126 44 10 215 0
30127 45 6 215 0
30128 49 8 215 0
30129 50 13 215 0
30130 51 15 215 0
30131 52 9 215 0
30132 53 1 215 0
30248 11 8 216 0
30249 12 6 216 0
30250 19 14 216 0
30251 20 9 216 0
30252 21 3 216 0
30253 26 2 216 0
30254 27 11 216 0
30255 28 1 216 0
30256 29 10 216 0
30257 34 8 216 0
30258 35 4 216 0
30259 37 10 216 0
30260 38 1 216 0
30261 42 7 216 0
30262 43 2 216 0
30263 45 9 216 0
30264 46 2 216 0
30265 50 2 216 0
30266 51 8 216 0
30267 52 6 216 0
30268 53 10 216 0
30269 59 1 216 0
30270 60 3 216 0
30388 12 1 217 0
30389 13 7 217 0
30390 19 1 217 0
30391 20 1 217 0
30392 21 11 217 0
30393 26 1 217 0
30394 27 7 217 0
30395 28 2 217 0
30396 29 9 217 0
30397 34 10 217 0
30398 35 10 217 0
30399 36 10 217 0
30400 37 4 217 0
30401 42 2 217 0
30402 44 9 217 0
30403 51 1 217 0
30404 52 9 217 0
30528 4 2 218 0
30529 11 5 218 0
30530 12 6 218 0
30531 19 9 218 0
30532 26 3 218 0
30533 27 6 218 0
30534 28 8 218 0
30535 29 9 218 0
30536 30 3 218 0
30537 34 3 218 0
30538 35 12 218 0
30539 36 2 218 0
30540 37 4 218 0
30541 38 6 218 0
30542 43 12 218 0
30543 44 8 218 0
30544 45 9 218 0
30545 51 3 218 0
30546 52 8 218 0
30668 12 2 219 0
30669 13 7 219 0
30670 14 9 219 0
30671 19 6 219 0
30672 20 7 219 0
30673 21 7 219 0
30674 22 4 219 0
30675 26 3 219 0
30676 27 13 219 0
30677 28 4 219 0
30678 33 4 219 0
30679 35 2 219 0
30680 36 7 219 0
30681 37 5 219 0
30682 41 8 219 0
30683 42 7 219 0
30684 43 2 219 0
30685 44 10 219 0
30686 45 3 219 0
30687 49 1 219 0
30688 50 7 219 0
30689 51 10 219 0
30690 52 5 219 0
30808 9 8 220 0
30809 10 12 220 0
30810 11 12 220 0
30811 12 11 220 0
30812 13 8 220 0
30813 14 2 220 0
30814 17 1 220 0
30815 20 1 220 0
30816 21 5 220 0
30817 22 10 220 0
30818 28 2 220 0
30819 29 10 220 0
30820 30 4 220 0
30821 34 1 220 0
30822 35 6 220 0
30823 36 9 220 0
30824 37 2 220 0
30825 41 4 220 0
30826 42 14 220 0
30827 43 9 220 0
30828 44 1 220 0
30829 45 1 220 0
30830 46 1 220 0
30831 49 5 220 0
30832 50 8 220 0
30833 51 10 220 0
30834 52 14 220 0
30835 53 15 220 0
30836 54 11 220 0
30837 55 2 220 0
30948 4 5 221 0
30949 11 6 221 0
30950 12 10 221 0
30951 18 2 221 0
30952 19 12 221 0
30953 20 1 221 0
30954 26 10 221 0
30955 27 7 221 0
30956 28 5 221 0
30957 29 8 221 0
30958 30 4 221 0
30959 34 13 221 0
30960 35 4 221 0
30961 36 11 221 0
30962 37 7 221 0
30963 38 7 221 0
30964 42 12 221 0
30965 43 14 221 0
30966 44 14 221 0
30967 45 9 221 0
30968 51 4 221 0
30969 52 4 221 0
31088 10 7 222 0
31089 11 1 222 0
31090 17 2 222 0
31091 18 15 222 0
31092 19 1 222 0
31093 21 9 222 0
31094 22 2 222 0
31095 25 7 222 0
31096 26 11 222 0
31097 27 1 222 0
31098 28 9 222 0
31099 29 15 222 0
31100 30 8 222 0
31101 33 7 222 0
31102 34 14 222 0
31103 35 12 222 0
31104 36 6 222 0
31105 37 15 222 0
31106 38 6 222 0
31107 42 5 222 0
31108 43 1 222 0
31109 45 15 222 0
31110 46 4 222 0
31111 53 15 222 0
31112 54 3 222 0
31113 61 4 222 0
31228 18 1 223 0
31229 19 11 223 0
31230 20 6 223 0
31231 21 10 223 0
31232 22 4 223 0
31233 26 3 223 0
31234 27 11 223 0
31235 28 6 223 0
31236 29 14 223 0
31237 30 2 223 0
31238 35 1 223 0
31239 36 9 223 0
31240 37 4 223 0
31241 43 4 223 0
31242 44 10 223 0
31243 51 11 223 0
31244 52 1 223 0
31245 58 1 223 0
31246 59 8 223 0
31368 12 6 224 0
31369 13 10 224 0
31370 19 8 224 0
31371 20 7 224 0
31372 21 14 224 0
31373 22 4 224 0
31374 25 2 224 0
31375 26 9 224 0
31376 27 3 224 0
31377 28 7 224 0
31378 29 5 224 0
31379 33 1 224 0
31380 36 9 224 0
31381 43 3 224 0
31382 44 8 224 0
31383 45 2 224 0
31384 49 2 224 0
31385 50 11 224 0
31386 51 12 224 0
31387 52 9 224 0
31388 53 1 224 0
31508 11 2 225 0
31509 12 14 225 0
31510 13 12 225 0
31511 14 2 225 0
31512 19 9 225 0
31513 20 3 225 0
31514 21 8 225 0
31515 22 5 225 0
31516 27 9 225 0
31517 28 9 225 0
31518 29 9 225 0
31519 30 2 225 0
31520 33 1 225 0
31521 34 9 225 0
31522 35 7 225 0
31523 36 10 225 0
31524 41 7 225 0
31525 42 5 225 0
31526 44 11 225 0
31527 49 2 225 0
31528 50 12 225 0
31529 51 12 225 0
31530 52 9 225 0
31648 18 7 226 0
31649 19 9 226 0
31650 20 11 226 0
31651 21 3 226 0
31652 26 12 226 0
31653 27 1 226 0
31654 28 10 226 0
31655 29 1 226 0
31656 34 2 226 0
31657 35 7 226 0
31658 36 11 226 0
31659 44 9 226 0
31660 52 8 226 0
31661 60 6 226 0
31788 11 1 227 0
31789 12 4 227 0
31790 19 9 227 0
31791 20 8 227 0
31792 21 8 227 0
31793 23 1 227 0
31794 26 1 227 0
31795 27 7 227 0
31796 28 5 227 0
31797 29 8 227 0
31798 35 7 227 0
31799 36 12 227 0
31800 43 3 227 0
31801 44 8 227 0
31802 51 5 227 0
31803 52 5 227 0
31804 59 4 227 0
31805 60 1 227 0
31928 9 3 228 0
31929 10 9 228 0
31930 11 7 228 0
31931 17 1 228 0
31932 18 1 228 0
31933 19 6 228 0
31934 20 3 228 0
31935 26 4 228 0
31936 27 9 228 0
31937 35 5 228 0
31938 36 8 228 0
31939 37 2 228 0
31940 44 1 228 0
31941 45 11 228 0
31942 52 6 228 0
31943 53 12 228 0
31944 54 2 228 0
31945 60 1 228 0
31946 61 3 228 0
32068 11 10 229 0
32069 12 6 229 0
32070 18 6 229 0
32071 19 11 229 0
32072 20 13 229 0
32073 21 8 229 0
32074 22 1 229 0
32075 25 1 229 0
32076 26 13 229 0
32077 27 1 229 0
32078 28 1 229 0
32079 29 8 229 0
32080 30 10 229 0
32081 33 6 229 0
32082 34 8 229 0
32083 38 11 229 0
32084 39 3 229 0
32085 41 8 229 0
32086 42 9 229 0
32087 45 3 229 0
32088 46 12 229 0
32089 47 1 229 0
32090 49 1 229 0
32091 50 9 229 0
32092 51 13 229 0
32093 52 12 229 0
32094 53 11 229 0
32095 54 3 229 0
32208 18 2 230 0
32209 19 10 230 0
32210 20 11 230 0
32211 21 12 230 0
32212 22 2 230 0
32213 26 2 230 0
32214 27 1 230 0
32215 28 2 230 0
32216 29 10 230 0
32217 36 10 230 0
32218 37 1 230 0
32219 43 7 230 0
32220 44 3 230 0
32221 51 9 230 0
32222 58 3 230 0
32223 59 4 230 0
32348 12 10 231 0
32349 20 12 231 0
32350 27 4 231 0
32351 28 10 231 0
32352 35 7 231 0
32353 36 5 231 0
32354 43 12 231 0
32355 44 2 231 0
32356 51 12 231 0
32488 4 1 232 0
32489 11 5 232 0
32490 12 5 232 0
32491 13 2 232 0
32492 19 7 232 0
32493 21 6 232 0
32494 27 6 232 0
32495 29 7 232 0
32496 34 2 232 0
32497 35 6 232 0
32498 37 7 232 0
32499 43 8 232 0
32500 44 6 232 0
32501 45 3 232 0
32502 51 5 232 0
32503 52 6 232 0
32628 4 2 233 0
32629 5 2 233 0
32630 11 4 233 0
32631 12 11 233 0
32632 13 13 233 0
32633 14 1 233 0
32634 19 1 233 0
32635 21 13 233 0
32636 22 2 233 0
32637 28 5 233 0
32638 29 11 233 0
32639 33 3 233 0
32640 34 9 233 0
32641 35 11 233 0
32642 36 14 233 0
32643 37 2 233 0
32644 41 10 233 0
32645 42 8 233 0
32646 43 12 233 0
32647 44 7 233 0
32648 45 4 233 0
32649 49 6 233 0
32650 50 9 233 0
32651 51 1 233 0
32768 11 3 234 0
32769 12 10 234 0
32770 13 12 234 0
32771 18 1 234 0
32772 19 10 234 0
32773 20 1 234 0
32774 21 8 234 0
32775 22 2 234 0
32776 26 9 234 0
32777 27 3 234 0
32778 28 6 234 0
32779 29 6 234 0
32780 33 1 234 0
32781 34 11 234 0
32782 37 12 234 0
32783 41 1 234 0
32784 42 12 234 0
32785 43 1 234 0
32786 44 1 234 0
32787 45 8 234 0
32788 50 4 234 0
32789 51 11 234 0
32790 52 10 234 0
32791 53 1 234 0
32908 11 11 235 0
32909 12 12 235 0
32910 13 14 235 0
32911 14 1 235 0
32912 19 4 235 0
32913 20 1 235 0
32914 21 13 235 0
32915 22 3 235 0
32916 27 2 235 0
32917 28 12 235 0
32918 29 6 235 0
32919 36 9 235 0
32920 37 6 235 0
32921 40 1 235 0
32922 41 8 235 0
32923 42 3 235 0
32924 44 11 235 0
32925 45 3 235 0
32926 49 5 235 0
32927 50 13 235 0
32928 51 14 235 0
32929 52 7 235 0
33048 13 3 236 0
33049 14 7 236 0
33050 15 3 236 0
33051 19 12 236 0
33052 20 13 236 0
33053 21 14 236 0
33054 22 9 236 0
33055 23 1 236 0
33056 27 12 236 0
33057 28 5 236 0
33058 35 5 236 0
33059 36 4 236 0
33060 41 2 236 0
33061 42 2 236 0
33062 44 11 236 0
33063 49 2 236 0
33064 50 14 236 0
33065 51 14 236 0
33066 52 12 236 0
33067 58 1 236 0
33068 59 3 236 0
33069 60 1 236 0
33188 13 9 237 0
33189 18 2 237 0
33190 21 12 237 0
33191 26 12 237 0
33192 28 3 237 0
33193 29 9 237 0
33194 33 1 237 0
33195 34 10 237 0
33196 35 9 237 0
33197 36 10 237 0
33198 37 4 237 0
33199 44 11 237 0
33200 51 1 237 0
33201 52 8 237 0
33328 4 2 238 0
33329 5 1 238 0
33330 11 4 238 0
33331 12 8 238 0
33332 13 1 238 0
33333 19 9 238 0
33334 26 6 238 0
33335 27 3 238 0
33336 28 1 238 0
33337 29 5 238 0
33338 34 8 238 0
33339 35 7 238 0
33340 36 10 238 0
33341 37 11 238 0
33342 38 2 238 0
33343 42 1 238 0
33344 43 7 238 0
33345 44 6 238 0
33346 45 9 238 0
33347 51 3 238 0
33348 52 7 238 0
33468 19 2 239 0
33469 20 12 239 0
33470 21 12 239 0
33471 22 11 239 0
33472 27 11 239 0
33473 28 6 239 0
33474 33 3 239 0
33475 35 1 239 0
33476 36 6 239 0
33477 37 7 239 0
33478 41 7 239 0
33479 42 10 239 0
33480 43 4 239 0
33481 44 9 239 0
33482 45 4 239 0
33483 50 3 239 0
33484 51 8 239 0
33485 52 5 239 0
33608 11 4 240 0
33609 12 5 240 0
33610 19 5 240 0
33611 20 6 240 0
33612 21 1 240 0
33613 27 2 240 0
33614 28 12 240 0
33615 29 5 240 0
33616 35 7 240 0
33617 36 8 240 0
33618 43 7 240 0
33619 44 7 240 0
33620 51 1 240 0
33621 52 8 240 0
33622 59 1 240 0
33623 60 1 240 0
33748 3 2 241 0
33749 4 3 241 0
33750 11 10 241 0
33751 12 1 241 0
33752 18 5 241 0
33753 19 8 241 0
33754 25 1 241 0
33755 26 13 241 0
33756 27 1 241 0
33757 29 4 241 0
33758 30 6 241 0
33759 33 4 241 0
33760 34 13 241 0
33761 36 6 241 0
33762 37 10 241 0
33763 38 11 241 0
33764 42 7 241 0
33765 43 13 241 0
33766 44 14 241 0
33767 45 11 241 0
33768 46 2 241 0
33888 10 3 242 0
33889 11 12 242 0
33890 12 12 242 0
33891 13 4 242 0
33892 18 5 242 0
33893 19 4 242 0
33894 20 7 242 0
33895 21 9 242 0
33896 27 3 242 0
33897 28 13 242 0
33898 29 11 242 0
33899 33 4 242 0
33900 34 2 242 0
33901 35 3 242 0
33902 36 5 242 0
33903 37 15 242 0
33904 41 13 242 0
33905 42 4 242 0
33906 43 2 242 0
33907 44 9 242 0
33908 45 12 242 0
33909 49 6 242 0
33910 50 14 242 0
33911 51 12 242 0
33912 52 8 242 0
33913 53 1 242 0
34028 18 8 243 0
34029 19 12 243 0
34030 20 9 243 0
34031 21 10 243 0
34032 25 1 243 0
34033 26 13 243 0
34034 27 3 243 0
34035 28 2 243 0
34036 29 12 243 0
34037 36 10 243 0
34038 37 4 243 0
34039 43 2 243 0
34040 44 10 243 0
34041 51 8 243 0
34042 52 3 243 0
34043 58 1 243 0
34044 59 8 243 0
34168 10 2 244 0
34169 11 10 244 0
34170 12 9 244 0
34171 13 7 244 0
34172 18 8 244 0
34173 19 14 244 0
34174 20 10 244 0
34175 21 8 244 0
34176 26 5 244 0
34177 27 10 244 0
34178 28 7 244 0
34179 29 8 244 0
34180 30 1 244 0
34181 34 9 244 0
34182 35 13 244 0
34183 36 7 244 0
34184 37 12 244 0
34185 38 6 244 0
34186 42 1 244 0
34187 43 1 244 0
34188 44 3 244 0
34189 45 14 244 0
34190 46 2 244 0
34191 50 1 244 0
34192 51 11 244 0
34193 52 13 244 0
34194 53 5 244 0
34195 59 3 244 0
34196 60 1 244 0
34308 11 4 245 0
34309 12 10 245 0
34310 13 8 245 0
34311 14 1 245 0
34312 19 9 245 0
34313 20 3 245 0
34314 21 10 245 0
34315 22 8 245 0
34316 27 7 245 0
34317 28 11 245 0
34318 29 9 245 0
34319 30 2 245 0
34320 34 4 245 0
34321 35 10 245 0
34322 36 9 245 0
34323 42 11 245 0
34324 43 3 245 0
34325 44 9 245 0
34326 50 9 245 0
34327 51 10 245 0
34328 52 7 245 0
34329 59 3 245 0
34448 10 3 246 0
34449 11 3 246 0
34450 12 7 246 0
34451 13 8 246 0
34452 14 1 246 0
34453 17 2 246 0
34454 18 10 246 0
34455 19 10 246 0
34456 21 2 246 0
34457 22 6 246 0
34458 25 6 246 0
34459 26 1 246 0
34460 30 6 246 0
34461 33 6 246 0
34462 34 1 246 0
34463 38 6 246 0
34464 39 1 246 0
34465 41 2 246 0
34466 42 6 246 0
34467 46 8 246 0
34468 50 6 246 0
34469 51 6 246 0
34470 52 3 246 0
34471 53 9 246 0
34472 54 4 246 0
34473 59 2 246 0
34474 60 4 246 0
34475 61 1 246 0
34588 11 1 247 0
34589 12 4 247 0
34590 13 1 247 0
34591 19 10 247 0
34592 20 4 247 0
34593 21 4 247 0
34594 22 1 247 0
34595 26 4 247 0
34596 27 7 247 0
34597 28 5 247 0
34598 29 5 247 0
34599 35 4 247 0
34600 36 11 247 0
34601 43 2 247 0
34602 44 8 247 0
34603 51 6 247 0
34604 52 3 247 0
34605 59 4 247 0
34606 60 1 247 0
34728 11 9 248 0
34729 12 3 248 0
34730 19 9 248 0
34731 20 5 248 0
34732 27 7 248 0
34733 28 8 248 0
34734 35 5 248 0
34735 36 9 248 0
34736 44 12 248 0
34737 45 2 248 0
34738 52 10 248 0
34739 53 9 248 0
34868 11 10 249 0
34869 12 8 249 0
34870 18 8 249 0
34871 19 9 249 0
34872 20 9 249 0
34873 21 11 249 0
34874 22 2 249 0
34875 25 5 249 0
34876 26 10 249 0
34877 29 3 249 0
34878 30 13 249 0
34879 31 1 249 0
34880 33 10 249 0
34881 34 2 249 0
34882 38 7 249 0
34883 39 3 249 0
34884 41 6 249 0
34885 42 10 249 0
34886 43 1 249 0
34887 44 1 249 0
34888 45 4 249 0
34889 46 11 249 0
34890 47 1 249 0
34891 50 5 249 0
34892 51 11 249 0
34893 52 12 249 0
34894 53 10 249 0
34895 54 2 249 0
35008 16 1 250 0
35009 17 6 250 0
35010 18 8 250 0
35011 19 6 250 0
35012 20 2 250 0
35013 24 1 250 0
35014 25 3 250 0
35015 26 2 250 0
35016 27 4 250 0
35017 28 10 250 0
35018 29 8 250 0
35019 35 6 250 0
35020 36 8 250 0
35021 37 11 250 0
35022 38 2 250 0
35023 43 8 250 0
35024 44 6 250 0
35025 45 10 250 0
35026 46 9 250 0
35027 51 2 250 0
35028 52 4 250 0
35029 53 4 250 0
35030 54 1 250 0
35148 12 10 251 0
35149 13 1 251 0
35150 20 14 251 0
35151 21 3 251 0
35152 27 3 251 0
35153 28 13 251 0
35154 29 1 251 0
35155 35 6 251 0
35156 36 10 251 0
35157 43 8 251 0
35158 44 6 251 0
35159 51 10 251 0
35160 52 3 251 0
35161 55 1 251 0
35288 10 8 252 0
35289 11 12 252 0
35290 12 5 252 0
35291 17 1 252 0
35292 18 7 252 0
35293 19 3 252 0
35294 20 14 252 0
35295 28 13 252 0
35296 35 9 252 0
35297 36 4 252 0
35298 42 5 252 0
35299 43 15 252 0
35300 44 13 252 0
35301 45 13 252 0
35302 46 10 252 0
35303 47 3 252 0
35304 50 1 252 0
35305 51 4 252 0
35306 52 3 252 0
35307 53 1 252 0
35428 4 1 253 0
35429 5 1 253 0
35430 10 3 253 0
35431 11 11 253 0
35432 12 11 253 0
35433 13 12 253 0
35434 14 3 253 0
35435 18 1 253 0
35436 19 2 253 0
35437 21 6 253 0
35438 22 9 253 0
35439 27 1 253 0
35440 29 11 253 0
35441 30 7 253 0
35442 33 8 253 0
35443 34 8 253 0
35444 35 9 253 0
35445 36 12 253 0
35446 37 10 253 0
35447 40 3 253 0
35448 41 13 253 0
35449 42 9 253 0
35450 43 13 253 0
35451 44 13 253 0
35452 45 6 253 0
35453 49 5 253 0
35454 50 7 253 0
35455 51 2 253 0
35568 11 5 254 0
35569 12 8 254 0
35570 13 6 254 0
35571 19 2 254 0
35572 20 5 254 0
35573 21 4 254 0
35574 26 5 254 0
35575 27 8 254 0
35576 28 10 254 0
35577 29 2 254 0
35578 34 3 254 0
35579 35 1 254 0
35580 37 10 254 0
35581 42 2 254 0
35582 43 3 254 0
35583 45 9 254 0
35584 50 2 254 0
35585 51 9 254 0
35586 52 9 254 0
35587 53 4 254 0
35708 11 8 255 0
35709 12 10 255 0
35710 13 14 255 0
35711 14 4 255 0
35712 19 8 255 0
35713 20 2 255 0
35714 21 12 255 0
35715 22 4 255 0
35716 27 7 255 0
35717 28 11 255 0
35718 29 5 255 0
35719 33 1 255 0
35720 35 4 255 0
35721 36 11 255 0
35722 37 1 255 0
35723 40 2 255 0
35724 41 12 255 0
35725 42 1 255 0
35726 43 1 255 0
35727 44 13 255 0
35728 45 1 255 0
35729 49 6 255 0
35730 50 14 255 0
35731 51 13 255 0
35732 52 6 255 0
35848 5 2 256 0
35849 12 2 256 0
35850 13 9 256 0
35851 20 8 256 0
35852 21 1 256 0
35853 27 4 256 0
35854 28 8 256 0
35855 35 9 256 0
35856 36 8 256 0
35857 42 3 256 0
35858 43 8 256 0
35859 44 8 256 0
35860 50 2 256 0
35861 51 9 256 0
35862 52 1 256 0
35988 13 3 257 0
35989 14 6 257 0
35990 21 8 257 0
35991 22 4 257 0
35992 26 2 257 0
35993 27 7 257 0
35994 28 2 257 0
35995 29 11 257 0
35996 34 11 257 0
35997 35 11 257 0
35998 36 12 257 0
35999 37 4 257 0
36000 42 2 257 0
36001 43 1 257 0
36002 44 9 257 0
36003 51 5 257 0
36004 52 5 257 0
36128 12 1 258 0
36129 13 2 258 0
36130 18 5 258 0
36131 19 10 258 0
36132 20 9 258 0
36133 21 7 258 0
36134 27 1 258 0
36135 28 5 258 0
36136 29 3 258 0
36137 36 8 258 0
36138 43 1 258 0
36139 44 7 258 0
36140 51 8 258 0
36141 52 2 258 0
36142 59 4 258 0
36268 13 1 259 0
36269 14 3 259 0
36270 19 5 259 0
36271 20 11 259 0
36272 21 13 259 0
36273 22 6 259 0
36274 26 2 259 0
36275 27 13 259 0
36276 28 6 259 0
36277 32 1 259 0
36278 33 6 259 0
36279 36 7 259 0
36280 37 4 259 0
36281 41 4 259 0
36282 42 11 259 0
36283 43 8 259 0
36284 44 11 259 0
36285 51 4 259 0
36286 52 1 259 0
36408 18 1 260 0
36409 19 4 260 0
36410 20 5 260 0
36411 21 6 260 0
36412 22 2 260 0
36413 25 4 260 0
36414 26 7 260 0
36415 27 2 260 0
36416 28 1 260 0
36417 30 7 260 0
36418 31 2 260 0
36419 33 8 260 0
36420 37 1 260 0
36421 38 6 260 0
36422 39 1 260 0
36423 41 4 260 0
36424 42 5 260 0
36425 43 5 260 0
36426 44 6 260 0
36427 45 4 260 0
36428 51 1 260 0
36548 4 4 261 0
36549 11 1 261 0
36550 12 9 261 0
36551 19 8 261 0
36552 20 5 261 0
36553 26 4 261 0
36554 27 10 261 0
36555 29 6 261 0
36556 30 1 261 0
36557 34 13 261 0
36558 35 2 261 0
36559 36 10 261 0
36560 37 13 261 0
36561 38 2 261 0
36562 42 10 261 0
36563 43 12 261 0
36564 44 15 261 0
36565 45 7 261 0
36566 51 3 261 0
36567 52 2 261 0
36688 3 1 262 0
36689 4 3 262 0
36690 12 8 262 0
36691 13 2 262 0
36692 19 1 262 0
36693 20 12 262 0
36694 21 1 262 0
36695 26 2 262 0
36696 27 10 262 0
36697 28 2 262 0
36698 33 2 262 0
36699 34 8 262 0
36700 41 2 262 0
36701 42 9 262 0
36702 43 9 262 0
36703 44 9 262 0
36704 45 10 262 0
36705 46 5 262 0
36706 50 1 262 0
36707 51 2 262 0
36708 53 1 262 0
36709 54 3 262 0
36828 18 7 263 0
36829 19 13 263 0
36830 20 7 263 0
36831 21 10 263 0
36832 22 5 263 0
36833 25 1 263 0
36834 26 12 263 0
36835 27 3 263 0
36836 28 6 263 0
36837 29 13 263 0
36838 30 1 263 0
36839 36 11 263 0
36840 37 4 263 0
36841 43 3 263 0
36842 44 10 263 0
36843 51 10 263 0
36844 52 3 263 0
36845 58 1 263 0
36846 59 8 263 0
36968 11 5 264 0
36969 12 5 264 0
36970 18 7 264 0
36971 19 3 264 0
36972 20 6 264 0
36973 26 10 264 0
36974 28 6 264 0
36975 29 3 264 0
36976 34 5 264 0
36977 35 9 264 0
36978 36 10 264 0
36979 37 7 264 0
36980 44 1 264 0
36981 45 10 264 0
36982 53 10 264 0
36983 61 2 264 0
37108 11 2 265 0
37109 12 10 265 0
37110 13 4 265 0
37111 19 13 265 0
37112 20 8 265 0
37113 21 13 265 0
37114 22 3 265 0
37115 27 10 265 0
37116 28 6 265 0
37117 29 11 265 0
37118 30 2 265 0
37119 34 2 265 0
37120 35 10 265 0
37121 36 12 265 0
37122 37 1 265 0
37123 41 1 265 0
37124 42 12 265 0
37125 43 3 265 0
37126 44 11 265 0
37127 49 3 265 0
37128 50 13 265 0
37129 51 9 265 0
37130 52 9 265 0
37131 58 2 265 0
37132 59 4 265 0
37133 60 1 265 0
37248 10 3 266 0
37249 11 10 266 0
37250 12 9 266 0
37251 13 9 266 0
37252 14 6 266 0
37253 18 11 266 0
37254 19 3 266 0
37255 20 3 266 0
37256 26 1 266 0
37257 27 9 266 0
37258 28 1 266 0
37259 35 2 266 0
37260 36 10 266 0
37261 37 2 266 0
37262 42 9 266 0
37263 43 1 266 0
37264 44 2 266 0
37265 45 12 266 0
37266 46 1 266 0
37267 50 9 266 0
37268 51 11 266 0
37269 52 13 266 0
37270 53 13 266 0
37271 54 2 266 0
37388 12 3 267 0
37389 18 2 267 0
37390 19 9 267 0
37391 20 10 267 0
37392 21 2 267 0
37393 26 6 267 0
37394 27 3 267 0
37395 28 9 267 0
37396 29 3 267 0
37397 35 5 267 0
37398 36 9 267 0
37399 44 9 267 0
37400 51 4 267 0
37401 52 5 267 0
37402 59 4 267 0
37403 60 1 267 0
37528 18 5 268 0
37529 19 11 268 0
37530 20 8 268 0
37531 25 7 268 0
37532 26 5 268 0
37533 27 1 268 0
37534 28 9 268 0
37535 35 4 268 0
37536 36 12 268 0
37537 37 8 268 0
37538 38 7 268 0
37539 39 1 268 0
37540 43 10 268 0
37541 44 7 268 0
37542 51 5 268 0
37543 52 1 268 0
37668 12 10 269 0
37669 20 12 269 0
37670 27 2 269 0
37671 28 10 269 0
37672 35 6 269 0
37673 36 5 269 0
37674 43 11 269 0
37675 50 1 269 0
37676 51 10 269 0
37808 12 5 270 0
37809 20 6 270 0
37810 27 1 270 0
37811 28 5 270 0
37812 35 4 270 0
37813 36 2 270 0
37814 43 6 270 0
37815 51 6 270 0
37948 13 10 271 0
37949 20 1 271 0
37950 21 9 271 0
37951 27 7 271 0
37952 28 5 271 0
37953 29 5 271 0
37954 34 8 271 0
37955 35 11 271 0
37956 36 12 271 0
37957 37 2 271 0
37958 42 1 271 0
37959 43 1 271 0
37960 44 8 271 0
37961 51 4 271 0
37962 52 5 271 0
38088 13 1 272 0
38089 14 3 272 0
38090 18 6 272 0
38091 19 5 272 0
38092 21 9 272 0
38093 22 8 272 0
38094 25 7 272 0
38095 26 10 272 0
38096 27 5 272 0
38097 28 7 272 0
38098 29 13 272 0
38099 30 2 272 0
38100 33 5 272 0
38101 34 7 272 0
38102 35 3 272 0
38103 36 8 272 0
38104 37 5 272 0
38105 43 1 272 0
38106 44 11 272 0
38107 51 4 272 0
38108 52 8 272 0
38109 59 2 272 0
38110 60 2 272 0
38228 19 1 273 0
38229 20 11 273 0
38230 21 11 273 0
38231 22 7 273 0
38232 27 12 273 0
38233 28 7 273 0
38234 32 2 273 0
38235 33 4 273 0
38236 35 2 273 0
38237 36 5 273 0
38238 37 7 273 0
38239 41 7 273 0
38240 42 10 273 0
38241 43 3 273 0
38242 44 9 273 0
38243 45 3 273 0
38244 50 3 273 0
38245 51 7 273 0
38246 52 4 273 0
38368 5 2 274 0
38369 12 4 274 0
38370 13 9 274 0
38371 20 10 274 0
38372 27 6 274 0
38373 28 5 274 0
38374 34 2 274 0
38375 35 12 274 0
38376 36 7 274 0
38377 37 6 274 0
38378 42 9 274 0
38379 43 3 274 0
38380 44 3 274 0
38381 45 9 274 0
38382 50 8 274 0
38383 51 1 274 0
38384 52 6 274 0
38385 53 1 274 0
38508 13 7 275 0
38509 14 1 275 0
38510 21 11 275 0
38511 22 1 275 0
38512 26 4 275 0
38513 27 4 275 0
38514 28 1 275 0
38515 29 11 275 0
38516 33 1 275 0
38517 34 11 275 0
38518 35 9 275 0
38519 36 11 275 0
38520 37 8 275 0
38521 41 1 275 0
38522 42 5 275 0
38523 44 10 275 0
38524 45 1 275 0
38525 51 2 275 0
38526 52 7 275 0
38648 12 6 276 0
38649 20 6 276 0
38650 28 8 276 0
38651 35 3 276 0
38652 36 5 276 0
38653 43 6 276 0
38654 44 3 276 0
38655 51 5 276 0
38656 52 1 276 0
38788 4 4 277 0
38789 5 1 277 0
38790 10 1 277 0
38791 11 10 277 0
38792 12 12 277 0
38793 13 12 277 0
38794 18 1 277 0
38795 19 1 277 0
38796 20 1 277 0
38797 21 15 277 0
38798 22 2 277 0
38799 28 2 277 0
38800 29 14 277 0
38801 30 1 277 0
38802 33 6 277 0
38803 34 9 277 0
38804 35 9 277 0
38805 36 13 277 0
38806 37 7 277 0
38807 40 1 277 0
38808 41 11 277 0
38809 42 3 277 0
38810 43 10 277 0
38811 44 12 277 0
38812 45 11 277 0
38813 48 1 277 0
38814 49 10 277 0
38815 50 10 277 0
38816 51 6 277 0
38817 52 1 277 0
38818 53 7 277 0
38928 4 3 278 0
38929 5 1 278 0
38930 11 4 278 0
38931 12 12 278 0
38932 13 7 278 0
38933 19 5 278 0
38934 20 5 278 0
38935 27 1 278 0
38936 28 10 278 0
38937 29 1 278 0
38938 34 5 278 0
38939 35 1 278 0
38940 36 3 278 0
38941 37 13 278 0
38942 42 12 278 0
38943 43 6 278 0
38944 44 10 278 0
38945 45 9 278 0
38946 50 2 278 0
38947 51 8 278 0
38948 52 6 278 0
39068 11 7 279 0
39069 12 10 279 0
39070 13 8 279 0
39071 18 6 279 0
39072 19 12 279 0
39073 20 3 279 0
39074 21 13 279 0
39075 28 8 279 0
39076 29 7 279 0
39077 35 3 279 0
39078 36 11 279 0
39079 37 1 279 0
39080 41 9 279 0
39081 42 1 279 0
39082 44 8 279 0
39083 45 2 279 0
39084 49 7 279 0
39085 50 10 279 0
39086 51 10 279 0
39087 52 9 279 0
39088 58 2 279 0
39089 59 3 279 0
39208 19 4 280 0
39209 20 9 280 0
39210 21 3 280 0
39211 26 3 280 0
39212 27 7 280 0
39213 28 7 280 0
39214 29 5 280 0
39215 34 3 280 0
39216 35 6 280 0
39217 36 9 280 0
39218 37 2 280 0
39219 43 1 280 0
39220 44 7 280 0
39221 51 5 280 0
39222 52 3 280 0
39223 59 4 280 0
39348 10 2 281 0
39349 11 12 281 0
39350 12 9 281 0
39351 13 13 281 0
39352 14 4 281 0
39353 19 1 281 0
39354 21 9 281 0
39355 22 5 281 0
39356 27 1 281 0
39357 28 11 281 0
39358 29 8 281 0
39359 36 6 281 0
39360 37 10 281 0
39361 40 3 281 0
39362 41 4 281 0
39363 44 7 281 0
39364 45 10 281 0
39365 48 2 281 0
39366 49 12 281 0
39367 50 12 281 0
39368 51 13 281 0
39369 52 10 281 0
39370 53 2 281 0
39488 18 5 282 0
39489 19 8 282 0
39490 20 8 282 0
39491 21 1 282 0
39492 25 4 282 0
39493 26 9 282 0
39494 27 1 282 0
39495 28 1 282 0
39496 29 1 282 0
39497 34 2 282 0
39498 35 6 282 0
39499 36 5 282 0
39500 37 7 282 0
39501 45 9 282 0
39502 52 1 282 0
39503 53 7 282 0
39504 60 1 282 0
39505 61 6 282 0
39628 11 11 283 0
39629 12 10 283 0
39630 13 7 283 0
39631 14 1 283 0
39632 18 7 283 0
39633 19 9 283 0
39634 20 2 283 0
39635 21 12 283 0
39636 22 8 283 0
39637 25 3 283 0
39638 26 14 283 0
39639 27 3 283 0
39640 29 4 283 0
39641 30 14 283 0
39642 31 1 283 0
39643 33 6 283 0
39644 34 13 283 0
39645 37 3 283 0
39646 38 15 283 0
39647 39 1 283 0
39648 41 4 283 0
39649 42 14 283 0
39650 43 9 283 0
39651 44 4 283 0
39652 45 11 283 0
39653 46 8 283 0
39654 50 5 283 0
39655 51 12 283 0
39656 52 12 283 0
39657 53 8 283 0
39768 9 3 284 0
39769 10 8 284 0
39770 11 6 284 0
39771 12 8 284 0
39772 13 4 284 0
39773 17 1 284 0
39774 18 13 284 0
39775 19 4 284 0
39776 20 3 284 0
39777 21 2 284 0
39778 26 5 284 0
39779 27 10 284 0
39780 28 8 284 0
39781 29 5 284 0
39782 33 1 284 0
39783 37 9 284 0
39784 38 4 284 0
39785 41 6 284 0
39786 42 7 284 0
39787 45 6 284 0
39788 46 6 284 0
39789 50 7 284 0
39790 51 5 284 0
39791 52 7 284 0
39792 53 10 284 0
39793 59 2 284 0
39794 60 3 284 0
39908 11 1 285 0
39909 12 4 285 0
39910 18 1 285 0
39911 19 11 285 0
39912 20 9 285 0
39913 21 1 285 0
39914 26 3 285 0
39915 27 7 285 0
39916 28 5 285 0
39917 29 1 285 0
39918 35 4 285 0
39919 36 12 285 0
39920 43 3 285 0
39921 44 7 285 0
39922 51 6 285 0
39923 52 3 285 0
39924 59 3 285 0
39925 60 1 285 0
40048 4 3 286 0
40049 5 1 286 0
40050 11 5 286 0
40051 12 14 286 0
40052 13 5 286 0
40053 18 1 286 0
40054 19 14 286 0
40055 20 5 286 0
40056 26 8 286 0
40057 27 15 286 0
40058 28 12 286 0
40059 29 2 286 0
40060 34 9 286 0
40061 35 15 286 0
40062 36 15 286 0
40063 37 13 286 0
40064 38 2 286 0
40065 42 3 286 0
40066 43 15 286 0
40067 44 15 286 0
40068 45 15 286 0
40069 46 6 286 0
40070 51 3 286 0
40071 52 9 286 0
40072 53 6 286 0
40188 20 11 287 0
40189 21 10 287 0
40190 22 9 287 0
40191 27 9 287 0
40192 28 9 287 0
40193 33 5 287 0
40194 36 6 287 0
40195 37 2 287 0
40196 41 7 287 0
40197 42 9 287 0
40198 43 10 287 0
40199 44 8 287 0
40328 17 2 288 0
40329 18 14 288 0
40330 19 11 288 0
40331 20 11 288 0
40332 21 6 288 0
40333 28 4 288 0
40334 29 7 288 0
40335 36 8 288 0
40336 37 1 288 0
40337 43 1 288 0
40338 44 8 288 0
40339 51 3 288 0
40340 52 7 288 0
40341 59 2 288 0
40342 60 6 288 0
40468 13 7 289 0
40469 21 11 289 0
40470 26 1 289 0
40471 27 6 289 0
40472 28 4 289 0
40473 29 7 289 0
40474 34 10 289 0
40475 35 9 289 0
40476 36 11 289 0
40477 37 2 289 0
40478 44 8 289 0
40479 51 2 289 0
40480 52 6 289 0
40608 12 7 290 0
40609 13 1 290 0
40610 20 10 290 0
40611 27 2 290 0
40612 28 9 290 0
40613 35 6 290 0
40614 36 5 290 0
40615 43 11 290 0
40616 44 1 290 0
40617 51 10 290 0
40618 52 1 290 0
40748 11 6 291 0
40749 12 13 291 0
40750 13 8 291 0
40751 19 3 291 0
40752 20 6 291 0
40753 21 9 291 0
40754 27 3 291 0
40755 28 11 291 0
40756 35 1 291 0
40757 36 10 291 0
40758 37 3 291 0
40759 41 6 291 0
40760 42 1 291 0
40761 43 4 291 0
40762 44 11 291 0
40763 49 8 291 0
40764 50 12 291 0
40765 51 12 291 0
40766 52 2 291 0
40888 11 3 292 0
40889 12 5 292 0
40890 19 5 292 0
40891 20 7 292 0
40892 27 8 292 0
40893 28 8 292 0
40894 29 1 292 0
40895 34 4 292 0
40896 35 11 292 0
40897 36 11 292 0
40898 37 6 292 0
40899 38 3 292 0
40900 44 8 292 0
40901 52 7 292 0
41028 11 11 293 0
41029 12 11 293 0
41030 13 13 293 0
41031 14 4 293 0
41032 18 3 293 0
41033 19 15 293 0
41034 20 3 293 0
41035 21 11 293 0
41036 22 8 293 0
41037 26 11 293 0
41038 27 8 293 0
41039 29 6 293 0
41040 30 11 293 0
41041 33 1 293 0
41042 34 15 293 0
41043 35 3 293 0
41044 37 8 293 0
41045 38 9 293 0
41046 41 1 293 0
41047 42 15 293 0
41048 43 8 293 0
41049 44 9 293 0
41050 45 14 293 0
41051 46 5 293 0
41052 49 1 293 0
41053 50 9 293 0
41054 51 15 293 0
41055 52 10 293 0
41056 53 2 293 0
41168 13 1 294 0
41169 17 12 294 0
41170 18 6 294 0
41171 21 12 294 0
41172 22 3 294 0
41173 25 14 294 0
41174 26 8 294 0
41175 28 3 294 0
41176 29 13 294 0
41177 30 7 294 0
41178 33 11 294 0
41179 34 14 294 0
41180 35 13 294 0
41181 36 12 294 0
41182 37 12 294 0
41183 38 7 294 0
41184 41 1 294 0
41185 42 4 294 0
41186 43 2 294 0
41187 45 9 294 0
41188 46 7 294 0
41189 53 4 294 0
41190 54 9 294 0
41191 62 2 294 0
41308 11 1 295 0
41309 12 11 295 0
41310 13 12 295 0
41311 14 3 295 0
41312 19 2 295 0
41313 20 1 295 0
41314 21 5 295 0
41315 22 5 295 0
41316 27 6 295 0
41317 28 7 295 0
41318 29 7 295 0
41319 30 1 295 0
41320 34 1 295 0
41321 35 8 295 0
41322 36 8 295 0
41323 42 9 295 0
41324 43 2 295 0
41325 44 8 295 0
41326 50 8 295 0
41327 51 12 295 0
41328 52 3 295 0
41448 3 2 296 0
41449 11 7 296 0
41450 12 7 296 0
41451 13 1 296 0
41452 18 6 296 0
41453 19 3 296 0
41454 20 9 296 0
41455 21 13 296 0
41456 22 4 296 0
41457 26 11 296 0
41458 29 4 296 0
41459 30 9 296 0
41460 33 1 296 0
41461 34 13 296 0
41462 37 12 296 0
41463 38 3 296 0
41464 42 12 296 0
41465 43 7 296 0
41466 44 8 296 0
41467 45 9 296 0
41468 50 2 296 0
41469 51 9 296 0
41470 52 9 296 0
41471 53 1 296 0
41588 13 4 297 0
41589 14 8 297 0
41590 19 1 297 0
41591 21 7 297 0
41592 22 4 297 0
41593 26 2 297 0
41594 27 7 297 0
41595 28 1 297 0
41596 29 11 297 0
41597 33 3 297 0
41598 34 11 297 0
41599 35 8 297 0
41600 36 10 297 0
41601 37 5 297 0
41602 43 1 297 0
41603 44 8 297 0
41604 51 6 297 0
41605 52 3 297 0
41728 10 5 298 0
41729 11 10 298 0
41730 12 6 298 0
41731 17 1 298 0
41732 18 12 298 0
41733 19 9 298 0
41734 20 13 298 0
41735 27 12 298 0
41736 28 11 298 0
41737 29 1 298 0
41738 35 4 298 0
41739 36 7 298 0
41740 37 12 298 0
41741 44 1 298 0
41742 45 14 298 0
41743 46 2 298 0
41744 50 7 298 0
41745 51 13 298 0
41746 52 12 298 0
41747 53 10 298 0
41748 59 2 298 0
41749 60 3 298 0
41868 4 5 299 0
41869 11 9 299 0
41870 12 6 299 0
41871 18 1 299 0
41872 19 12 299 0
41873 26 8 299 0
41874 27 6 299 0
41875 28 6 299 0
41876 29 12 299 0
41877 30 5 299 0
41878 34 14 299 0
41879 35 10 299 0
41880 36 9 299 0
41881 37 9 299 0
41882 38 5 299 0
41883 42 9 299 0
41884 43 15 299 0
41885 44 12 299 0
41886 45 6 299 0
41887 51 3 299 0
42008 12 5 300 0
42009 13 5 300 0
42010 19 3 300 0
42011 20 12 300 0
42012 21 8 300 0
42013 27 8 300 0
42014 28 8 300 0
42015 29 1 300 0
42016 35 7 300 0
42017 36 7 300 0
42018 43 7 300 0
42019 44 8 300 0
42020 51 9 300 0
42021 52 8 300 0
42022 59 3 300 0
42023 60 1 300 0
42148 18 3 301 0
42149 19 10 301 0
42150 20 9 301 0
42151 21 9 301 0
42152 22 2 301 0
42153 26 6 301 0
42154 27 7 301 0
42155 28 3 301 0
42156 29 12 301 0
42157 30 1 301 0
42158 36 10 301 0
42159 37 2 301 0
42160 43 3 301 0
42161 44 9 301 0
42162 51 10 301 0
42163 52 1 301 0
42164 58 3 301 0
42165 59 6 301 0
42288 4 3 302 0
42289 5 2 302 0
42290 12 11 302 0
42291 13 2 302 0
42292 19 3 302 0
42293 20 10 302 0
42294 27 11 302 0
42295 28 3 302 0
42296 29 1 302 0
42297 34 6 302 0
42298 35 9 302 0
42299 36 13 302 0
42300 37 12 302 0
42301 42 11 302 0
42302 43 12 302 0
42303 44 13 302 0
42304 45 3 302 0
42305 50 2 302 0
42306 51 5 302 0
42428 11 5 303 0
42429 12 14 303 0
42430 13 8 303 0
42431 19 9 303 0
42432 20 9 303 0
42433 21 15 303 0
42434 22 5 303 0
42435 26 5 303 0
42436 27 11 303 0
42437 29 9 303 0
42438 30 11 303 0
42439 33 2 303 0
42440 34 14 303 0
42441 35 2 303 0
42442 37 9 303 0
42443 38 8 303 0
42444 41 6 303 0
42445 42 13 303 0
42446 43 5 303 0
42447 44 11 303 0
42448 45 12 303 0
42449 46 1 303 0
42450 49 2 303 0
42451 50 11 303 0
42452 51 15 303 0
42453 52 9 303 0
42454 53 1 303 0
42568 18 3 304 0
42569 19 7 304 0
42570 20 8 304 0
42571 26 5 304 0
42572 27 5 304 0
42573 28 8 304 0
42574 36 7 304 0
42575 44 6 304 0
42576 52 7 304 0
42577 60 5 304 0
42708 19 11 305 0
42709 20 9 305 0
42710 21 12 305 0
42711 22 3 305 0
42712 26 8 305 0
42713 27 4 305 0
42714 28 4 305 0
42715 29 10 305 0
42716 35 1 305 0
42717 36 11 305 0
42718 37 1 305 0
42719 43 8 305 0
42720 44 5 305 0
42721 50 1 305 0
42722 51 10 305 0
42723 58 5 305 0
42724 59 4 305 0
42848 12 1 306 0
42849 13 3 306 0
42850 14 1 306 0
42851 18 4 306 0
42852 19 12 306 0
42853 20 9 306 0
42854 21 9 306 0
42855 22 2 306 0
42856 26 7 306 0
42857 27 9 306 0
42858 28 8 306 0
42859 29 6 306 0
42860 30 1 306 0
42861 33 5 306 0
42862 37 2 306 0
42863 38 10 306 0
42864 41 7 306 0
42865 42 10 306 0
42866 43 2 306 0
42867 45 5 306 0
42868 46 12 306 0
42869 50 3 306 0
42870 51 9 306 0
42871 52 11 306 0
42872 53 7 306 0
42873 54 1 306 0
42988 18 1 307 0
42989 19 10 307 0
42990 20 11 307 0
42991 21 11 307 0
42992 26 2 307 0
42993 27 3 307 0
42994 28 5 307 0
42995 29 8 307 0
42996 36 10 307 0
42997 37 1 307 0
42998 43 6 307 0
42999 44 5 307 0
43000 51 10 307 0
43001 52 1 307 0
43002 58 1 307 0
43003 59 6 307 0
43128 11 13 308 0
43129 12 13 308 0
43130 13 10 308 0
43131 14 2 308 0
43132 19 2 308 0
43133 21 6 308 0
43134 22 5 308 0
43135 28 1 308 0
43136 29 11 308 0
43137 30 4 308 0
43138 33 1 308 0
43139 34 8 308 0
43140 35 13 308 0
43141 36 14 308 0
43142 37 5 308 0
43143 41 8 308 0
43144 42 15 308 0
43145 43 12 308 0
43146 44 5 308 0
43147 45 14 308 0
43148 46 3 308 0
43149 49 3 308 0
43150 50 2 308 0
43151 53 4 308 0
43152 54 6 308 0
43268 12 8 309 0
43269 13 2 309 0
43270 20 9 309 0
43271 21 1 309 0
43272 27 1 309 0
43273 28 9 309 0
43274 35 7 309 0
43275 36 4 309 0
43276 43 10 309 0
43277 50 3 309 0
43278 51 8 309 0
43408 12 6 310 0
43409 20 8 310 0
43410 27 1 310 0
43411 28 8 310 0
43412 35 3 310 0
43413 36 6 310 0
43414 43 3 310 0
43415 44 5 310 0
43416 51 3 310 0
43417 52 6 310 0
43548 4 4 311 0
43549 11 2 311 0
43550 12 9 311 0
43551 19 9 311 0
43552 20 2 311 0
43553 26 4 311 0
43554 27 7 311 0
43555 28 1 311 0
43556 29 4 311 0
43557 34 12 311 0
43558 35 1 311 0
43559 36 10 311 0
43560 37 14 311 0
43561 38 1 311 0
43562 42 11 311 0
43563 43 11 311 0
43564 44 15 311 0
43565 45 8 311 0
43566 50 1 311 0
43567 51 4 311 0
43568 52 4 311 0
43688 10 1 312 0
43689 11 6 312 0
43690 12 8 312 0
43691 18 12 312 0
43692 19 7 312 0
43693 20 1 312 0
43694 26 6 312 0
43695 27 10 312 0
43696 28 6 312 0
43697 29 8 312 0
43698 30 8 312 0
43699 31 2 312 0
43700 35 7 312 0
43701 36 14 312 0
43702 37 3 312 0
43703 38 1 312 0
43704 39 1 312 0
43705 43 12 312 0
43706 44 10 312 0
43707 45 2 312 0
43708 51 11 312 0
43709 52 12 312 0
43710 59 2 312 0
43711 60 1 312 0
43828 12 4 313 0
43829 19 9 313 0
43830 20 9 313 0
43831 21 5 313 0
43832 26 5 313 0
43833 27 5 313 0
43834 28 7 313 0
43835 29 3 313 0
43836 34 1 313 0
43837 35 8 313 0
43838 36 10 313 0
43839 43 5 313 0
43840 44 5 313 0
43841 51 9 313 0
43842 52 1 313 0
43843 59 4 313 0
43968 10 1 314 0
43969 11 3 314 0
43970 18 2 314 0
43971 19 4 314 0
43972 21 4 314 0
43973 22 4 314 0
43974 26 6 314 0
43975 27 2 314 0
43976 29 8 314 0
43977 34 11 314 0
43978 35 8 314 0
43979 36 7 314 0
43980 37 10 314 0
43981 44 4 314 0
43982 45 6 314 0
43983 52 7 314 0
43984 60 1 314 0
44108 12 4 315 0
44109 13 9 315 0
44110 20 9 315 0
44111 21 6 315 0
44112 27 1 315 0
44113 28 12 315 0
44114 29 1 315 0
44115 35 6 315 0
44116 36 7 315 0
44117 43 12 315 0
44118 44 2 315 0
44119 50 4 315 0
44120 51 9 315 0
44248 10 4 316 0
44249 11 5 316 0
44250 12 5 316 0
44251 17 1 316 0
44252 18 11 316 0
44253 19 3 316 0
44254 26 6 316 0
44255 27 7 316 0
44256 28 6 316 0
44257 29 3 316 0
44258 35 1 316 0
44259 37 7 316 0
44260 38 2 316 0
44261 45 6 316 0
44262 46 1 316 0
44263 51 6 316 0
44264 52 4 316 0
44265 53 9 316 0
44266 59 1 316 0
44267 60 3 316 0
44388 4 2 317 0
44389 5 4 317 0
44390 11 9 317 0
44391 12 8 317 0
44392 13 9 317 0
44393 14 8 317 0
44394 19 1 317 0
44395 21 6 317 0
44396 22 9 317 0
44397 28 2 317 0
44398 29 13 317 0
44399 30 2 317 0
44400 33 3 317 0
44401 34 11 317 0
44402 35 9 317 0
44403 36 13 317 0
44404 37 3 317 0
44405 41 11 317 0
44406 42 8 317 0
44407 43 12 317 0
44408 44 12 317 0
44409 45 6 317 0
44410 49 6 317 0
44411 50 9 317 0
44412 51 4 317 0
44413 52 1 317 0
44528 12 8 318 0
44529 13 2 318 0
44530 18 4 318 0
44531 19 9 318 0
44532 20 10 318 0
44533 21 2 318 0
44534 26 2 318 0
44535 27 1 318 0
44536 28 7 318 0
44537 35 8 318 0
44538 36 6 318 0
44539 37 6 318 0
44540 38 2 318 0
44541 42 4 318 0
44542 43 12 318 0
44543 44 3 318 0
44544 45 1 318 0
44545 46 10 318 0
44546 49 1 318 0
44547 50 10 318 0
44548 51 1 318 0
44549 54 1 318 0
44550 55 1 318 0
44551 57 1 318 0
44552 58 1 318 0
44668 12 3 319 0
44669 13 4 319 0
44670 19 5 319 0
44671 20 8 319 0
44672 21 10 319 0
44673 26 2 319 0
44674 27 9 319 0
44675 28 5 319 0
44676 29 10 319 0
44677 34 1 319 0
44678 35 7 319 0
44679 36 13 319 0
44680 43 5 319 0
44681 44 7 319 0
44682 51 10 319 0
44683 52 1 319 0
44684 58 1 319 0
44685 59 4 319 0
44808 11 6 320 0
44809 12 12 320 0
44810 13 2 320 0
44811 19 12 320 0
44812 20 8 320 0
44813 21 11 320 0
44814 26 6 320 0
44815 27 7 320 0
44816 29 12 320 0
44817 30 1 320 0
44818 34 9 320 0
44819 35 1 320 0
44820 37 11 320 0
44821 42 9 320 0
44822 43 8 320 0
44823 44 10 320 0
44824 45 11 320 0
44825 50 3 320 0
44826 51 14 320 0
44827 52 12 320 0
44828 53 2 320 0
44948 11 6 321 0
44949 12 10 321 0
44950 13 12 321 0
44951 14 1 321 0
44952 19 4 321 0
44953 20 2 321 0
44954 21 13 321 0
44955 22 1 321 0
44956 27 2 321 0
44957 28 11 321 0
44958 29 4 321 0
44959 35 1 321 0
44960 36 7 321 0
44961 37 6 321 0
44962 41 9 321 0
44963 42 3 321 0
44964 43 1 321 0
44965 44 12 321 0
44966 45 1 321 0
44967 49 4 321 0
44968 50 13 321 0
44969 51 13 321 0
44970 52 4 321 0
45088 11 1 322 0
45089 12 3 322 0
45090 18 4 322 0
45091 19 7 322 0
45092 20 4 322 0
45093 21 7 322 0
45094 25 1 322 0
45095 26 7 322 0
45096 28 3 322 0
45097 29 10 322 0
45098 34 9 322 0
45099 35 6 322 0
45100 36 6 322 0
45101 37 7 322 0
45102 44 3 322 0
45103 45 6 322 0
45104 52 6 322 0
45105 53 3 322 0
45106 60 3 322 0
45107 61 1 322 0
45228 4 7 323 0
45229 11 8 323 0
45230 12 5 323 0
45231 18 2 323 0
45232 19 11 323 0
45233 26 12 323 0
45234 27 4 323 0
45235 29 3 323 0
45236 30 1 323 0
45237 33 2 323 0
45238 34 13 323 0
45239 36 9 323 0
45240 37 14 323 0
45241 38 8 323 0
45242 42 9 323 0
45243 43 13 323 0
45244 44 14 323 0
45245 45 10 323 0
45246 46 1 323 0
45368 17 1 324 0
45369 18 6 324 0
45370 19 9 324 0
45371 20 11 324 0
45372 21 10 324 0
45373 25 2 324 0
45374 26 4 324 0
45375 27 1 324 0
45376 28 5 324 0
45377 29 6 324 0
45378 34 7 324 0
45379 35 8 324 0
45380 36 12 324 0
45381 37 9 324 0
45382 38 3 324 0
45383 44 9 324 0
45384 51 2 324 0
45385 52 6 324 0
45386 59 4 324 0
45387 60 2 324 0
45508 11 6 325 0
45509 12 13 325 0
45510 13 12 325 0
45511 14 5 325 0
45512 19 4 325 0
45513 20 1 325 0
45514 21 6 325 0
45515 22 11 325 0
45516 28 2 325 0
45517 29 13 325 0
45518 30 4 325 0
45519 33 1 325 0
45520 34 9 325 0
45521 35 11 325 0
45522 36 14 325 0
45523 37 4 325 0
45524 41 11 325 0
45525 42 15 325 0
45526 43 14 325 0
45527 44 12 325 0
45528 45 5 325 0
45529 49 5 325 0
45530 50 7 325 0
45531 51 1 325 0
45532 52 9 325 0
45533 53 6 325 0
45648 11 1 326 0
45649 12 11 326 0
45650 13 5 326 0
45651 19 10 326 0
45652 20 10 326 0
45653 21 8 326 0
45654 26 8 326 0
45655 27 8 326 0
45656 29 6 326 0
45657 30 5 326 0
45658 34 12 326 0
45659 35 1 326 0
45660 37 6 326 0
45661 38 3 326 0
45662 42 11 326 0
45663 44 5 326 0
45664 45 7 326 0
45665 50 7 326 0
45666 51 12 326 0
45667 52 8 326 0
45788 11 4 327 0
45789 12 13 327 0
45790 13 14 327 0
45791 14 2 327 0
45792 19 1 327 0
45793 20 3 327 0
45794 21 13 327 0
45795 22 1 327 0
45796 27 5 327 0
45797 28 13 327 0
45798 29 3 327 0
45799 36 8 327 0
45800 37 4 327 0
45801 40 3 327 0
45802 41 5 327 0
45803 43 4 327 0
45804 44 11 327 0
45805 48 3 327 0
45806 49 11 327 0
45807 50 11 327 0
45808 51 10 327 0
45809 52 1 327 0
45928 12 7 328 0
45929 13 8 328 0
45930 14 4 328 0
45931 19 9 328 0
45932 20 10 328 0
45933 21 6 328 0
45934 22 3 328 0
45935 26 6 328 0
45936 27 13 328 0
45937 28 3 328 0
45938 34 12 328 0
45939 35 10 328 0
45940 36 12 328 0
45941 37 12 328 0
45942 42 1 328 0
45943 43 2 328 0
45944 44 12 328 0
45945 45 7 328 0
45946 50 4 328 0
45947 51 13 328 0
45948 52 10 328 0
45949 59 3 328 0
46068 6 2 329 0
46069 13 4 329 0
46070 14 6 329 0
46071 19 2 329 0
46072 21 11 329 0
46073 22 3 329 0
46074 26 6 329 0
46075 27 6 329 0
46076 28 3 329 0
46077 29 10 329 0
46078 33 5 329 0
46079 34 13 329 0
46080 35 9 329 0
46081 36 12 329 0
46082 37 3 329 0
46083 43 2 329 0
46084 44 10 329 0
46085 51 3 329 0
46086 52 5 329 0
46208 10 6 330 0
46209 11 13 330 0
46210 12 7 330 0
46211 18 1 330 0
46212 19 4 330 0
46213 20 12 330 0
46214 27 2 330 0
46215 28 9 330 0
46216 29 4 330 0
46217 36 1 330 0
46218 37 13 330 0
46219 44 8 330 0
46220 45 10 330 0
46221 49 1 330 0
46222 50 12 330 0
46223 51 14 330 0
46224 52 12 330 0
46348 4 4 331 0
46349 11 3 331 0
46350 12 8 331 0
46351 19 8 331 0
46352 20 3 331 0
46353 26 2 331 0
46354 27 10 331 0
46355 29 6 331 0
46356 34 9 331 0
46357 35 6 331 0
46358 36 9 331 0
46359 37 14 331 0
46360 38 1 331 0
46361 42 4 331 0
46362 43 14 331 0
46363 44 14 331 0
46364 45 1 331 0
46365 52 3 331 0
46488 11 2 332 0
46489 12 3 332 0
46490 13 9 332 0
46491 14 4 332 0
46492 18 3 332 0
46493 19 12 332 0
46494 20 6 332 0
46495 21 1 332 0
46496 26 4 332 0
46497 27 9 332 0
46498 28 1 332 0
46499 35 1 332 0
46500 36 7 332 0
46501 37 4 332 0
46502 42 3 332 0
46503 45 12 332 0
46504 50 4 332 0
46505 51 10 332 0
46506 52 12 332 0
46507 53 5 332 0
46628 11 6 333 0
46629 12 9 333 0
46630 13 8 333 0
46631 14 2 333 0
46632 18 4 333 0
46633 19 8 333 0
46634 20 1 333 0
46635 21 5 333 0
46636 22 10 333 0
46637 26 3 333 0
46638 27 10 333 0
46639 28 7 333 0
46640 29 7 333 0
46641 30 1 333 0
46642 34 2 333 0
46643 35 9 333 0
46644 36 9 333 0
46645 37 4 333 0
46646 42 9 333 0
46647 43 3 333 0
46648 44 1 333 0
46649 45 10 333 0
46650 50 6 333 0
46651 51 9 333 0
46652 52 10 333 0
46653 53 3 333 0
46654 59 3 333 0
46655 60 1 333 0
46768 11 8 334 0
46769 12 5 334 0
46770 18 6 334 0
46771 19 6 334 0
46772 20 7 334 0
46773 21 3 334 0
46774 26 11 334 0
46775 28 7 334 0
46776 29 11 334 0
46777 34 8 334 0
46778 35 7 334 0
46779 36 10 334 0
46780 37 5 334 0
46781 43 4 334 0
46782 44 10 334 0
46783 45 2 334 0
46784 52 8 334 0
46785 53 1 334 0
46786 60 2 334 0
46787 61 1 334 0
46908 14 2 335 0
46909 19 3 335 0
46910 20 4 335 0
46911 21 9 335 0
46912 22 10 335 0
46913 23 1 335 0
46914 26 3 335 0
46915 27 12 335 0
46916 28 5 335 0
46917 33 3 335 0
46918 34 2 335 0
46919 36 5 335 0
46920 37 3 335 0
46921 41 2 335 0
46922 42 9 335 0
46923 43 7 335 0
46924 44 10 335 0
46925 51 2 335 0
47048 11 4 336 0
47049 13 5 336 0
47050 19 6 336 0
47051 20 3 336 0
47052 21 6 336 0
47053 26 3 336 0
47054 27 6 336 0
47055 28 6 336 0
47056 29 2 336 0
47057 34 6 336 0
47058 35 9 336 0
47059 36 11 336 0
47060 44 8 336 0
47061 51 2 336 0
47062 52 6 336 0
47063 59 1 336 0
47064 60 1 336 0
47188 18 5 337 0
47189 19 11 337 0
47190 20 10 337 0
47191 21 10 337 0
47192 22 6 337 0
47193 26 12 337 0
47194 27 1 337 0
47195 28 3 337 0
47196 29 13 337 0
47197 30 2 337 0
47198 34 2 337 0
47199 36 11 337 0
47200 37 4 337 0
47201 43 6 337 0
47202 44 8 337 0
47203 50 1 337 0
47204 51 13 337 0
47205 52 1 337 0
47206 58 5 337 0
47207 59 6 337 0
47328 11 2 338 0
47329 13 1 338 0
47330 14 1 338 0
47331 19 6 338 0
47332 21 9 338 0
47333 22 1 338 0
47334 26 6 338 0
47335 27 2 338 0
47336 28 2 338 0
47337 29 7 338 0
47338 34 7 338 0
47339 35 6 338 0
47340 36 9 338 0
47341 37 5 338 0
47342 38 2 338 0
47343 44 8 338 0
47344 52 6 338 0
47345 60 2 338 0
47468 4 1 339 0
47469 5 3 339 0
47470 11 8 339 0
47471 12 10 339 0
47472 13 13 339 0
47473 14 5 339 0
47474 19 4 339 0
47475 20 1 339 0
47476 21 9 339 0
47477 22 5 339 0
47478 28 3 339 0
47479 29 12 339 0
47480 30 1 339 0
47481 33 3 339 0
47482 34 9 339 0
47483 35 9 339 0
47484 36 14 339 0
47485 37 5 339 0
47486 40 1 339 0
47487 41 14 339 0
47488 42 11 339 0
47489 43 13 339 0
47490 44 7 339 0
47491 45 11 339 0
47492 49 6 339 0
47493 50 6 339 0
47494 51 1 339 0
47495 52 1 339 0
47496 53 9 339 0
47608 12 3 340 0
47609 19 8 340 0
47610 20 12 340 0
47611 26 3 340 0
47612 27 10 340 0
47613 28 9 340 0
47614 29 2 340 0
47615 33 1 340 0
47616 34 12 340 0
47617 35 2 340 0
47618 36 4 340 0
47619 37 10 340 0
47620 44 6 340 0
47621 45 8 340 0
47622 51 1 340 0
47623 52 10 340 0
47624 59 1 340 0
47625 60 3 340 0
47748 11 8 341 0
47749 12 14 341 0
47750 13 13 341 0
47751 14 5 341 0
47752 19 3 341 0
47753 20 1 341 0
47754 21 9 341 0
47755 22 10 341 0
47756 27 3 341 0
47757 28 9 341 0
47758 29 9 341 0
47759 30 1 341 0
47760 33 2 341 0
47761 35 3 341 0
47762 36 8 341 0
47763 37 5 341 0
47764 40 4 341 0
47765 41 11 341 0
47766 44 9 341 0
47767 45 5 341 0
47768 49 9 341 0
47769 50 13 341 0
47770 51 13 341 0
47771 52 9 341 0
47888 12 1 342 0
47889 13 2 342 0
47890 20 5 342 0
47891 21 1 342 0
47892 27 9 342 0
47893 28 9 342 0
47894 29 3 342 0
47895 30 1 342 0
47896 34 6 342 0
47897 35 4 342 0
47898 36 9 342 0
47899 37 3 342 0
47900 42 2 342 0
47901 44 8 342 0
47902 51 1 342 0
47903 52 6 342 0
47904 60 1 342 0
48028 12 11 343 0
48029 13 10 343 0
48030 14 5 343 0
48031 19 6 343 0
48032 20 2 343 0
48033 21 3 343 0
48034 22 9 343 0
48035 27 3 343 0
48036 28 10 343 0
48037 29 7 343 0
48038 30 1 343 0
48039 34 2 343 0
48040 35 9 343 0
48041 36 10 343 0
48042 42 12 343 0
48043 43 4 343 0
48044 44 7 343 0
48045 50 11 343 0
48046 51 12 343 0
48047 52 1 343 0
48168 11 1 344 0
48169 12 4 344 0
48170 18 1 344 0
48171 19 8 344 0
48172 20 2 344 0
48173 21 2 344 0
48174 26 11 344 0
48175 27 1 344 0
48176 28 2 344 0
48177 29 8 344 0
48178 34 4 344 0
48179 35 9 344 0
48180 36 11 344 0
48181 37 1 344 0
48182 44 7 344 0
48183 52 7 344 0
48184 53 1 344 0
48185 60 3 344 0
48186 61 1 344 0
48308 12 5 345 0
48309 13 9 345 0
48310 20 7 345 0
48311 21 7 345 0
48312 28 12 345 0
48313 29 1 345 0
48314 35 6 345 0
48315 36 8 345 0
48316 43 12 345 0
48317 44 1 345 0
48318 50 4 345 0
48319 51 9 345 0
48448 11 1 346 0
48449 12 8 346 0
48450 13 2 346 0
48451 19 8 346 0
48452 20 5 346 0
48453 21 9 346 0
48454 26 1 346 0
48455 27 10 346 0
48456 28 8 346 0
48457 29 7 346 0
48458 35 1 346 0
48459 36 8 346 0
48460 37 2 346 0
48461 41 1 346 0
48462 44 9 346 0
48463 49 3 346 0
48464 50 9 346 0
48465 51 8 346 0
48466 52 5 346 0
48467 58 1 346 0
48468 59 2 346 0
48588 4 2 347 0
48589 5 2 347 0
48590 11 7 347 0
48591 12 9 347 0
48592 13 13 347 0
48593 14 3 347 0
48594 21 7 347 0
48595 22 6 347 0
48596 29 11 347 0
48597 30 3 347 0
48598 33 5 347 0
48599 34 11 347 0
48600 35 8 347 0
48601 36 11 347 0
48602 37 8 347 0
48603 41 13 347 0
48604 42 5 347 0
48605 43 10 347 0
48606 44 13 347 0
48607 45 9 347 0
48608 49 7 347 0
48609 50 10 347 0
48610 51 4 347 0
48611 53 6 347 0
48728 11 1 348 0
48729 12 11 348 0
48730 13 8 348 0
48731 19 11 348 0
48732 20 11 348 0
48733 21 11 348 0
48734 26 1 348 0
48735 27 11 348 0
48736 28 12 348 0
48737 29 2 348 0
48738 35 11 348 0
48739 36 12 348 0
48740 37 2 348 0
48741 42 2 348 0
48742 43 12 348 0
48743 44 9 348 0
48744 45 10 348 0
48745 51 12 348 0
48746 52 8 348 0
48747 53 1 348 0
48868 18 13 349 0
48869 19 9 349 0
48870 20 10 349 0
48871 21 11 349 0
48872 22 9 349 0
48873 25 2 349 0
48874 26 8 349 0
48875 28 1 349 0
48876 29 11 349 0
48877 30 4 349 0
48878 36 7 349 0
48879 37 5 349 0
48880 43 3 349 0
48881 44 9 349 0
48882 51 11 349 0
48883 52 2 349 0
48884 58 4 349 0
48885 59 6 349 0
49008 11 2 350 0
49009 12 4 350 0
49010 18 1 350 0
49011 19 11 350 0
49012 20 11 350 0
49013 21 2 350 0
49014 26 7 350 0
49015 27 3 350 0
49016 28 6 350 0
49017 29 5 350 0
49018 34 6 350 0
49019 35 9 350 0
49020 36 13 350 0
49021 37 1 350 0
49022 44 9 350 0
49023 52 10 350 0
49024 53 1 350 0
49025 60 4 350 0
49148 12 3 351 0
49149 13 11 351 0
49150 20 7 351 0
49151 21 10 351 0
49152 27 1 351 0
49153 28 12 351 0
49154 29 3 351 0
49155 35 7 351 0
49156 36 8 351 0
49157 42 2 351 0
49158 43 14 351 0
49159 44 1 351 0
49160 50 4 351 0
49161 51 10 351 0
49288 11 9 352 0
49289 12 11 352 0
49290 13 6 352 0
49291 18 5 352 0
49292 19 7 352 0
49293 21 11 352 0
49294 26 7 352 0
49295 27 12 352 0
49296 28 10 352 0
49297 29 6 352 0
49298 34 4 352 0
49299 35 8 352 0
49300 36 6 352 0
49301 37 11 352 0
49302 38 2 352 0
49303 42 5 352 0
49304 43 5 352 0
49305 45 6 352 0
49306 46 5 352 0
49307 50 1 352 0
49308 51 11 352 0
49309 52 12 352 0
49310 53 10 352 0
49311 54 1 352 0
49428 11 3 353 0
49429 12 3 353 0
49430 18 1 353 0
49431 19 12 353 0
49432 20 12 353 0
49433 21 13 353 0
49434 26 1 353 0
49435 27 2 353 0
49436 28 4 353 0
49437 29 10 353 0
49438 36 11 353 0
49439 37 2 353 0
49440 43 5 353 0
49441 44 7 353 0
49442 50 1 353 0
49443 51 12 353 0
49444 52 1 353 0
49445 58 3 353 0
49446 59 4 353 0
49568 11 6 354 0
49569 18 2 354 0
49570 19 8 354 0
49571 26 5 354 0
49572 27 7 354 0
49573 28 7 354 0
49574 29 3 354 0
49575 35 4 354 0
49576 36 12 354 0
49577 44 8 354 0
49578 52 6 354 0
49579 60 1 354 0
49708 12 3 355 0
49709 13 7 355 0
49710 20 9 355 0
49711 21 6 355 0
49712 27 1 355 0
49713 28 13 355 0
49714 29 1 355 0
49715 35 10 355 0
49716 36 7 355 0
49717 42 6 355 0
49718 43 13 355 0
49719 50 10 355 0
49720 51 6 355 0
49848 10 9 356 0
49849 11 10 356 0
49850 12 4 356 0
49851 18 3 356 0
49852 19 1 356 0
49853 20 8 356 0
49854 21 3 356 0
49855 27 1 356 0
49856 28 11 356 0
49857 29 2 356 0
49858 36 8 356 0
49859 37 1 356 0
49860 44 6 356 0
49861 45 2 356 0
49862 50 1 356 0
49863 51 7 356 0
49864 52 11 356 0
49865 59 2 356 0
49866 60 2 356 0
49988 12 5 357 0
49989 13 8 357 0
49990 20 10 357 0
49991 21 7 357 0
49992 27 1 357 0
49993 28 14 357 0
49994 29 2 357 0
49995 35 7 357 0
49996 36 10 357 0
49997 42 1 357 0
49998 43 14 357 0
49999 44 3 357 0
50000 50 4 357 0
50001 51 11 357 0
50128 11 7 358 0
50129 19 8 358 0
50130 20 1 358 0
50131 27 5 358 0
50132 28 4 358 0
50133 35 4 358 0
50134 36 6 358 0
50135 43 2 358 0
50136 44 9 358 0
50137 51 2 358 0
50138 52 8 358 0
50268 11 1 359 0
50269 12 11 359 0
50270 13 1 359 0
50271 19 8 359 0
50272 20 13 359 0
50273 21 14 359 0
50274 22 3 359 0
50275 26 4 359 0
50276 27 9 359 0
50277 28 1 359 0
50278 29 4 359 0
50279 30 11 359 0
50280 33 2 359 0
50281 34 13 359 0
50282 35 1 359 0
50283 37 3 359 0
50284 38 10 359 0
50285 41 5 359 0
50286 42 9 359 0
50287 44 3 359 0
50288 45 11 359 0
50289 46 3 359 0
50290 49 1 359 0
50291 50 13 359 0
50292 51 12 359 0
50293 52 10 359 0
50294 53 2 359 0
50408 2 2 360 0
50409 3 3 360 0
50410 9 3 360 0
50411 10 13 360 0
50412 11 12 360 0
50413 12 7 360 0
50414 17 1 360 0
50415 18 1 360 0
50416 20 13 360 0
50417 27 2 360 0
50418 28 11 360 0
50419 34 1 360 0
50420 35 11 360 0
50421 36 3 360 0
50422 42 5 360 0
50423 43 13 360 0
50424 44 5 360 0
50425 45 5 360 0
50426 46 5 360 0
50427 47 2 360 0
50428 50 1 360 0
50429 51 6 360 0
50430 52 9 360 0
50431 53 10 360 0
50432 54 7 360 0
50433 55 2 360 0
50548 11 3 361 0
50549 12 10 361 0
50550 13 8 361 0
50551 14 2 361 0
50552 19 6 361 0
50553 20 5 361 0
50554 21 10 361 0
50555 22 8 361 0
50556 27 3 361 0
50557 28 9 361 0
50558 29 9 361 0
50559 30 1 361 0
50560 35 5 361 0
50561 36 11 361 0
50562 37 1 361 0
50563 41 8 361 0
50564 44 9 361 0
50565 45 2 361 0
50566 49 8 361 0
50567 50 13 361 0
50568 51 10 361 0
50569 52 10 361 0
50570 58 2 361 0
50571 59 2 361 0
50688 12 3 362 0
50689 19 9 362 0
50690 20 10 362 0
50691 21 3 362 0
50692 26 3 362 0
50693 27 7 362 0
50694 28 2 362 0
50695 29 9 362 0
50696 35 9 362 0
50697 36 12 362 0
50698 37 3 362 0
50699 44 10 362 0
50700 52 9 362 0
50701 60 4 362 0
50828 13 10 363 0
50829 20 2 363 0
50830 21 10 363 0
50831 26 3 363 0
50832 27 3 363 0
50833 28 7 363 0
50834 29 3 363 0
50835 34 9 363 0
50836 35 10 363 0
50837 36 12 363 0
50838 43 7 363 0
50839 44 4 363 0
50840 51 8 363 0
50968 11 1 364 0
50969 12 4 364 0
50970 19 7 364 0
50971 20 4 364 0
50972 21 4 364 0
50973 26 3 364 0
50974 27 4 364 0
50975 28 5 364 0
50976 29 3 364 0
50977 34 4 364 0
50978 35 5 364 0
50979 36 8 364 0
50980 43 4 364 0
50981 44 7 364 0
50982 51 2 364 0
50983 52 4 364 0
50984 59 2 364 0
50985 60 1 364 0
51108 10 2 365 0
51109 11 8 365 0
51110 12 14 365 0
51111 13 8 365 0
51112 18 4 365 0
51113 19 5 365 0
51114 20 1 365 0
51115 21 12 365 0
51116 28 3 365 0
51117 29 12 365 0
51118 33 1 365 0
51119 34 5 365 0
51120 35 6 365 0
51121 36 12 365 0
51122 37 2 365 0
51123 41 11 365 0
51124 42 15 365 0
51125 43 14 365 0
51126 44 13 365 0
51127 45 2 365 0
51128 49 3 365 0
51129 50 5 365 0
51130 51 1 365 0
51131 52 7 365 0
51132 53 8 365 0
51248 11 2 366 0
51249 12 4 366 0
51250 19 2 366 0
51251 20 6 366 0
51252 27 2 366 0
51253 28 7 366 0
51254 35 2 366 0
51255 36 6 366 0
51256 43 4 366 0
51257 44 5 366 0
51258 51 10 366 0
51259 52 1 366 0
51388 4 5 367 0
51389 11 5 367 0
51390 12 8 367 0
51391 19 12 367 0
51392 20 2 367 0
51393 26 7 367 0
51394 27 7 367 0
51395 29 2 367 0
51396 30 1 367 0
51397 34 14 367 0
51398 35 1 367 0
51399 36 8 367 0
51400 37 14 367 0
51401 38 6 367 0
51402 42 10 367 0
51403 43 13 367 0
51404 44 14 367 0
51405 45 8 367 0
51406 51 5 367 0
51407 52 3 367 0
51528 11 7 368 0
51529 12 5 368 0
51530 19 7 368 0
51531 20 6 368 0
51532 21 1 368 0
51533 22 2 368 0
51534 27 4 368 0
51535 28 10 368 0
51536 29 5 368 0
51537 30 2 368 0
51538 35 8 368 0
51539 36 8 368 0
51540 42 5 368 0
51541 43 4 368 0
51542 44 9 368 0
51543 50 4 368 0
51544 51 10 368 0
51545 52 3 368 0
51668 13 3 369 0
51669 14 5 369 0
51670 19 5 369 0
51671 21 11 369 0
51672 22 1 369 0
51673 26 5 369 0
51674 27 7 369 0
51675 28 4 369 0
51676 29 6 369 0
51677 34 9 369 0
51678 35 9 369 0
51679 36 12 369 0
51680 37 2 369 0
51681 44 8 369 0
51682 51 1 369 0
51683 52 7 369 0
51684 60 1 369 0
51808 11 1 370 0
51809 12 5 370 0
51810 13 1 370 0
51811 18 2 370 0
51812 19 10 370 0
51813 20 12 370 0
51814 21 1 370 0
51815 27 2 370 0
51816 28 9 370 0
51817 35 3 370 0
51818 36 8 370 0
51819 43 4 370 0
51820 44 6 370 0
51821 51 5 370 0
51822 52 5 370 0
51823 59 2 370 0
51824 60 3 370 0
51948 18 9 371 0
51949 19 14 371 0
51950 20 12 371 0
51951 21 9 371 0
51952 22 2 371 0
51953 26 11 371 0
51954 27 3 371 0
51955 28 1 371 0
51956 29 10 371 0
51957 30 5 371 0
51958 36 4 371 0
51959 37 12 371 0
51960 43 1 371 0
51961 44 12 371 0
51962 45 1 371 0
51963 51 9 371 0
51964 52 6 371 0
51965 58 2 371 0
51966 59 8 371 0
52088 10 3 372 0
52089 11 3 372 0
52090 13 1 372 0
52091 18 8 372 0
52092 19 1 372 0
52093 20 4 372 0
52094 21 3 372 0
52095 26 8 372 0
52096 28 7 372 0
52097 29 1 372 0
52098 30 1 372 0
52099 34 4 372 0
52100 35 7 372 0
52101 36 11 372 0
52102 37 5 372 0
52103 38 1 372 0
52104 44 7 372 0
52105 52 7 372 0
52228 13 5 373 0
52229 14 3 373 0
52230 21 11 373 0
52231 22 1 373 0
52232 26 6 373 0
52233 27 3 373 0
52234 28 4 373 0
52235 29 6 373 0
52236 33 3 373 0
52237 34 12 373 0
52238 35 7 373 0
52239 36 11 373 0
52240 37 1 373 0
52241 43 5 373 0
52242 44 5 373 0
52243 51 6 373 0
52244 52 2 373 0
52368 11 3 374 0
52369 12 1 374 0
52370 18 2 374 0
52371 19 13 374 0
52372 20 7 374 0
52373 26 8 374 0
52374 27 9 374 0
52375 28 12 374 0
52376 29 3 374 0
52377 34 6 374 0
52378 35 14 374 0
52379 36 15 374 0
52380 37 6 374 0
52381 43 3 374 0
52382 44 10 374 0
52383 45 4 374 0
52384 52 10 374 0
52385 53 1 374 0
52386 60 4 374 0
52387 61 1 374 0
52508 4 1 375 0
52509 5 2 375 0
52510 11 3 375 0
52511 12 13 375 0
52512 13 14 375 0
52513 14 5 375 0
52514 19 6 375 0
52515 20 3 375 0
52516 21 7 375 0
52517 22 7 375 0
52518 28 2 375 0
52519 29 13 375 0
52520 30 3 375 0
52521 33 4 375 0
52522 34 11 375 0
52523 35 10 375 0
52524 36 14 375 0
52525 37 5 375 0
52526 40 1 375 0
52527 41 14 375 0
52528 42 10 375 0
52529 43 13 375 0
52530 44 10 375 0
52531 45 8 375 0
52532 49 4 375 0
52533 50 5 375 0
52534 51 1 375 0
52535 52 2 375 0
52536 53 7 375 0
52648 11 6 376 0
52649 12 12 376 0
52650 19 11 376 0
52651 20 4 376 0
52652 27 8 376 0
52653 35 4 376 0
52654 36 9 376 0
52655 43 3 376 0
52656 44 5 376 0
52657 45 6 376 0
52658 51 8 376 0
52659 52 15 376 0
52660 53 6 376 0
52788 18 5 377 0
52789 19 12 377 0
52790 20 12 377 0
52791 21 13 377 0
52792 22 6 377 0
52793 26 11 377 0
52794 27 5 377 0
52795 28 3 377 0
52796 29 13 377 0
52797 30 3 377 0
52798 36 9 377 0
52799 37 7 377 0
52800 43 6 377 0
52801 44 11 377 0
52802 50 2 377 0
52803 51 14 377 0
52804 52 2 377 0
52805 58 6 377 0
52806 59 6 377 0
52928 3 3 378 0
52929 4 2 378 0
52930 10 8 378 0
52931 11 10 378 0
52932 12 12 378 0
52933 20 7 378 0
52934 21 4 378 0
52935 28 7 378 0
52936 29 1 378 0
52937 33 2 378 0
52938 34 10 378 0
52939 35 9 378 0
52940 36 9 378 0
52941 41 5 378 0
52942 42 11 378 0
52943 43 9 378 0
52944 44 12 378 0
52945 45 6 378 0
52946 46 8 378 0
52947 50 3 378 0
52948 51 6 378 0
52949 52 3 378 0
52950 53 7 378 0
52951 54 4 378 0
53068 13 7 379 0
53069 14 2 379 0
53070 21 9 379 0
53071 26 1 379 0
53072 27 6 379 0
53073 28 6 379 0
53074 29 4 379 0
53075 34 7 379 0
53076 35 9 379 0
53077 36 11 379 0
53078 37 1 379 0
53079 43 6 379 0
53080 44 3 379 0
53081 51 8 379 0
53208 10 8 380 0
53209 11 3 380 0
53210 17 1 380 0
53211 18 12 380 0
53212 21 8 380 0
53213 22 3 380 0
53214 25 5 380 0
53215 26 9 380 0
53216 28 1 380 0
53217 29 12 380 0
53218 33 4 380 0
53219 34 11 380 0
53220 35 5 380 0
53221 36 8 380 0
53222 37 13 380 0
53223 38 7 380 0
53224 42 3 380 0
53225 43 8 380 0
53226 44 9 380 0
53227 45 7 380 0
53228 52 4 380 0
53229 53 8 380 0
53348 4 2 381 0
53349 11 1 381 0
53350 12 14 381 0
53351 13 11 381 0
53352 19 8 381 0
53353 20 8 381 0
53354 21 12 381 0
53355 22 1 381 0
53356 27 2 381 0
53357 28 4 381 0
53358 29 11 381 0
53359 33 2 381 0
53360 34 8 381 0
53361 35 9 381 0
53362 36 13 381 0
53363 37 3 381 0
53364 41 10 381 0
53365 42 8 381 0
53366 43 13 381 0
53367 44 11 381 0
53368 45 7 381 0
53369 49 7 381 0
53370 50 10 381 0
53371 51 3 381 0
53372 52 1 381 0
53373 53 3 381 0
53488 11 5 382 0
53489 12 7 382 0
53490 19 7 382 0
53491 20 7 382 0
53492 27 7 382 0
53493 28 6 382 0
53494 35 7 382 0
53495 36 7 382 0
53496 43 7 382 0
53497 44 7 382 0
53498 51 4 382 0
53499 52 7 382 0
53628 12 4 383 0
53629 19 8 383 0
53630 20 8 383 0
53631 21 8 383 0
53632 26 9 383 0
53633 27 4 383 0
53634 28 4 383 0
53635 29 11 383 0
53636 34 6 383 0
53637 35 8 383 0
53638 36 12 383 0
53639 37 4 383 0
53640 43 2 383 0
53641 44 9 383 0
53642 51 10 383 0
53643 52 2 383 0
53644 59 4 383 0
53768 13 1 384 0
53769 17 1 384 0
53770 18 2 384 0
53771 19 1 384 0
53772 20 5 384 0
53773 21 6 384 0
53774 25 6 384 0
53775 26 6 384 0
53776 27 6 384 0
53777 28 10 384 0
53778 29 1 384 0
53779 34 1 384 0
53780 35 8 384 0
53781 36 12 384 0
53782 37 7 384 0
53783 38 4 384 0
53784 44 7 384 0
53785 52 6 384 0
53786 60 1 384 0
53908 5 4 385 0
53909 6 1 385 0
53910 11 4 385 0
53911 12 12 385 0
53912 13 13 385 0
53913 14 8 385 0
53914 19 6 385 0
53915 20 5 385 0
53916 21 11 385 0
53917 22 7 385 0
53918 27 2 385 0
53919 28 7 385 0
53920 29 12 385 0
53921 30 1 385 0
53922 33 6 385 0
53923 34 12 385 0
53924 35 14 385 0
53925 36 14 385 0
53926 37 1 385 0
53927 40 3 385 0
53928 41 15 385 0
53929 42 14 385 0
53930 43 12 385 0
53931 44 11 385 0
53932 45 9 385 0
53933 46 1 385 0
53934 48 1 385 0
53935 49 9 385 0
53936 50 7 385 0
53937 52 2 385 0
53938 53 6 385 0
54048 10 4 386 0
54049 11 8 386 0
54050 12 7 386 0
54051 13 5 386 0
54052 14 1 386 0
54053 17 6 386 0
54054 18 8 386 0
54055 19 1 386 0
54056 22 2 386 0
54057 25 4 386 0
54058 26 9 386 0
54059 27 8 386 0
54060 28 8 386 0
54061 29 7 386 0
54062 30 1 386 0
54063 35 5 386 0
54064 36 5 386 0
54065 37 10 386 0
54066 38 3 386 0
54067 43 7 386 0
54068 45 10 386 0
54069 46 5 386 0
54070 51 9 386 0
54071 52 12 386 0
54072 53 11 386 0
54073 59 1 386 0
54074 60 2 386 0
54188 18 6 387 0
54189 19 12 387 0
54190 20 12 387 0
54191 21 10 387 0
54192 26 7 387 0
54193 27 1 387 0
54194 28 3 387 0
54195 29 11 387 0
54196 36 11 387 0
54197 37 3 387 0
54198 43 5 387 0
54199 44 7 387 0
54200 50 1 387 0
54201 51 11 387 0
54202 58 6 387 0
54203 59 3 387 0
54328 4 2 388 0
54329 12 6 388 0
54330 19 2 388 0
54331 20 3 388 0
54332 27 6 388 0
54333 35 6 388 0
54334 36 7 388 0
54335 37 7 388 0
54336 43 7 388 0
54337 44 8 388 0
54338 45 1 388 0
54339 51 1 388 0
54468 12 3 389 0
54469 13 2 389 0
54470 19 4 389 0
54471 20 9 389 0
54472 21 10 389 0
54473 26 1 389 0
54474 27 8 389 0
54475 28 4 389 0
54476 29 8 389 0
54477 34 1 389 0
54478 35 8 389 0
54479 36 13 389 0
54480 37 1 389 0
54481 43 3 389 0
54482 44 9 389 0
54483 51 8 389 0
54484 52 3 389 0
54485 59 4 389 0
54608 11 8 390 0
54609 12 10 390 0
54610 13 3 390 0
54611 19 10 390 0
54612 20 4 390 0
54613 21 7 390 0
54614 27 6 390 0
54615 28 10 390 0
54616 29 2 390 0
54617 35 6 390 0
54618 36 5 390 0
54619 37 5 390 0
54620 42 2 390 0
54621 43 13 390 0
54622 44 8 390 0
54623 45 15 390 0
54624 46 1 390 0
54625 50 7 390 0
54626 51 9 390 0
54627 52 3 390 0
54628 53 8 390 0
54748 5 2 391 0
54749 12 2 391 0
54750 13 14 391 0
54751 14 2 391 0
54752 20 12 391 0
54753 21 12 391 0
54754 22 5 391 0
54755 26 2 391 0
54756 27 5 391 0
54757 28 8 391 0
54758 29 12 391 0
54759 30 1 391 0
54760 33 7 391 0
54761 34 7 391 0
54762 35 2 391 0
54763 36 13 391 0
54764 37 9 391 0
54765 41 11 391 0
54766 42 4 391 0
54767 43 11 391 0
54768 44 4 391 0
54769 45 13 391 0
54770 49 6 391 0
54771 50 9 391 0
54772 51 3 391 0
54773 53 6 391 0
54888 9 4 392 0
54889 10 9 392 0
54890 11 9 392 0
54891 12 6 392 0
54892 17 11 392 0
54893 18 2 392 0
54894 20 7 392 0
54895 21 2 392 0
54896 25 2 392 0
54897 28 10 392 0
54898 29 2 392 0
54899 35 9 392 0
54900 36 7 392 0
54901 37 10 392 0
54902 38 1 392 0
54903 43 2 392 0
54904 45 11 392 0
54905 46 3 392 0
54906 50 5 392 0
54907 51 10 392 0
54908 52 11 392 0
54909 53 7 392 0
54910 59 3 392 0
54911 60 1 392 0
55028 12 6 393 0
55029 13 9 393 0
55030 14 6 393 0
55031 19 7 393 0
55032 20 8 393 0
55033 21 3 393 0
55034 22 11 393 0
55035 27 9 393 0
55036 28 7 393 0
55037 29 9 393 0
55038 30 1 393 0
55039 34 1 393 0
55040 35 11 393 0
55041 36 7 393 0
55042 42 10 393 0
55043 43 6 393 0
55044 44 6 393 0
55045 49 2 393 0
55046 50 12 393 0
55047 51 11 393 0
55048 52 1 393 0
55049 58 2 393 0
55050 59 2 393 0
55168 11 7 394 0
55169 12 3 394 0
55170 19 9 394 0
55171 20 3 394 0
55172 27 9 394 0
55173 28 3 394 0
55174 35 8 394 0
55175 36 3 394 0
55176 43 4 394 0
55177 44 6 394 0
55178 52 9 394 0
55179 53 5 394 0
55308 4 4 395 0
55309 11 1 395 0
55310 12 10 395 0
55311 19 8 395 0
55312 20 3 395 0
55313 26 3 395 0
55314 27 10 395 0
55315 29 3 395 0
55316 30 1 395 0
55317 34 11 395 0
55318 35 3 395 0
55319 36 7 395 0
55320 37 13 395 0
55321 38 5 395 0
55322 42 12 395 0
55323 43 11 395 0
55324 44 14 395 0
55325 45 8 395 0
55326 50 1 395 0
55327 51 5 395 0
55328 52 4 395 0
55448 12 7 396 0
55449 19 3 396 0
55450 20 6 396 0
55451 21 7 396 0
55452 22 1 396 0
55453 27 6 396 0
55454 34 3 396 0
55455 35 7 396 0
55456 36 5 396 0
55457 37 7 396 0
55458 42 1 396 0
55459 44 3 396 0
55460 45 6 396 0
55461 50 7 396 0
55462 51 8 396 0
55463 52 6 396 0
55588 12 3 397 0
55589 13 7 397 0
55590 20 8 397 0
55591 21 7 397 0
55592 27 1 397 0
55593 28 12 397 0
55594 35 8 397 0
55595 36 5 397 0
55596 42 3 397 0
55597 43 11 397 0
55598 50 9 397 0
55599 51 5 397 0
55728 11 2 398 0
55729 12 6 398 0
55730 19 3 398 0
55731 20 6 398 0
55732 27 3 398 0
55733 28 6 398 0
55734 35 2 398 0
55735 36 6 398 0
55736 43 1 398 0
55737 44 7 398 0
55738 51 2 398 0
55739 52 7 398 0
55868 12 13 399 0
55869 13 12 399 0
55870 14 3 399 0
55871 19 8 399 0
55872 20 10 399 0
55873 21 13 399 0
55874 22 11 399 0
55875 26 5 399 0
55876 27 13 399 0
55877 28 1 399 0
55878 29 3 399 0
55879 30 12 399 0
55880 33 3 399 0
55881 34 15 399 0
55882 35 5 399 0
55883 36 2 399 0
55884 37 11 399 0
55885 38 9 399 0
55886 41 6 399 0
55887 42 14 399 0
55888 43 9 399 0
55889 44 15 399 0
55890 45 10 399 0
55891 49 1 399 0
55892 50 10 399 0
55893 51 14 399 0
55894 52 6 399 0
56008 2 3 400 0
56009 3 3 400 0
56010 9 6 400 0
56011 10 8 400 0
56012 11 12 400 0
56013 12 5 400 0
56014 19 1 400 0
56015 20 12 400 0
56016 26 1 400 0
56017 27 2 400 0
56018 28 8 400 0
56019 29 2 400 0
56020 34 6 400 0
56021 35 10 400 0
56022 36 6 400 0
56023 37 4 400 0
56024 42 1 400 0
56025 43 15 400 0
56026 44 14 400 0
56027 45 5 400 0
56028 46 5 400 0
56029 47 1 400 0
56030 51 4 400 0
56031 52 6 400 0
56032 53 7 400 0
56033 54 6 400 0
56148 4 3 401 0
56149 5 1 401 0
56150 12 9 401 0
56151 19 4 401 0
56152 20 7 401 0
56153 27 10 401 0
56154 29 2 401 0
56155 34 4 401 0
56156 35 7 401 0
56157 36 8 401 0
56158 37 11 401 0
56159 43 11 401 0
56160 44 14 401 0
56161 45 4 401 0
56162 52 2 401 0
56288 13 4 402 0
56289 14 2 402 0
56290 19 3 402 0
56291 21 8 402 0
56292 22 1 402 0
56293 26 4 402 0
56294 27 6 402 0
56295 29 10 402 0
56296 33 2 402 0
56297 34 11 402 0
56298 35 7 402 0
56299 36 10 402 0
56300 37 4 402 0
56301 44 9 402 0
56302 52 8 402 0
56303 60 1 402 0
56428 12 2 403 0
56429 13 5 403 0
56430 14 5 403 0
56431 19 5 403 0
56432 20 10 403 0
56433 21 6 403 0
56434 22 5 403 0
56435 26 1 403 0
56436 27 13 403 0
56437 28 3 403 0
56438 33 4 403 0
56439 36 6 403 0
56440 37 6 403 0
56441 41 10 403 0
56442 42 9 403 0
56443 43 6 403 0
56444 44 10 403 0
56445 45 1 403 0
56446 50 2 403 0
56447 51 3 403 0
56448 52 1 403 0
56568 11 6 404 0
56569 12 8 404 0
56570 13 1 404 0
56571 17 3 404 0
56572 18 10 404 0
56573 19 2 404 0
56574 20 6 404 0
56575 21 7 404 0
56576 26 2 404 0
56577 27 8 404 0
56578 28 11 404 0
56579 34 6 404 0
56580 35 4 404 0
56581 36 5 404 0
56582 37 9 404 0
56583 41 1 404 0
56584 42 9 404 0
56585 45 13 404 0
56586 46 2 404 0
56587 49 1 404 0
56588 50 8 404 0
56589 51 8 404 0
56590 52 9 404 0
56591 53 7 404 0
56592 59 1 404 0
56593 60 1 404 0
56708 11 4 405 0
56709 12 11 405 0
56710 13 11 405 0
56711 14 4 405 0
56712 19 2 405 0
56713 21 8 405 0
56714 22 5 405 0
56715 27 1 405 0
56716 28 9 405 0
56717 29 7 405 0
56718 33 2 405 0
56719 35 2 405 0
56720 36 5 405 0
56721 37 10 405 0
56722 40 2 405 0
56723 41 9 405 0
56724 44 6 405 0
56725 45 7 405 0
56726 49 7 405 0
56727 50 11 405 0
56728 51 11 405 0
56729 52 9 405 0
56848 11 5 406 0
56849 12 5 406 0
56850 19 7 406 0
56851 20 5 406 0
56852 27 7 406 0
56853 28 5 406 0
56854 35 6 406 0
56855 36 7 406 0
56856 43 2 406 0
56857 44 11 406 0
56858 52 8 406 0
56859 53 6 406 0
56988 12 1 407 0
56989 13 5 407 0
56990 14 4 407 0
56991 19 3 407 0
56992 20 6 407 0
56993 21 9 407 0
56994 22 5 407 0
56995 27 12 407 0
56996 28 3 407 0
56997 33 4 407 0
56998 36 6 407 0
56999 37 6 407 0
57000 41 9 407 0
57001 42 9 407 0
57002 43 6 407 0
57003 44 11 407 0
57004 45 2 407 0
57005 50 1 407 0
57006 51 5 407 0
57007 52 3 407 0
57128 12 4 408 0
57129 20 10 408 0
57130 27 2 408 0
57131 28 7 408 0
57132 35 5 408 0
57133 36 4 408 0
57134 43 5 408 0
57135 44 3 408 0
57136 51 3 408 0
57137 52 5 408 0
57138 60 1 408 0
57268 12 2 409 0
57269 13 2 409 0
57270 19 4 409 0
57271 20 8 409 0
57272 21 9 409 0
57273 25 1 409 0
57274 26 2 409 0
57275 27 8 409 0
57276 28 3 409 0
57277 29 10 409 0
57278 34 1 409 0
57279 35 8 409 0
57280 36 13 409 0
57281 37 2 409 0
57282 43 4 409 0
57283 44 7 409 0
57284 50 1 409 0
57285 51 11 409 0
57286 58 2 409 0
57287 59 3 409 0
57408 2 2 410 0
57409 3 3 410 0
57410 4 1 410 0
57411 10 4 410 0
57412 11 8 410 0
57413 12 12 410 0
57414 13 1 410 0
57415 20 10 410 0
57416 21 2 410 0
57417 27 1 410 0
57418 28 10 410 0
57419 35 9 410 0
57420 36 4 410 0
57421 37 3 410 0
57422 38 3 410 0
57423 39 2 410 0
57424 41 1 410 0
57425 42 10 410 0
57426 43 14 410 0
57427 44 12 410 0
57428 45 9 410 0
57429 46 4 410 0
57430 47 1 410 0
57431 49 2 410 0
57432 50 9 410 0
57433 51 6 410 0
57434 52 1 410 0
57548 19 10 411 0
57549 20 9 411 0
57550 21 13 411 0
57551 22 5 411 0
57552 26 7 411 0
57553 27 3 411 0
57554 28 4 411 0
57555 29 10 411 0
57556 35 2 411 0
57557 36 11 411 0
57558 37 1 411 0
57559 43 9 411 0
57560 44 3 411 0
57561 50 1 411 0
57562 51 11 411 0
57563 58 4 411 0
57564 59 4 411 0
57688 19 5 412 0
57689 20 1 412 0
57690 26 1 412 0
57691 27 6 412 0
57692 28 7 412 0
57693 29 3 412 0
57694 30 1 412 0
57695 35 2 412 0
57696 36 8 412 0
57697 37 1 412 0
57698 43 1 412 0
57699 44 5 412 0
57700 51 3 412 0
57701 52 2 412 0
57702 59 2 412 0
57828 13 3 413 0
57829 14 6 413 0
57830 19 4 413 0
57831 21 8 413 0
57832 22 1 413 0
57833 26 1 413 0
57834 27 8 413 0
57835 28 1 413 0
57836 29 8 413 0
57837 34 7 413 0
57838 35 8 413 0
57839 36 10 413 0
57840 37 1 413 0
57841 44 8 413 0
57842 51 5 413 0
57843 52 2 413 0
57968 12 10 414 0
57969 13 2 414 0
57970 19 3 414 0
57971 20 14 414 0
57972 21 1 414 0
57973 27 10 414 0
57974 28 10 414 0
57975 34 11 414 0
57976 35 7 414 0
57977 36 10 414 0
57978 37 1 414 0
57979 41 1 414 0
57980 42 7 414 0
57981 43 9 414 0
57982 44 12 414 0
57983 45 4 414 0
57984 52 6 414 0
57985 53 5 414 0
58108 12 4 415 0
58109 13 8 415 0
58110 14 3 415 0
58111 19 5 415 0
58112 20 10 415 0
58113 21 7 415 0
58114 22 13 415 0
58115 27 11 415 0
58116 28 4 415 0
58117 29 8 415 0
58118 30 7 415 0
58119 35 8 415 0
58120 36 11 415 0
58121 37 2 415 0
58122 42 10 415 0
58123 43 11 415 0
58124 44 6 415 0
58125 49 5 415 0
58126 50 12 415 0
58127 51 12 415 0
58128 52 1 415 0
58129 58 4 415 0
58130 59 1 415 0
58248 4 1 416 0
58249 12 5 416 0
58250 13 1 416 0
58251 20 9 416 0
58252 21 1 416 0
58253 27 2 416 0
58254 28 14 416 0
58255 29 1 416 0
58256 35 6 416 0
58257 36 11 416 0
58258 43 12 416 0
58259 44 6 416 0
58260 51 9 416 0
58261 52 2 416 0
58388 20 5 417 0
58389 21 6 417 0
58390 22 6 417 0
58391 23 1 417 0
58392 27 6 417 0
58393 28 6 417 0
58394 29 1 417 0
58395 30 1 417 0
58396 33 1 417 0
58397 35 2 417 0
58398 36 9 417 0
58399 41 4 417 0
58400 42 9 417 0
58401 43 9 417 0
58402 44 8 417 0
58403 51 1 417 0
58528 21 3 418 0
58529 22 5 418 0
58530 23 2 418 0
58531 28 6 418 0
58532 29 3 418 0
58533 30 1 418 0
58534 34 4 418 0
58535 35 4 418 0
58536 36 5 418 0
58537 41 3 418 0
58538 42 5 418 0
58539 43 5 418 0
58540 44 1 418 0
58541 50 1 418 0
58668 12 4 419 0
58669 13 2 419 0
58670 19 7 419 0
58671 20 5 419 0
58672 21 10 419 0
58673 26 3 419 0
58674 27 9 419 0
58675 28 5 419 0
58676 29 10 419 0
58677 35 5 419 0
58678 36 11 419 0
58679 37 3 419 0
58680 43 3 419 0
58681 44 9 419 0
58682 51 10 419 0
58683 52 2 419 0
58684 58 1 419 0
58685 59 5 419 0
58808 12 4 420 0
58809 13 4 420 0
58810 19 9 420 0
58811 20 6 420 0
58812 21 6 420 0
58813 27 12 420 0
58814 28 7 420 0
58815 35 1 420 0
58816 36 6 420 0
58817 37 3 420 0
58818 44 10 420 0
58819 51 7 420 0
58820 52 4 420 0
58821 58 1 420 0
58822 59 4 420 0
58948 4 3 421 0
58949 5 2 421 0
58950 11 1 421 0
58951 12 12 421 0
58952 13 1 421 0
58953 19 8 421 0
58954 20 5 421 0
58955 26 3 421 0
58956 27 10 421 0
58957 28 1 421 0
58958 29 7 421 0
58959 30 1 421 0
58960 34 9 421 0
58961 35 6 421 0
58962 36 12 421 0
58963 37 12 421 0
58964 38 3 421 0
58965 42 6 421 0
58966 43 14 421 0
58967 44 14 421 0
58968 45 5 421 0
58969 51 4 421 0
58970 52 2 421 0
59088 18 8 422 0
59089 19 9 422 0
59090 20 9 422 0
59091 21 9 422 0
59092 28 6 422 0
59093 29 2 422 0
59094 36 7 422 0
59095 43 3 422 0
59096 44 4 422 0
59097 51 5 422 0
59098 52 2 422 0
59099 59 5 422 0
59100 60 2 422 0
59228 12 3 423 0
59229 13 1 423 0
59230 19 6 423 0
59231 20 8 423 0
59232 21 11 423 0
59233 26 2 423 0
59234 27 9 423 0
59235 28 4 423 0
59236 29 8 423 0
59237 35 6 423 0
59238 36 12 423 0
59239 37 1 423 0
59240 43 5 423 0
59241 44 5 423 0
59242 51 9 423 0
59243 52 1 423 0
59244 59 4 423 0
59368 11 3 424 0
59369 12 3 424 0
59370 17 3 424 0
59371 18 11 424 0
59372 19 13 424 0
59373 20 12 424 0
59374 25 10 424 0
59375 26 14 424 0
59376 27 9 424 0
59377 28 12 424 0
59378 34 3 424 0
59379 35 3 424 0
59380 36 12 424 0
59381 37 2 424 0
59382 44 8 424 0
59383 45 11 424 0
59384 52 2 424 0
59385 53 15 424 0
59386 54 4 424 0
59387 61 6 424 0
59388 62 2 424 0
59508 11 1 425 0
59509 12 8 425 0
59510 13 4 425 0
59511 14 1 425 0
59512 19 10 425 0
59513 20 7 425 0
59514 21 5 425 0
59515 22 12 425 0
59516 27 2 425 0
59517 28 5 425 0
59518 29 8 425 0
59519 30 4 425 0
59520 33 4 425 0
59521 35 4 425 0
59522 36 7 425 0
59523 37 6 425 0
59524 41 11 425 0
59525 42 4 425 0
59526 43 1 425 0
59527 44 9 425 0
59528 45 2 425 0
59529 49 1 425 0
59530 50 7 425 0
59531 51 10 425 0
59532 52 5 425 0
59648 16 1 426 0
59649 17 5 426 0
59650 18 4 426 0
59651 19 3 426 0
59652 20 3 426 0
59653 21 6 426 0
59654 22 3 426 0
59655 24 2 426 0
59656 25 12 426 0
59657 26 14 426 0
59658 27 14 426 0
59659 28 14 426 0
59660 29 15 426 0
59661 30 8 426 0
59662 36 10 426 0
59663 37 11 426 0
59664 43 1 426 0
59665 44 14 426 0
59666 45 3 426 0
59667 51 2 426 0
59668 52 13 426 0
59669 59 2 426 0
59670 60 7 426 0
59788 11 2 427 0
59789 12 14 427 0
59790 13 10 427 0
59791 14 1 427 0
59792 18 1 427 0
59793 19 11 427 0
59794 20 12 427 0
59795 21 14 427 0
59796 22 6 427 0
59797 26 11 427 0
59798 27 13 427 0
59799 28 1 427 0
59800 29 10 427 0
59801 30 10 427 0
59802 33 7 427 0
59803 34 15 427 0
59804 35 4 427 0
59805 36 1 427 0
59806 37 12 427 0
59807 38 7 427 0
59808 41 9 427 0
59809 42 15 427 0
59810 43 12 427 0
59811 44 14 427 0
59812 45 11 427 0
59813 46 1 427 0
59814 49 1 427 0
59815 50 9 427 0
59816 51 13 427 0
59817 52 7 427 0
59928 11 4 428 0
59929 12 2 428 0
59930 18 6 428 0
59931 19 8 428 0
59932 20 10 428 0
59933 26 11 428 0
59934 28 11 428 0
59935 29 2 428 0
59936 34 3 428 0
59937 35 8 428 0
59938 36 11 428 0
59939 44 9 428 0
59940 52 9 428 0
59941 53 2 428 0
59942 60 3 428 0
59943 61 1 428 0
60068 11 10 429 0
60069 12 13 429 0
60070 13 6 429 0
60071 18 6 429 0
60072 19 11 429 0
60073 20 4 429 0
60074 21 14 429 0
60075 22 7 429 0
60076 25 3 429 0
60077 26 14 429 0
60078 27 2 429 0
60079 29 3 429 0
60080 30 14 429 0
60081 31 1 429 0
60082 33 9 429 0
60083 34 10 429 0
60084 37 2 429 0
60085 38 15 429 0
60086 39 1 429 0
60087 41 6 429 0
60088 42 14 429 0
60089 43 5 429 0
60090 44 4 429 0
60091 45 12 429 0
60092 46 8 429 0
60093 50 7 429 0
60094 51 14 429 0
60095 52 13 429 0
60096 53 6 429 0
60208 4 1 430 0
60209 5 1 430 0
60210 11 1 430 0
60211 12 10 430 0
60212 13 5 430 0
60213 19 6 430 0
60214 20 3 430 0
60215 27 8 430 0
60216 34 3 430 0
60217 35 9 430 0
60218 36 5 430 0
60219 37 7 430 0
60220 42 4 430 0
60221 43 4 430 0
60222 44 1 430 0
60223 45 9 430 0
60224 51 7 430 0
60225 52 7 430 0
60226 53 1 430 0
60348 4 4 431 0
60349 5 1 431 0
60350 11 2 431 0
60351 12 9 431 0
60352 19 10 431 0
60353 20 2 431 0
60354 26 4 431 0
60355 27 9 431 0
60356 28 3 431 0
60357 29 8 431 0
60358 34 9 431 0
60359 35 5 431 0
60360 36 10 431 0
60361 37 11 431 0
60362 38 1 431 0
60363 42 4 431 0
60364 43 12 431 0
60365 44 14 431 0
60366 45 6 431 0
60367 51 2 431 0
60368 52 2 431 0
60488 3 2 432 0
60489 4 2 432 0
60490 9 2 432 0
60491 10 7 432 0
60492 11 5 432 0
60493 12 6 432 0
60494 13 4 432 0
60495 21 8 432 0
60496 29 9 432 0
60497 34 4 432 0
60498 35 6 432 0
60499 36 7 432 0
60500 37 4 432 0
60501 42 8 432 0
60502 43 1 432 0
60503 44 10 432 0
60504 45 7 432 0
60505 50 7 432 0
60506 51 6 432 0
60507 52 1 432 0
60508 53 4 432 0
60509 54 5 432 0
60628 11 11 433 0
60629 12 9 433 0
60630 13 11 433 0
60631 14 1 433 0
60632 20 1 433 0
60633 21 14 433 0
60634 22 2 433 0
60635 27 9 433 0
60636 28 12 433 0
60637 29 2 433 0
60638 35 1 433 0
60639 36 7 433 0
60640 37 1 433 0
60641 41 8 433 0
60642 42 1 433 0
60643 43 1 433 0
60644 44 11 433 0
60645 49 5 433 0
60646 50 13 433 0
60647 51 12 433 0
60648 52 5 433 0
60768 10 1 434 0
60769 11 4 434 0
60770 12 1 434 0
60771 17 1 434 0
60772 18 9 434 0
60773 20 5 434 0
60774 21 1 434 0
60775 25 5 434 0
60776 26 2 434 0
60777 28 4 434 0
60778 29 6 434 0
60779 33 1 434 0
60780 34 6 434 0
60781 35 5 434 0
60782 36 8 434 0
60783 37 4 434 0
60784 44 5 434 0
60785 45 2 434 0
60786 52 5 434 0
60787 53 2 434 0
60788 60 1 434 0
60789 61 5 434 0
60790 62 1 434 0
60908 11 3 435 0
60909 12 11 435 0
60910 13 4 435 0
60911 18 3 435 0
60912 19 11 435 0
60913 20 6 435 0
60914 21 13 435 0
60915 22 8 435 0
60916 25 1 435 0
60917 26 13 435 0
60918 27 4 435 0
60919 29 2 435 0
60920 30 12 435 0
60921 31 2 435 0
60922 33 9 435 0
60923 34 9 435 0
60924 37 1 435 0
60925 38 12 435 0
60926 39 1 435 0
60927 41 5 435 0
60928 42 13 435 0
60929 43 5 435 0
60930 44 5 435 0
60931 45 13 435 0
60932 46 5 435 0
60933 50 6 435 0
60934 51 9 435 0
60935 52 8 435 0
60936 53 1 435 0
61048 12 1 436 0
61049 19 5 436 0
61050 20 4 436 0
61051 26 4 436 0
61052 27 7 436 0
61053 28 6 436 0
61054 29 5 436 0
61055 34 4 436 0
61056 36 4 436 0
61057 37 4 436 0
61058 44 6 436 0
61059 52 6 436 0
61060 59 1 436 0
61061 60 1 436 0
61188 19 1 437 0
61189 20 8 437 0
61190 21 10 437 0
61191 22 8 437 0
61192 27 11 437 0
61193 28 6 437 0
61194 33 5 437 0
61195 34 2 437 0
61196 36 6 437 0
61197 37 5 437 0
61198 41 2 437 0
61199 42 8 437 0
61200 43 10 437 0
61201 44 10 437 0
61202 45 1 437 0
61328 10 1 438 0
61329 11 4 438 0
61330 12 1 438 0
61331 13 5 438 0
61332 18 3 438 0
61333 19 8 438 0
61334 20 6 438 0
61335 21 8 438 0
61336 26 7 438 0
61337 27 7 438 0
61338 28 7 438 0
61339 29 9 438 0
61340 34 10 438 0
61341 35 11 438 0
61342 36 13 438 0
61343 37 7 438 0
61344 44 8 438 0
61345 45 5 438 0
61346 52 9 438 0
61347 53 4 438 0
61348 60 1 438 0
61468 12 2 439 0
61469 13 5 439 0
61470 14 1 439 0
61471 19 4 439 0
61472 20 4 439 0
61473 21 6 439 0
61474 22 12 439 0
61475 27 3 439 0
61476 28 11 439 0
61477 29 10 439 0
61478 30 6 439 0
61479 34 4 439 0
61480 35 10 439 0
61481 36 12 439 0
61482 41 1 439 0
61483 42 12 439 0
61484 43 3 439 0
61485 44 9 439 0
61486 50 11 439 0
61487 51 12 439 0
61488 52 2 439 0
61608 10 1 440 0
61609 11 7 440 0
61610 12 15 440 0
61611 13 8 440 0
61612 17 3 440 0
61613 18 14 440 0
61614 19 14 440 0
61615 20 7 440 0
61616 21 8 440 0
61617 25 6 440 0
61618 26 12 440 0
61619 27 7 440 0
61620 29 1 440 0
61621 30 7 440 0
61622 33 6 440 0
61623 34 14 440 0
61624 35 1 440 0
61625 37 1 440 0
61626 38 15 440 0
61627 39 1 440 0
61628 42 12 440 0
61629 43 10 440 0
61630 44 1 440 0
61631 45 4 440 0
61632 46 13 440 0
61633 51 9 440 0
61634 52 14 440 0
61635 53 14 440 0
61636 54 6 440 0
61748 12 4 441 0
61749 19 8 441 0
61750 20 7 441 0
61751 21 4 441 0
61752 26 1 441 0
61753 27 9 441 0
61754 28 5 441 0
61755 29 7 441 0
61756 35 2 441 0
61757 36 10 441 0
61758 37 1 441 0
61759 43 1 441 0
61760 44 8 441 0
61761 51 7 441 0
61762 52 3 441 0
61763 59 4 441 0
61888 11 5 442 0
61889 18 1 442 0
61890 19 7 442 0
61891 20 1 442 0
61892 21 6 442 0
61893 26 6 442 0
61894 27 3 442 0
61895 28 5 442 0
61896 29 2 442 0
61897 34 4 442 0
61898 35 7 442 0
61899 36 10 442 0
61900 37 5 442 0
61901 43 2 442 0
61902 44 9 442 0
61903 52 7 442 0
62028 12 4 443 0
62029 13 8 443 0
62030 20 9 443 0
62031 21 6 443 0
62032 28 11 443 0
62033 29 1 443 0
62034 35 6 443 0
62035 36 6 443 0
62036 42 2 443 0
62037 43 11 443 0
62038 50 9 443 0
62039 51 5 443 0
62168 10 7 444 0
62169 11 6 444 0
62170 17 1 444 0
62171 18 4 444 0
62172 19 9 444 0
62173 20 2 444 0
62174 27 2 444 0
62175 28 7 444 0
62176 36 7 444 0
62177 43 5 444 0
62178 44 8 444 0
62179 52 8 444 0
62180 53 9 444 0
62181 54 1 444 0
62182 61 3 444 0
62183 62 1 444 0
62308 11 1 445 0
62309 12 6 445 0
62310 13 9 445 0
62311 14 2 445 0
62312 19 11 445 0
62313 20 4 445 0
62314 21 7 445 0
62315 22 7 445 0
62316 27 7 445 0
62317 28 9 445 0
62318 29 9 445 0
62319 30 1 445 0
62320 34 3 445 0
62321 35 10 445 0
62322 36 12 445 0
62323 42 12 445 0
62324 43 3 445 0
62325 44 11 445 0
62326 50 12 445 0
62327 51 7 445 0
62328 52 7 445 0
62329 58 2 445 0
62330 59 3 445 0
62448 17 1 446 0
62449 18 10 446 0
62450 19 8 446 0
62451 20 10 446 0
62452 21 10 446 0
62453 26 10 446 0
62454 27 3 446 0
62455 29 12 446 0
62456 30 1 446 0
62457 34 13 446 0
62458 35 1 446 0
62459 37 11 446 0
62460 42 4 446 0
62461 44 4 446 0
62462 45 5 446 0
62463 52 7 446 0
62464 59 1 446 0
62465 60 4 446 0
62588 12 4 447 0
62589 13 7 447 0
62590 20 7 447 0
62591 21 6 447 0
62592 28 12 447 0
62593 29 1 447 0
62594 35 9 447 0
62595 36 5 447 0
62596 42 4 447 0
62597 43 11 447 0
62598 50 8 447 0
62599 51 5 447 0
62728 4 1 448 0
62729 5 1 448 0
62730 11 1 448 0
62731 12 11 448 0
62732 13 13 448 0
62733 20 1 448 0
62734 21 15 448 0
62735 28 8 448 0
62736 29 13 448 0
62737 30 1 448 0
62738 34 4 448 0
62739 35 10 448 0
62740 36 14 448 0
62741 37 10 448 0
62742 38 2 448 0
62743 40 4 448 0
62744 41 14 448 0
62745 42 14 448 0
62746 43 8 448 0
62747 44 1 448 0
62748 48 2 448 0
62749 49 5 448 0
62750 50 1 448 0
62868 4 2 449 0
62869 12 10 449 0
62870 19 7 449 0
62871 20 5 449 0
62872 26 4 449 0
62873 27 8 449 0
62874 28 2 449 0
62875 29 7 449 0
62876 30 2 449 0
62877 34 12 449 0
62878 35 3 449 0
62879 36 12 449 0
62880 37 14 449 0
62881 38 5 449 0
62882 42 8 449 0
62883 43 14 449 0
62884 44 11 449 0
62885 45 2 449 0
62886 51 3 449 0
62887 52 4 449 0
63008 12 10 450 0
63009 19 2 450 0
63010 20 10 450 0
63011 27 2 450 0
63012 28 6 450 0
63013 35 6 450 0
63014 36 6 450 0
63015 43 8 450 0
63016 44 7 450 0
63017 51 8 450 0
63018 52 4 450 0
63148 11 4 451 0
63149 12 8 451 0
63150 19 12 451 0
63151 20 14 451 0
63152 21 2 451 0
63153 26 7 451 0
63154 27 9 451 0
63155 28 8 451 0
63156 29 11 451 0
63157 31 2 451 0
63158 34 15 451 0
63159 35 3 451 0
63160 36 2 451 0
63161 37 14 451 0
63162 38 1 451 0
63163 42 14 451 0
63164 43 8 451 0
63165 44 12 451 0
63166 45 7 451 0
63167 47 1 451 0
63168 50 6 451 0
63169 51 11 451 0
63170 52 7 451 0
63171 55 3 451 0
63288 10 5 452 0
63289 11 9 452 0
63290 12 4 452 0
63291 18 4 452 0
63292 19 4 452 0
63293 20 8 452 0
63294 21 9 452 0
63295 26 4 452 0
63296 27 9 452 0
63297 28 11 452 0
63298 29 9 452 0
63299 33 4 452 0
63300 34 1 452 0
63301 36 1 452 0
63302 37 6 452 0
63303 38 10 452 0
63304 41 12 452 0
63305 42 8 452 0
63306 43 6 452 0
63307 44 7 452 0
63308 45 11 452 0
63309 46 8 452 0
63310 50 4 452 0
63311 51 6 452 0
63312 52 5 452 0
63313 53 1 452 0
63428 12 7 453 0
63429 13 10 453 0
63430 14 2 453 0
63431 19 7 453 0
63432 20 8 453 0
63433 21 4 453 0
63434 22 11 453 0
63435 23 1 453 0
63436 26 6 453 0
63437 27 8 453 0
63438 30 8 453 0
63439 31 3 453 0
63440 33 5 453 0
63441 34 11 453 0
63442 35 1 453 0
63443 37 6 453 0
63444 38 10 453 0
63445 41 10 453 0
63446 42 7 453 0
63447 43 3 453 0
63448 44 10 453 0
63449 45 6 453 0
63450 49 2 453 0
63451 50 9 453 0
63452 51 10 453 0
63453 52 3 453 0
63568 12 3 454 0
63569 20 7 454 0
63570 27 1 454 0
63571 28 7 454 0
63572 35 2 454 0
63573 36 6 454 0
63574 43 1 454 0
63575 44 6 454 0
63576 51 1 454 0
63577 52 4 454 0
63578 60 1 454 0
63708 12 4 455 0
63709 13 4 455 0
63710 20 10 455 0
63711 21 5 455 0
63712 27 1 455 0
63713 28 11 455 0
63714 35 6 455 0
63715 36 6 455 0
63716 43 11 455 0
63717 44 1 455 0
63718 50 5 455 0
63719 51 8 455 0
63720 58 3 455 0
63721 59 1 455 0
63848 11 2 456 0
63849 12 8 456 0
63850 13 4 456 0
63851 19 6 456 0
63852 20 1 456 0
63853 21 3 456 0
63854 27 8 456 0
63855 28 7 456 0
63856 29 6 456 0
63857 30 1 456 0
63858 35 11 456 0
63859 36 1 456 0
63860 42 2 456 0
63861 43 6 456 0
63862 44 5 456 0
63863 51 7 456 0
63864 52 6 456 0
63865 59 2 456 0
63866 60 1 456 0
63988 11 2 457 0
63989 12 11 457 0
63990 13 13 457 0
63991 14 3 457 0
63992 20 1 457 0
63993 21 8 457 0
63994 22 6 457 0
63995 28 2 457 0
63996 29 11 457 0
63997 30 2 457 0
63998 34 3 457 0
63999 35 10 457 0
64000 36 13 457 0
64001 37 8 457 0
64002 41 4 457 0
64003 42 10 457 0
64004 43 7 457 0
64005 44 5 457 0
64006 49 8 457 0
64007 50 13 457 0
64008 51 4 457 0
64128 10 5 458 0
64129 11 10 458 0
64130 12 9 458 0
64131 13 4 458 0
64132 18 8 458 0
64133 19 11 458 0
64134 20 5 458 0
64135 21 12 458 0
64136 22 4 458 0
64137 25 1 458 0
64138 26 14 458 0
64139 27 4 458 0
64140 29 4 458 0
64141 30 12 458 0
64142 33 4 458 0
64143 34 14 458 0
64144 37 5 458 0
64145 38 11 458 0
64146 41 3 458 0
64147 42 15 458 0
64148 43 3 458 0
64149 44 1 458 0
64150 45 13 458 0
64151 46 6 458 0
64152 50 10 458 0
64153 51 12 458 0
64154 52 12 458 0
64155 53 8 458 0
64156 59 2 458 0
64157 60 1 458 0
64268 11 4 459 0
64269 12 4 459 0
64270 18 5 459 0
64271 19 9 459 0
64272 20 10 459 0
64273 21 7 459 0
64274 26 3 459 0
64275 27 2 459 0
64276 28 8 459 0
64277 29 7 459 0
64278 34 6 459 0
64279 35 9 459 0
64280 36 11 459 0
64281 37 1 459 0
64282 44 6 459 0
64283 45 4 459 0
64284 51 2 459 0
64285 52 11 459 0
64286 53 1 459 0
64287 58 3 459 0
64288 59 6 459 0
64289 60 2 459 0
64408 19 10 460 0
64409 20 11 460 0
64410 21 2 460 0
64411 26 6 460 0
64412 27 5 460 0
64413 28 2 460 0
64414 29 8 460 0
64415 34 7 460 0
64416 35 8 460 0
64417 36 9 460 0
64418 37 2 460 0
64419 42 1 460 0
64420 43 2 460 0
64421 44 4 460 0
64422 45 1 460 0
64423 52 5 460 0
64424 53 5 460 0
64425 60 4 460 0
64426 61 1 460 0
64548 11 1 461 0
64549 13 1 461 0
64550 14 11 461 0
64551 18 4 461 0
64552 19 5 461 0
64553 21 7 461 0
64554 22 6 461 0
64555 26 11 461 0
64556 27 1 461 0
64557 28 1 461 0
64558 29 12 461 0
64559 30 1 461 0
64560 33 2 461 0
64561 34 12 461 0
64562 35 9 461 0
64563 36 11 461 0
64564 37 6 461 0
64565 43 1 461 0
64566 44 8 461 0
64567 51 8 461 0
64568 52 3 461 0
64688 12 4 462 0
64689 13 3 462 0
64690 17 1 462 0
64691 18 10 462 0
64692 19 8 462 0
64693 20 13 462 0
64694 21 14 462 0
64695 22 5 462 0
64696 25 8 462 0
64697 26 11 462 0
64698 27 7 462 0
64699 28 1 462 0
64700 29 6 462 0
64701 30 13 462 0
64702 33 15 462 0
64703 34 8 462 0
64704 37 7 462 0
64705 38 13 462 0
64706 41 9 462 0
64707 42 14 462 0
64708 43 8 462 0
64709 44 9 462 0
64710 45 15 462 0
64711 46 5 462 0
64712 50 6 462 0
64713 51 11 462 0
64714 52 10 462 0
64715 53 3 462 0
64828 19 1 463 0
64829 20 7 463 0
64830 21 6 463 0
64831 22 4 463 0
64832 23 1 463 0
64833 27 9 463 0
64834 28 2 463 0
64835 29 2 463 0
64836 30 2 463 0
64837 34 1 463 0
64838 35 6 463 0
64839 36 6 463 0
64840 41 3 463 0
64841 42 5 463 0
64842 43 8 463 0
64843 44 6 463 0
64844 49 1 463 0
64845 50 3 463 0
64846 51 1 463 0
64968 9 1 464 0
64969 10 10 464 0
64970 11 12 464 0
64971 12 8 464 0
64972 17 5 464 0
64973 18 12 464 0
64974 19 2 464 0
64975 20 10 464 0
64976 21 10 464 0
64977 25 10 464 0
64978 26 8 464 0
64979 28 1 464 0
64980 29 9 464 0
64981 30 10 464 0
64982 33 9 464 0
64983 34 8 464 0
64984 38 14 464 0
64985 39 3 464 0
64986 41 3 464 0
64987 42 14 464 0
64988 43 9 464 0
64989 44 5 464 0
64990 45 9 464 0
64991 46 14 464 0
64992 47 2 464 0
64993 50 2 464 0
64994 51 9 464 0
64995 52 11 464 0
64996 53 9 464 0
64997 54 2 464 0
65108 4 2 465 0
65109 5 5 465 0
65110 12 11 465 0
65111 13 1 465 0
65112 19 6 465 0
65113 20 7 465 0
65114 26 2 465 0
65115 27 11 465 0
65116 28 2 465 0
65117 29 7 465 0
65118 30 4 465 0
65119 34 12 465 0
65120 35 5 465 0
65121 36 10 465 0
65122 37 5 465 0
65123 38 9 465 0
65124 41 1 465 0
65125 42 13 465 0
65126 43 12 465 0
65127 44 11 465 0
65128 45 10 465 0
65129 46 1 465 0
65130 50 2 465 0
65131 51 4 465 0
65132 52 1 465 0
65248 12 3 466 0
65249 13 5 466 0
65250 20 6 466 0
65251 21 1 466 0
65252 28 7 466 0
65253 35 3 466 0
65254 36 5 466 0
65255 43 7 466 0
65256 44 1 466 0
65257 51 7 466 0
65388 18 14 467 0
65389 19 14 467 0
65390 20 12 467 0
65391 21 8 467 0
65392 22 3 467 0
65393 26 1 467 0
65394 28 2 467 0
65395 29 9 467 0
65396 30 11 467 0
65397 36 7 467 0
65398 37 12 467 0
65399 38 2 467 0
65400 43 6 467 0
65401 44 11 467 0
65402 45 1 467 0
65403 50 7 467 0
65404 51 10 467 0
65405 57 2 467 0
65406 58 9 467 0
65407 59 1 467 0
65528 18 2 468 0
65529 19 2 468 0
65530 20 2 468 0
65531 21 1 468 0
65532 24 2 468 0
65533 25 10 468 0
65534 26 5 468 0
65535 27 4 468 0
65536 28 3 468 0
65537 29 5 468 0
65538 30 6 468 0
65539 33 5 468 0
65540 34 1 468 0
65541 37 1 468 0
65542 38 7 468 0
65543 45 7 468 0
65544 46 1 468 0
65545 52 1 468 0
65546 53 7 468 0
65547 60 3 468 0
65668 12 3 469 0
65669 13 4 469 0
65670 15 4 469 0
65671 19 7 469 0
65672 20 9 469 0
65673 21 12 469 0
65674 22 11 469 0
65675 23 4 469 0
65676 26 5 469 0
65677 27 6 469 0
65678 28 3 469 0
65679 29 10 469 0
65680 30 2 469 0
65681 34 3 469 0
65682 35 10 469 0
65683 36 8 469 0
65684 42 4 469 0
65685 43 11 469 0
65686 44 7 469 0
65687 50 12 469 0
65688 51 12 469 0
65689 52 7 469 0
65690 58 2 469 0
65691 59 1 469 0
65808 11 2 470 0
65809 12 5 470 0
65810 19 7 470 0
65811 20 6 470 0
65812 27 10 470 0
65813 35 9 470 0
65814 43 5 470 0
65815 44 5 470 0
65816 52 11 470 0
65817 60 1 470 0
65948 12 3 471 0
65949 13 3 471 0
65950 19 5 471 0
65951 20 9 471 0
65952 21 13 471 0
65953 22 1 471 0
65954 26 1 471 0
65955 27 12 471 0
65956 28 6 471 0
65957 29 12 471 0
65958 30 2 471 0
65959 35 3 471 0
65960 36 11 471 0
65961 37 1 471 0
65962 43 7 471 0
65963 44 4 471 0
65964 50 2 471 0
65965 51 10 471 0
65966 58 4 471 0
65967 59 2 471 0
66088 11 8 472 0
66089 12 5 472 0
66090 18 6 472 0
66091 19 1 472 0
66092 20 5 472 0
66093 28 6 472 0
66094 35 3 472 0
66095 36 3 472 0
66096 43 9 472 0
66097 44 10 472 0
66098 45 7 472 0
66099 50 2 472 0
66100 51 7 472 0
66101 53 2 472 0
66102 54 1 472 0
66228 12 8 473 0
66229 13 11 473 0
66230 14 2 473 0
66231 19 7 473 0
66232 20 8 473 0
66233 21 4 473 0
66234 22 12 473 0
66235 26 7 473 0
66236 27 7 473 0
66237 30 14 473 0
66238 33 9 473 0
66239 34 7 473 0
66240 36 1 473 0
66241 37 10 473 0
66242 38 6 473 0
66243 41 13 473 0
66244 42 2 473 0
66245 43 5 473 0
66246 44 12 473 0
66247 45 3 473 0
66248 49 12 473 0
66249 50 13 473 0
66250 51 8 473 0
66251 52 1 473 0
66368 12 2 474 0
66369 13 3 474 0
66370 14 3 474 0
66371 18 1 474 0
66372 19 10 474 0
66373 20 8 474 0
66374 21 7 474 0
66375 22 6 474 0
66376 23 4 474 0
66377 26 8 474 0
66378 27 5 474 0
66379 28 1 474 0
66380 34 2 474 0
66381 35 5 474 0
66382 36 8 474 0
66383 37 5 474 0
66384 42 5 474 0
66385 44 4 474 0
66386 45 7 474 0
66387 50 4 474 0
66388 51 9 474 0
66389 52 8 474 0
66508 13 7 475 0
66509 20 5 475 0
66510 21 9 475 0
66511 28 11 475 0
66512 29 1 475 0
66513 35 7 475 0
66514 36 4 475 0
66515 42 2 475 0
66516 43 9 475 0
66517 50 10 475 0
66518 51 2 475 0
66519 58 2 475 0
66648 18 1 476 0
66649 19 8 476 0
66650 20 8 476 0
66651 21 2 476 0
66652 26 1 476 0
66653 27 1 476 0
66654 28 3 476 0
66655 29 4 476 0
66656 33 2 476 0
66657 34 7 476 0
66658 35 6 476 0
66659 36 10 476 0
66660 37 5 476 0
66661 38 2 476 0
66662 39 1 476 0
66663 41 3 476 0
66664 42 8 476 0
66665 43 7 476 0
66666 44 1 476 0
66667 45 1 476 0
66668 46 4 476 0
66669 47 2 476 0
66788 11 10 477 0
66789 12 12 477 0
66790 13 4 477 0
66791 19 2 477 0
66792 20 2 477 0
66793 21 12 477 0
66794 22 3 477 0
66795 28 2 477 0
66796 29 9 477 0
66797 30 5 477 0
66798 34 6 477 0
66799 35 9 477 0
66800 36 12 477 0
66801 37 10 477 0
66802 38 5 477 0
66803 41 9 477 0
66804 42 5 477 0
66805 43 8 477 0
66806 44 7 477 0
66807 49 9 477 0
66808 50 11 477 0
66809 51 4 477 0
66928 17 6 478 0
66929 18 13 478 0
66930 19 14 478 0
66931 20 11 478 0
66932 26 1 478 0
66933 27 1 478 0
66934 28 13 478 0
66935 29 1 478 0
66936 30 1 478 0
66937 35 10 478 0
66938 36 13 478 0
66939 37 8 478 0
66940 38 4 478 0
66941 43 4 478 0
66942 44 8 478 0
66943 51 5 478 0
66944 52 5 478 0
66945 59 5 478 0
66946 60 2 478 0
67068 11 9 479 0
67069 12 8 479 0
67070 13 1 479 0
67071 18 1 479 0
67072 19 6 479 0
67073 20 6 479 0
67074 21 12 479 0
67075 26 2 479 0
67076 27 6 479 0
67077 28 11 479 0
67078 29 7 479 0
67079 34 5 479 0
67080 35 5 479 0
67081 36 6 479 0
67082 37 8 479 0
67083 44 6 479 0
67084 45 9 479 0
67085 49 2 479 0
67086 50 7 479 0
67087 51 10 479 0
67088 52 10 479 0
67089 53 1 479 0
67090 58 2 479 0
67091 59 2 479 0
67208 11 8 480 0
67209 12 8 480 0
67210 13 4 480 0
67211 18 3 480 0
67212 19 10 480 0
67213 20 8 480 0
67214 21 13 480 0
67215 22 4 480 0
67216 26 8 480 0
67217 27 10 480 0
67218 28 1 480 0
67219 34 7 480 0
67220 35 10 480 0
67221 36 12 480 0
67222 37 1 480 0
67223 44 11 480 0
67224 45 3 480 0
67225 50 1 480 0
67226 51 13 480 0
67227 52 14 480 0
67228 53 1 480 0
67229 59 2 480 0
67230 60 2 480 0
67348 14 3 481 0
67349 15 2 481 0
67350 19 1 481 0
67351 21 1 481 0
67352 22 10 481 0
67353 23 1 481 0
67354 26 5 481 0
67355 27 8 481 0
67356 29 10 481 0
67357 30 3 481 0
67358 33 3 481 0
67359 34 13 481 0
67360 35 5 481 0
67361 36 9 481 0
67362 37 5 481 0
67363 42 2 481 0
67364 43 8 481 0
67365 44 5 481 0
67366 51 8 481 0
67488 12 5 482 0
67489 13 1 482 0
67490 19 6 482 0
67491 20 8 482 0
67492 21 4 482 0
67493 27 7 482 0
67494 28 5 482 0
67495 29 3 482 0
67496 34 1 482 0
67497 35 11 482 0
67498 36 12 482 0
67499 37 5 482 0
67500 44 8 482 0
67501 51 2 482 0
67502 52 6 482 0
67503 59 1 482 0
67504 60 1 482 0
67628 10 3 483 0
67629 11 2 483 0
67630 18 12 483 0
67631 19 11 483 0
67632 20 13 483 0
67633 21 9 483 0
67634 22 3 483 0
67635 28 1 483 0
67636 29 6 483 0
67637 30 14 483 0
67638 31 2 483 0
67639 35 1 483 0
67640 36 8 483 0
67641 37 10 483 0
67642 38 3 483 0
67643 42 1 483 0
67644 43 11 483 0
67645 44 6 483 0
67646 49 3 483 0
67647 50 12 483 0
67648 51 4 483 0
67649 57 5 483 0
67650 58 4 483 0
67768 11 1 484 0
67769 12 6 484 0
67770 19 1 484 0
67771 20 7 484 0
67772 27 1 484 0
67773 28 6 484 0
67774 35 2 484 0
67775 36 6 484 0
67776 43 2 484 0
67777 44 5 484 0
67778 51 2 484 0
67779 52 7 484 0
67908 12 4 485 0
67909 13 11 485 0
67910 14 10 485 0
67911 19 7 485 0
67912 20 8 485 0
67913 21 2 485 0
67914 26 6 485 0
67915 27 6 485 0
67916 28 2 485 0
67917 29 7 485 0
67918 30 6 485 0
67919 31 1 485 0
67920 34 3 485 0
67921 35 13 485 0
67922 36 6 485 0
67923 41 1 485 0
67924 42 11 485 0
67925 43 5 485 0
67926 44 7 485 0
67927 49 2 485 0
67928 50 12 485 0
67929 51 10 485 0
67930 52 3 485 0
68048 10 1 486 0
68049 11 5 486 0
68050 12 4 486 0
68051 16 2 486 0
68052 17 12 486 0
68053 18 10 486 0
68054 19 7 486 0
68055 20 11 486 0
68056 27 8 486 0
68057 28 4 486 0
68058 34 3 486 0
68059 35 8 486 0
68060 36 7 486 0
68061 37 10 486 0
68062 38 6 486 0
68063 45 10 486 0
68064 46 5 486 0
68065 50 1 486 0
68066 51 10 486 0
68067 52 11 486 0
68068 53 5 486 0
68069 59 1 486 0
68188 19 4 487 0
68189 20 10 487 0
68190 21 12 487 0
68191 25 1 487 0
68192 26 2 487 0
68193 27 9 487 0
68194 28 4 487 0
68195 29 12 487 0
68196 30 1 487 0
68197 34 1 487 0
68198 35 5 487 0
68199 36 9 487 0
68200 37 1 487 0
68201 42 1 487 0
68202 43 9 487 0
68203 50 9 487 0
68204 51 2 487 0
68205 57 5 487 0
68206 58 1 487 0
68328 3 1 488 0
68329 10 4 488 0
68330 11 5 488 0
68331 18 7 488 0
68332 19 3 488 0
68333 20 5 488 0
68334 21 9 488 0
68335 22 1 488 0
68336 26 8 488 0
68337 27 3 488 0
68338 28 12 488 0
68339 29 4 488 0
68340 30 6 488 0
68341 34 5 488 0
68342 35 11 488 0
68343 36 7 488 0
68344 37 1 488 0
68345 38 9 488 0
68346 43 11 488 0
68347 44 8 488 0
68348 45 8 488 0
68349 46 4 488 0
68350 51 2 488 0
68351 52 8 488 0
68352 53 4 488 0
68468 12 4 489 0
68469 13 1 489 0
68470 19 11 489 0
68471 20 6 489 0
68472 21 3 489 0
68473 22 11 489 0
68474 23 3 489 0
68475 25 1 489 0
68476 26 9 489 0
68477 27 3 489 0
68478 30 8 489 0
68479 31 3 489 0
68480 33 9 489 0
68481 34 4 489 0
68482 36 1 489 0
68483 37 9 489 0
68484 38 6 489 0
68485 41 8 489 0
68486 42 10 489 0
68487 43 9 489 0
68488 44 9 489 0
68489 45 1 489 0
68490 50 2 489 0
68491 51 1 489 0
68608 10 4 490 0
68609 11 12 490 0
68610 12 12 490 0
68611 13 1 490 0
68612 18 3 490 0
68613 19 2 490 0
68614 20 9 490 0
68615 21 4 490 0
68616 27 10 490 0
68617 28 11 490 0
68618 29 1 490 0
68619 35 1 490 0
68620 36 4 490 0
68621 37 12 490 0
68622 38 1 490 0
68623 41 1 490 0
68624 44 3 490 0
68625 45 13 490 0
68626 46 2 490 0
68627 49 6 490 0
68628 50 9 490 0
68629 51 12 490 0
68630 52 10 490 0
68631 53 5 490 0
68748 13 5 491 0
68749 14 4 491 0
68750 20 1 491 0
68751 21 13 491 0
68752 22 2 491 0
68753 28 9 491 0
68754 29 5 491 0
68755 35 8 491 0
68756 36 4 491 0
68757 42 7 491 0
68758 43 7 491 0
68759 49 5 491 0
68760 50 10 491 0
68761 57 2 491 0
68762 58 2 491 0
68888 12 2 492 0
68889 13 9 492 0
68890 20 10 492 0
68891 21 10 492 0
68892 27 3 492 0
68893 28 12 492 0
68894 29 2 492 0
68895 35 10 492 0
68896 36 4 492 0
68897 43 12 492 0
68898 44 1 492 0
68899 51 13 492 0
68900 59 4 492 0
68901 60 1 492 0
69028 11 5 493 0
69029 12 5 493 0
69030 13 3 493 0
69031 19 2 493 0
69032 20 6 493 0
69033 21 10 493 0
69034 22 7 493 0
69035 28 1 493 0
69036 29 7 493 0
69037 30 6 493 0
69038 34 4 493 0
69039 35 8 493 0
69040 36 12 493 0
69041 37 8 493 0
69042 38 2 493 0
69043 40 1 493 0
69044 41 12 493 0
69045 42 12 493 0
69046 43 9 493 0
69047 44 1 493 0
69048 48 1 493 0
69049 49 7 493 0
69050 50 3 493 0
69168 3 2 494 0
69169 10 1 494 0
69170 11 9 494 0
69171 18 5 494 0
69172 19 11 494 0
69173 20 9 494 0
69174 21 5 494 0
69175 26 9 494 0
69176 27 4 494 0
69177 28 1 494 0
69178 29 7 494 0
69179 30 8 494 0
69180 34 12 494 0
69181 35 2 494 0
69182 38 11 494 0
69183 42 8 494 0
69184 43 7 494 0
69185 44 4 494 0
69186 45 7 494 0
69187 46 11 494 0
69188 50 1 494 0
69189 51 9 494 0
69190 52 9 494 0
69191 53 6 494 0
69192 54 1 494 0
69308 11 12 495 0
69309 12 5 495 0
69310 19 3 495 0
69311 20 11 495 0
69312 21 12 495 0
69313 22 2 495 0
69314 25 1 495 0
69315 26 5 495 0
69316 27 7 495 0
69317 28 11 495 0
69318 29 13 495 0
69319 30 1 495 0
69320 33 1 495 0
69321 34 5 495 0
69322 35 4 495 0
69323 36 4 495 0
69324 37 8 495 0
69325 38 9 495 0
69326 43 3 495 0
69327 44 7 495 0
69328 45 13 495 0
69329 46 6 495 0
69330 49 9 495 0
69331 50 13 495 0
69332 51 12 495 0
69333 52 8 495 0
69334 53 1 495 0
69448 12 8 496 0
69449 13 12 496 0
69450 14 3 496 0
69451 19 7 496 0
69452 20 3 496 0
69453 26 2 496 0
69454 27 14 496 0
69455 28 10 496 0
69456 29 3 496 0
69457 34 1 496 0
69458 35 5 496 0
69459 36 2 496 0
69460 37 10 496 0
69461 42 5 496 0
69462 43 2 496 0
69463 44 6 496 0
69464 45 6 496 0
69465 50 9 496 0
69466 51 11 496 0
69467 52 9 496 0
69588 11 1 497 0
69589 12 3 497 0
69590 19 3 497 0
69591 20 10 497 0
69592 21 12 497 0
69593 22 7 497 0
69594 28 1 497 0
69595 29 12 497 0
69596 30 5 497 0
69597 35 3 497 0
69598 36 11 497 0
69599 37 3 497 0
69600 42 5 497 0
69601 43 10 497 0
69602 44 1 497 0
69603 49 5 497 0
69604 50 11 497 0
69605 57 5 497 0
69606 58 1 497 0
69728 4 1 498 0
69729 5 4 498 0
69730 11 1 498 0
69731 12 7 498 0
69732 19 5 498 0
69733 20 2 498 0
69734 27 6 498 0
69735 35 10 498 0
69736 36 7 498 0
69737 37 9 498 0
69738 42 3 498 0
69739 43 9 498 0
69740 44 7 498 0
69741 45 8 498 0
69742 52 3 498 0
69868 11 2 499 0
69869 12 11 499 0
69870 13 5 499 0
69871 19 8 499 0
69872 20 2 499 0
69873 21 1 499 0
69874 22 1 499 0
69875 23 1 499 0
69876 27 9 499 0
69877 28 7 499 0
69878 29 8 499 0
69879 30 6 499 0
69880 31 3 499 0
69881 34 1 499 0
69882 35 9 499 0
69883 36 8 499 0
69884 42 6 499 0
69885 43 5 499 0
69886 44 9 499 0
69887 50 8 499 0
69888 51 12 499 0
69889 52 6 499 0
70008 9 1 500 0
70009 10 1 500 0
70010 11 1 500 0
70011 17 4 500 0
70012 18 13 500 0
70013 19 9 500 0
70014 20 8 500 0
70015 28 5 500 0
70016 29 6 500 0
70017 35 1 500 0
70018 36 7 500 0
70019 43 7 500 0
70020 44 7 500 0
70021 52 6 500 0
70022 53 7 500 0
70023 61 5 500 0
70148 19 2 501 0
70149 20 10 501 0
70150 21 10 501 0
70151 22 1 501 0
70152 27 8 501 0
70153 28 4 501 0
70154 29 8 501 0
70155 30 2 501 0
70156 35 6 501 0
70157 36 9 501 0
70158 37 1 501 0
70159 42 1 501 0
70160 43 8 501 0
70161 49 1 501 0
70162 50 9 501 0
70163 51 1 501 0
70164 57 6 501 0
70165 58 1 501 0
70288 11 8 502 0
70289 12 5 502 0
70290 19 6 502 0
70291 20 3 502 0
70292 27 6 502 0
70293 35 3 502 0
70294 36 6 502 0
70295 44 6 502 0
70296 51 5 502 0
70297 52 7 502 0
70298 59 2 502 0
70299 60 2 502 0
70428 12 5 503 0
70429 13 12 503 0
70430 14 8 503 0
70431 19 2 503 0
70432 20 8 503 0
70433 27 6 503 0
70434 28 7 503 0
70435 29 4 503 0
70436 34 1 503 0
70437 35 9 503 0
70438 36 8 503 0
70439 41 1 503 0
70440 42 10 503 0
70441 43 4 503 0
70442 44 5 503 0
70443 49 2 503 0
70444 50 12 503 0
70445 51 8 503 0
70568 10 10 504 0
70569 11 12 504 0
70570 12 10 504 0
70571 13 8 504 0
70572 14 6 504 0
70573 18 13 504 0
70574 19 1 504 0
70575 20 3 504 0
70576 21 6 504 0
70577 22 1 504 0
70578 26 8 504 0
70579 27 9 504 0
70580 28 3 504 0
70581 35 2 504 0
70582 36 7 504 0
70583 37 11 504 0
70584 38 5 504 0
70585 41 5 504 0
70586 42 7 504 0
70587 44 4 504 0
70588 45 13 504 0
70589 46 5 504 0
70590 49 7 504 0
70591 50 13 504 0
70592 51 13 504 0
70593 52 10 504 0
70594 53 3 504 0
70708 18 1 505 0
70709 19 5 505 0
70710 20 9 505 0
70711 21 14 505 0
70712 22 5 505 0
70713 25 3 505 0
70714 26 10 505 0
70715 27 7 505 0
70716 28 4 505 0
70717 29 13 505 0
70718 30 3 505 0
70719 36 8 505 0
70720 37 5 505 0
70721 43 4 505 0
70722 44 8 505 0
70723 51 10 505 0
70724 52 1 505 0
70725 58 2 505 0
70726 59 6 505 0
70848 11 11 506 0
70849 18 8 506 0
70850 19 6 506 0
70851 25 3 506 0
70852 26 8 506 0
70853 28 3 506 0
70854 29 7 506 0
70855 30 8 506 0
70856 31 3 506 0
70857 33 3 506 0
70858 34 9 506 0
70859 35 3 506 0
70860 36 10 506 0
70861 37 4 506 0
70862 38 8 506 0
70863 39 3 506 0
70864 42 1 506 0
70865 43 10 506 0
70866 44 8 506 0
70867 45 3 506 0
70868 51 5 506 0
70869 52 2 506 0
70988 12 2 507 0
70989 13 7 507 0
70990 20 6 507 0
70991 21 9 507 0
70992 28 11 507 0
70993 29 2 507 0
70994 35 8 507 0
70995 36 5 507 0
70996 42 2 507 0
70997 43 12 507 0
70998 50 10 507 0
70999 51 3 507 0
71000 58 3 507 0
71128 13 6 508 0
71129 14 1 508 0
71130 20 5 508 0
71131 21 13 508 0
71132 22 1 508 0
71133 27 2 508 0
71134 28 13 508 0
71135 29 3 508 0
71136 35 10 508 0
71137 36 3 508 0
71138 42 2 508 0
71139 43 9 508 0
71140 50 7 508 0
71141 51 3 508 0
71142 58 1 508 0
71268 12 1 509 0
71269 13 4 509 0
71270 14 3 509 0
71271 19 9 509 0
71272 20 12 509 0
71273 21 12 509 0
71274 22 12 509 0
71275 27 3 509 0
71276 28 8 509 0
71277 29 7 509 0
71278 30 1 509 0
71279 33 1 509 0
71280 34 10 509 0
71281 35 12 509 0
71282 36 10 509 0
71283 42 1 509 0
71284 43 3 509 0
71285 44 10 509 0
71286 49 3 509 0
71287 50 7 509 0
71288 51 9 509 0
71289 52 1 509 0
71290 57 6 509 0
71291 58 4 509 0
71408 12 5 510 0
71409 13 4 510 0
71410 20 9 510 0
71411 21 1 510 0
71412 27 2 510 0
71413 28 8 510 0
71414 35 7 510 0
71415 36 2 510 0
71416 43 10 510 0
71417 51 9 510 0
71548 19 9 511 0
71549 20 10 511 0
71550 21 15 511 0
71551 22 7 511 0
71552 27 2 511 0
71553 28 8 511 0
71554 29 9 511 0
71555 30 1 511 0
71556 35 5 511 0
71557 36 7 511 0
71558 42 2 511 0
71559 43 10 511 0
71560 49 2 511 0
71561 50 11 511 0
71562 51 2 511 0
71563 57 7 511 0
71564 58 2 511 0
71688 11 6 512 0
71689 18 7 512 0
71690 19 15 512 0
71691 20 10 512 0
71692 21 9 512 0
71693 22 8 512 0
71694 25 1 512 0
71695 26 14 512 0
71696 27 5 512 0
71697 28 4 512 0
71698 29 3 512 0
71699 30 1 512 0
71700 34 1 512 0
71701 35 5 512 0
71702 36 10 512 0
71703 37 2 512 0
71704 42 1 512 0
71705 44 7 512 0
71706 45 7 512 0
71707 50 5 512 0
71708 51 11 512 0
71709 52 13 512 0
71710 53 1 512 0
71711 59 3 512 0
71712 60 1 512 0
71828 20 5 513 0
71829 21 9 513 0
71830 22 10 513 0
71831 23 4 513 0
71832 26 1 513 0
71833 27 9 513 0
71834 28 4 513 0
71835 29 1 513 0
71836 34 2 513 0
71837 35 6 513 0
71838 36 8 513 0
71839 41 3 513 0
71840 42 11 513 0
71841 43 6 513 0
71842 44 9 513 0
71843 50 5 513 0
71844 51 4 513 0
71968 11 8 514 0
71969 12 5 514 0
71970 19 5 514 0
71971 20 4 514 0
71972 27 8 514 0
71973 28 7 514 0
71974 29 1 514 0
71975 36 3 514 0
71976 37 5 514 0
71977 42 4 514 0
71978 44 9 514 0
71979 45 1 514 0
71980 50 2 514 0
71981 51 11 514 0
71982 52 4 514 0
72108 11 7 515 0
72109 12 8 515 0
72110 13 7 515 0
72111 14 2 515 0
72112 19 8 515 0
72113 20 7 515 0
72114 21 9 515 0
72115 22 13 515 0
72116 29 4 515 0
72117 30 12 515 0
72118 33 2 515 0
72119 34 8 515 0
72120 35 12 515 0
72121 36 13 515 0
72122 37 13 515 0
72123 38 2 515 0
72124 41 14 515 0
72125 42 13 515 0
72126 43 12 515 0
72127 44 5 515 0
72128 45 10 515 0
72129 46 1 515 0
72130 49 4 515 0
72131 50 4 515 0
72248 10 4 516 0
72249 11 1 516 0
72250 13 4 516 0
72251 14 9 516 0
72252 15 1 516 0
72253 17 1 516 0
72254 18 12 516 0
72255 19 8 516 0
72256 20 6 516 0
72257 21 2 516 0
72258 22 1 516 0
72259 25 7 516 0
72260 26 8 516 0
72261 33 1 516 0
72262 34 5 516 0
72263 35 8 516 0
72264 36 8 516 0
72265 37 7 516 0
72266 38 1 516 0
72267 42 3 516 0
72268 43 3 516 0
72269 45 4 516 0
72270 46 9 516 0
72271 51 9 516 0
72272 52 7 516 0
72273 53 10 516 0
72274 54 2 516 0
72275 60 2 516 0
72388 11 2 517 0
72389 12 12 517 0
72390 13 12 517 0
72391 14 6 517 0
72392 19 10 517 0
72393 20 3 517 0
72394 22 2 517 0
72395 27 10 517 0
72396 28 1 517 0
72397 29 3 517 0
72398 30 3 517 0
72399 35 5 517 0
72400 36 14 517 0
72401 37 6 517 0
72402 38 4 517 0
72403 42 6 517 0
72404 43 9 517 0
72405 44 9 517 0
72406 49 5 517 0
72407 50 8 517 0
72408 51 7 517 0
72409 52 5 517 0
72528 17 4 518 0
72529 18 8 518 0
72530 19 7 518 0
72531 20 5 518 0
72532 25 2 518 0
72533 26 2 518 0
72534 27 2 518 0
72535 28 9 518 0
72536 29 4 518 0
72537 35 6 518 0
72538 36 12 518 0
72539 37 6 518 0
72540 38 4 518 0
72541 43 6 518 0
72542 44 3 518 0
72543 46 1 518 0
72544 51 6 518 0
72668 12 6 519 0
72669 13 6 519 0
72670 14 1 519 0
72671 19 7 519 0
72672 20 14 519 0
72673 21 15 519 0
72674 22 10 519 0
72675 25 1 519 0
72676 26 7 519 0
72677 27 11 519 0
72678 28 1 519 0
72679 29 6 519 0
72680 30 13 519 0
72681 33 6 519 0
72682 34 12 519 0
72683 35 1 519 0
72684 36 3 519 0
72685 37 13 519 0
72686 38 5 519 0
72687 41 12 519 0
72688 42 9 519 0
72689 43 10 519 0
72690 44 13 519 0
72691 45 6 519 0
72692 49 6 519 0
72693 50 10 519 0
72694 51 7 519 0
72695 52 2 519 0
72808 11 3 520 0
72809 12 5 520 0
72810 13 1 520 0
72811 18 4 520 0
72812 19 12 520 0
72813 20 8 520 0
72814 21 5 520 0
72815 26 8 520 0
72816 27 5 520 0
72817 28 4 520 0
72818 29 9 520 0
72819 34 3 520 0
72820 35 11 520 0
72821 36 12 520 0
72822 37 7 520 0
72823 44 9 520 0
72824 45 3 520 0
72825 52 11 520 0
72826 53 1 520 0
72827 60 5 520 0
72948 19 8 521 0
72949 20 11 521 0
72950 21 13 521 0
72951 22 13 521 0
72952 25 2 521 0
72953 26 10 521 0
72954 27 12 521 0
72955 28 7 521 0
72956 29 10 521 0
72957 30 8 521 0
72958 33 1 521 0
72959 34 3 521 0
72960 36 6 521 0
72961 37 8 521 0
72962 43 3 521 0
72963 44 9 521 0
72964 50 1 521 0
72965 51 11 521 0
72966 52 1 521 0
72967 57 1 521 0
72968 58 9 521 0
72969 59 4 521 0
73088 17 8 522 0
73089 18 13 522 0
73090 19 15 522 0
73091 20 13 522 0
73092 21 10 522 0
73093 25 1 522 0
73094 26 2 522 0
73095 27 1 522 0
73096 28 4 522 0
73097 29 14 522 0
73098 30 1 522 0
73099 36 9 522 0
73100 37 6 522 0
73101 43 2 522 0
73102 44 12 522 0
73103 51 9 522 0
73104 52 5 522 0
73105 59 7 522 0
73106 60 2 522 0
73228 20 4 523 0
73229 21 8 523 0
73230 22 8 523 0
73231 23 1 523 0
73232 27 9 523 0
73233 28 6 523 0
73234 29 1 523 0
73235 35 3 523 0
73236 36 8 523 0
73237 41 4 523 0
73238 42 6 523 0
73239 43 8 523 0
73240 44 3 523 0
73241 49 2 523 0
73242 50 2 523 0
73368 10 1 524 0
73369 11 10 524 0
73370 12 12 524 0
73371 13 11 524 0
73372 14 1 524 0
73373 18 8 524 0
73374 19 7 524 0
73375 20 2 524 0
73376 21 2 524 0
73377 25 1 524 0
73378 26 12 524 0
73379 29 8 524 0
73380 30 6 524 0
73381 33 5 524 0
73382 34 7 524 0
73383 37 1 524 0
73384 38 11 524 0
73385 41 4 524 0
73386 42 8 524 0
73387 44 2 524 0
73388 45 10 524 0
73389 46 4 524 0
73390 49 1 524 0
73391 50 10 524 0
73392 51 12 524 0
73393 52 11 524 0
73394 53 3 524 0
73508 19 4 525 0
73509 20 12 525 0
73510 21 7 525 0
73511 22 1 525 0
73512 25 1 525 0
73513 26 4 525 0
73514 27 10 525 0
73515 28 5 525 0
73516 29 12 525 0
73517 30 3 525 0
73518 34 3 525 0
73519 35 7 525 0
73520 36 12 525 0
73521 37 3 525 0
73522 43 7 525 0
73523 44 4 525 0
73524 50 5 525 0
73525 51 7 525 0
73526 57 1 525 0
73527 58 7 525 0
73648 10 1 526 0
73649 11 12 526 0
73650 12 10 526 0
73651 13 1 526 0
73652 18 8 526 0
73653 19 10 526 0
73654 20 7 526 0
73655 21 12 526 0
73656 22 1 526 0
73657 25 4 526 0
73658 26 14 526 0
73659 27 2 526 0
73660 29 7 526 0
73661 30 10 526 0
73662 33 10 526 0
73663 34 10 526 0
73664 38 13 526 0
73665 39 2 526 0
73666 41 4 526 0
73667 42 15 526 0
73668 43 5 526 0
73669 44 4 526 0
73670 45 7 526 0
73671 46 13 526 0
73672 47 1 526 0
73673 50 6 526 0
73674 51 13 526 0
73675 52 13 526 0
73676 53 10 526 0
73677 54 2 526 0
73788 13 4 527 0
73789 14 1 527 0
73790 19 1 527 0
73791 20 10 527 0
73792 21 9 527 0
73793 22 5 527 0
73794 26 1 527 0
73795 27 10 527 0
73796 28 2 527 0
73797 29 10 527 0
73798 30 4 527 0
73799 33 1 527 0
73800 34 11 527 0
73801 35 3 527 0
73802 36 6 527 0
73803 37 9 527 0
73804 41 4 527 0
73805 42 12 527 0
73806 43 10 527 0
73807 44 7 527 0
73808 50 4 527 0
73809 51 3 527 0
73928 11 1 528 0
73929 12 6 528 0
73930 13 7 528 0
73931 17 3 528 0
73932 18 10 528 0
73933 19 14 528 0
73934 20 15 528 0
73935 21 6 528 0
73936 25 12 528 0
73937 26 11 528 0
73938 27 11 528 0
73939 28 6 528 0
73940 33 1 528 0
73941 34 5 528 0
73942 35 15 528 0
73943 36 12 528 0
73944 37 7 528 0
73945 38 2 528 0
73946 43 11 528 0
73947 44 13 528 0
73948 45 15 528 0
73949 46 14 528 0
73950 51 1 528 0
73951 52 6 528 0
73952 53 7 528 0
73953 54 6 528 0
74068 13 2 529 0
74069 19 2 529 0
74070 20 10 529 0
74071 21 14 529 0
74072 26 1 529 0
74073 27 10 529 0
74074 28 7 529 0
74075 29 12 529 0
74076 30 1 529 0
74077 34 2 529 0
74078 35 12 529 0
74079 36 12 529 0
74080 37 1 529 0
74081 42 1 529 0
74082 43 10 529 0
74083 44 1 529 0
74084 50 12 529 0
74085 51 3 529 0
74086 58 3 529 0
74208 9 4 530 0
74209 10 7 530 0
74210 11 7 530 0
74211 12 3 530 0
74212 17 4 530 0
74213 18 4 530 0
74214 19 4 530 0
74215 20 7 530 0
74216 21 5 530 0
74217 28 2 530 0
74218 29 9 530 0
74219 36 7 530 0
74220 37 2 530 0
74221 38 1 530 0
74222 39 1 530 0
74223 42 6 530 0
74224 43 12 530 0
74225 44 11 530 0
74226 45 7 530 0
74227 46 3 530 0
74228 50 5 530 0
74229 51 4 530 0
74348 14 1 531 0
74349 15 1 531 0
74350 19 2 531 0
74351 21 1 531 0
74352 22 10 531 0
74353 23 4 531 0
74354 26 4 531 0
74355 27 7 531 0
74356 28 2 531 0
74357 29 9 531 0
74358 30 3 531 0
74359 33 3 531 0
74360 34 11 531 0
74361 35 7 531 0
74362 36 10 531 0
74363 37 4 531 0
74364 38 2 531 0
74365 43 10 531 0
74366 51 1 531 0
74488 11 2 532 0
74489 12 5 532 0
74490 13 5 532 0
74491 18 6 532 0
74492 19 10 532 0
74493 20 10 532 0
74494 21 9 532 0
74495 26 12 532 0
74496 27 7 532 0
74497 28 10 532 0
74498 29 1 532 0
74499 35 9 532 0
74500 36 9 532 0
74501 37 2 532 0
74502 43 7 532 0
74503 44 1 532 0
74504 45 7 532 0
74505 51 7 532 0
74506 52 5 532 0
74507 53 7 532 0
74508 59 1 532 0
74509 60 5 532 0
74510 61 1 532 0
74628 14 8 533 0
74629 21 10 533 0
74630 22 7 533 0
74631 28 10 533 0
74632 29 6 533 0
74633 35 9 533 0
74634 36 4 533 0
74635 42 8 533 0
74636 43 6 533 0
74637 49 4 533 0
74638 50 9 533 0
74639 57 1 533 0
74768 3 4 534 0
74769 11 8 534 0
74770 18 3 534 0
74771 19 7 534 0
74772 26 4 534 0
74773 27 8 534 0
74774 28 8 534 0
74775 29 8 534 0
74776 34 1 534 0
74777 35 11 534 0
74778 36 1 534 0
74779 37 8 534 0
74780 38 5 534 0
74781 43 10 534 0
74782 44 8 534 0
74783 45 9 534 0
74784 51 2 534 0
74785 52 4 534 0
74908 13 4 535 0
74909 14 8 535 0
74910 20 1 535 0
74911 21 13 535 0
74912 22 4 535 0
74913 28 10 535 0
74914 29 4 535 0
74915 35 9 535 0
74916 36 5 535 0
74917 42 11 535 0
74918 43 10 535 0
74919 49 1 535 0
74920 50 13 535 0
74921 51 2 535 0
75048 3 1 536 0
75049 4 3 536 0
75050 11 5 536 0
75051 12 1 536 0
75052 19 6 536 0
75053 26 1 536 0
75054 27 5 536 0
75055 28 1 536 0
75056 29 4 536 0
75057 34 5 536 0
75058 35 2 536 0
75059 36 8 536 0
75060 37 8 536 0
75061 42 2 536 0
75062 43 9 536 0
75063 44 12 536 0
75064 45 5 536 0
75188 19 1 537 0
75189 20 12 537 0
75190 21 9 537 0
75191 22 8 537 0
75192 23 4 537 0
75193 27 11 537 0
75194 28 7 537 0
75195 35 2 537 0
75196 36 7 537 0
75197 37 3 537 0
75198 42 8 537 0
75199 43 11 537 0
75200 44 11 537 0
75201 50 7 537 0
75202 51 8 537 0
75328 12 4 538 0
75329 13 5 538 0
75330 20 7 538 0
75331 21 1 538 0
75332 27 1 538 0
75333 28 8 538 0
75334 35 7 538 0
75335 36 2 538 0
75336 43 8 538 0
75337 51 9 538 0
75468 11 5 539 0
75469 12 5 539 0
75470 14 5 539 0
75471 15 2 539 0
75472 18 5 539 0
75473 19 10 539 0
75474 20 6 539 0
75475 21 7 539 0
75476 22 12 539 0
75477 23 1 539 0
75478 26 3 539 0
75479 27 10 539 0
75480 28 6 539 0
75481 29 10 539 0
75482 30 1 539 0
75483 35 9 539 0
75484 36 13 539 0
75485 37 2 539 0
75486 42 4 539 0
75487 43 12 539 0
75488 44 9 539 0
75489 45 4 539 0
75490 50 10 539 0
75491 51 14 539 0
75492 52 6 539 0
75493 58 2 539 0
75494 59 2 539 0
75608 11 3 540 0
75609 12 5 540 0
75610 13 4 540 0
75611 18 1 540 0
75612 19 4 540 0
75613 20 5 540 0
75614 21 10 540 0
75615 27 6 540 0
75616 28 5 540 0
75617 34 2 540 0
75618 35 7 540 0
75619 36 3 540 0
75620 44 7 540 0
75621 52 8 540 0
75622 58 5 540 0
75623 59 5 540 0
75624 60 1 540 0
75748 14 6 541 0
75749 15 1 541 0
75750 19 6 541 0
75751 20 2 541 0
75752 21 8 541 0
75753 22 4 541 0
75754 26 8 541 0
75755 27 4 541 0
75756 28 3 541 0
75757 29 8 541 0
75758 33 1 541 0
75759 34 9 541 0
75760 35 8 541 0
75761 36 13 541 0
75762 37 5 541 0
75763 43 5 541 0
75764 44 4 541 0
75765 51 9 541 0
75766 59 1 541 0
75888 11 5 542 0
75889 12 13 542 0
75890 13 7 542 0
75891 18 2 542 0
75892 19 8 542 0
75893 20 5 542 0
75894 21 12 542 0
75895 22 1 542 0
75896 26 1 542 0
75897 27 12 542 0
75898 28 2 542 0
75899 29 13 542 0
75900 30 2 542 0
75901 34 9 542 0
75902 35 10 542 0
75903 36 2 542 0
75904 37 14 542 0
75905 42 9 542 0
75906 43 7 542 0
75907 44 11 542 0
75908 45 8 542 0
75909 50 2 542 0
75910 51 13 542 0
75911 52 12 542 0
75912 53 1 542 0
76028 12 1 543 0
76029 13 5 543 0
76030 14 6 543 0
76031 15 2 543 0
76032 19 4 543 0
76033 20 8 543 0
76034 21 5 543 0
76035 22 3 543 0
76036 26 1 543 0
76037 27 11 543 0
76038 28 2 543 0
76039 35 1 543 0
76040 36 8 543 0
76041 41 1 543 0
76042 42 2 543 0
76043 43 7 543 0
76044 44 5 543 0
76045 49 2 543 0
76046 50 13 543 0
76047 51 7 543 0
76168 10 5 544 0
76169 11 13 544 0
76170 12 7 544 0
76171 13 3 544 0
76172 14 1 544 0
76173 18 7 544 0
76174 19 5 544 0
76175 20 6 544 0
76176 21 9 544 0
76177 22 4 544 0
76178 26 1 544 0
76179 27 9 544 0
76180 28 5 544 0
76181 29 1 544 0
76182 36 5 544 0
76183 37 11 544 0
76184 38 7 544 0
76185 43 4 544 0
76186 44 9 544 0
76187 45 12 544 0
76188 46 4 544 0
76189 49 11 544 0
76190 50 14 544 0
76191 51 11 544 0
76192 52 5 544 0
76308 12 8 545 0
76309 13 11 545 0
76310 14 1 545 0
76311 19 6 545 0
76312 20 5 545 0
76313 21 4 545 0
76314 22 8 545 0
76315 27 8 545 0
76316 28 8 545 0
76317 29 7 545 0
76318 35 8 545 0
76319 36 12 545 0
76320 42 4 545 0
76321 43 10 545 0
76322 44 9 545 0
76323 50 8 545 0
76324 51 13 545 0
76325 52 4 545 0
76448 2 2 546 0
76449 3 4 546 0
76450 10 6 546 0
76451 11 6 546 0
76452 12 8 546 0
76453 20 9 546 0
76454 27 6 546 0
76455 28 11 546 0
76456 36 4 546 0
76457 37 8 546 0
76458 41 5 546 0
76459 42 9 546 0
76460 43 4 546 0
76461 44 3 546 0
76462 45 11 546 0
76463 50 4 546 0
76464 51 7 546 0
76465 52 9 546 0
76466 53 3 546 0
76588 12 8 547 0
76589 19 5 547 0
76590 20 5 547 0
76591 27 9 547 0
76592 28 5 547 0
76593 29 9 547 0
76594 34 5 547 0
76595 35 11 547 0
76596 36 13 547 0
76597 37 7 547 0
76598 42 1 547 0
76599 43 11 547 0
76600 44 3 547 0
76601 50 2 547 0
76602 51 5 547 0
76728 10 1 548 0
76729 11 12 548 0
76730 12 12 548 0
76731 13 3 548 0
76732 18 2 548 0
76733 19 11 548 0
76734 20 3 548 0
76735 21 13 548 0
76736 29 13 548 0
76737 30 2 548 0
76738 33 1 548 0
76739 34 7 548 0
76740 35 8 548 0
76741 36 10 548 0
76742 37 15 548 0
76743 38 2 548 0
76744 41 10 548 0
76745 42 5 548 0
76746 43 3 548 0
76747 44 12 548 0
76748 45 4 548 0
76749 46 5 548 0
76750 49 7 548 0
76751 50 14 548 0
76752 51 13 548 0
76753 52 3 548 0
76868 11 7 549 0
76869 12 9 549 0
76870 13 8 549 0
76871 14 2 549 0
76872 18 1 549 0
76873 19 8 549 0
76874 20 2 549 0
76875 21 6 549 0
76876 22 10 549 0
76877 27 2 549 0
76878 28 8 549 0
76879 29 9 549 0
76880 30 2 549 0
76881 35 4 549 0
76882 36 5 549 0
76883 37 8 549 0
76884 43 2 549 0
76885 44 9 549 0
76886 49 10 549 0
76887 50 14 549 0
76888 51 11 549 0
76889 52 1 549 0
76890 57 3 549 0
76891 58 3 549 0
77008 11 1 550 0
77009 12 3 550 0
77010 19 10 550 0
77011 20 9 550 0
77012 21 1 550 0
77013 26 7 550 0
77014 27 5 550 0
77015 28 6 550 0
77016 29 9 550 0
77017 34 6 550 0
77018 35 8 550 0
77019 36 9 550 0
77020 37 7 550 0
77021 44 8 550 0
77022 45 2 550 0
77023 52 10 550 0
77024 60 4 550 0
77148 11 6 551 0
77149 12 10 551 0
77150 13 12 551 0
77151 14 3 551 0
77152 21 3 551 0
77153 22 10 551 0
77154 26 1 551 0
77155 27 2 551 0
77156 29 4 551 0
77157 30 7 551 0
77158 34 5 551 0
77159 35 8 551 0
77160 36 11 551 0
77161 37 11 551 0
77162 38 2 551 0
77163 41 11 551 0
77164 42 7 551 0
77165 43 5 551 0
77166 44 8 551 0
77167 49 8 551 0
77168 50 13 551 0
77169 51 10 551 0
77170 52 1 551 0
77288 4 2 552 0
77289 12 11 552 0
77290 19 4 552 0
77291 20 12 552 0
77292 27 5 552 0
77293 28 10 552 0
77294 35 1 552 0
77295 36 8 552 0
77296 42 1 552 0
77297 43 7 552 0
77298 44 9 552 0
77299 50 8 552 0
77300 51 10 552 0
77301 52 5 552 0
77428 12 2 553 0
77429 13 10 553 0
77430 14 1 553 0
77431 20 9 553 0
77432 21 7 553 0
77433 28 11 553 0
77434 35 6 553 0
77435 36 4 553 0
77436 42 3 553 0
77437 43 9 553 0
77438 50 8 553 0
77439 51 5 553 0
77440 58 3 553 0
77568 10 2 554 0
77569 11 5 554 0
77570 12 8 554 0
77571 13 8 554 0
77572 17 2 554 0
77573 18 13 554 0
77574 19 13 554 0
77575 20 8 554 0
77576 21 4 554 0
77577 26 11 554 0
77578 27 7 554 0
77579 28 9 554 0
77580 29 9 554 0
77581 30 1 554 0
77582 34 10 554 0
77583 35 11 554 0
77584 36 3 554 0
77585 37 9 554 0
77586 38 8 554 0
77587 43 1 554 0
77588 44 3 554 0
77589 45 13 554 0
77590 46 5 554 0
77591 51 10 554 0
77592 52 14 554 0
77593 53 6 554 0
77594 59 2 554 0
77595 60 2 554 0
77708 11 2 555 0
77709 12 11 555 0
77710 13 14 555 0
77711 14 3 555 0
77712 19 1 555 0
77713 20 3 555 0
77714 21 9 555 0
77715 22 6 555 0
77716 28 3 555 0
77717 29 12 555 0
77718 30 2 555 0
77719 34 6 555 0
77720 35 9 555 0
77721 36 13 555 0
77722 37 10 555 0
77723 41 3 555 0
77724 42 9 555 0
77725 43 9 555 0
77726 44 3 555 0
77727 49 6 555 0
77728 50 12 555 0
77729 51 4 555 0
77848 12 7 556 0
77849 19 3 556 0
77850 20 14 556 0
77851 27 6 556 0
77852 28 10 556 0
77853 35 6 556 0
77854 36 9 556 0
77855 43 6 556 0
77856 44 10 556 0
77857 51 4 556 0
77858 52 11 556 0
77859 60 1 556 0
77988 10 2 557 0
77989 11 4 557 0
77990 12 7 557 0
77991 13 9 557 0
77992 14 3 557 0
77993 17 1 557 0
77994 18 9 557 0
77995 19 8 557 0
77996 20 6 557 0
77997 21 8 557 0
77998 22 7 557 0
77999 27 5 557 0
78000 28 11 557 0
78001 29 9 557 0
78002 30 1 557 0
78003 35 3 557 0
78004 36 3 557 0
78005 37 9 557 0
78006 42 1 557 0
78007 43 5 557 0
78008 44 11 557 0
78009 45 1 557 0
78010 48 1 557 0
78011 49 14 557 0
78012 50 15 557 0
78013 51 8 557 0
78014 52 1 557 0
78015 57 3 557 0
78016 58 2 557 0
78128 17 5 558 0
78129 18 9 558 0
78130 19 5 558 0
78131 27 6 558 0
78132 28 2 558 0
78133 35 10 558 0
78134 36 1 558 0
78135 43 2 558 0
78136 44 8 558 0
78137 45 9 558 0
78138 46 8 558 0
78139 47 1 558 0
78268 12 5 559 0
78269 13 10 559 0
78270 14 13 559 0
78271 15 1 559 0
78272 19 6 559 0
78273 20 6 559 0
78274 21 6 559 0
78275 22 8 559 0
78276 27 7 559 0
78277 28 8 559 0
78278 29 4 559 0
78279 34 2 559 0
78280 35 8 559 0
78281 36 8 559 0
78282 41 5 559 0
78283 42 14 559 0
78284 43 8 559 0
78285 44 8 559 0
78286 49 3 559 0
78287 50 13 559 0
78288 51 10 559 0
78289 52 1 559 0
78408 10 3 560 0
78409 11 5 560 0
78410 12 4 560 0
78411 13 2 560 0
78412 18 2 560 0
78413 19 3 560 0
78414 20 6 560 0
78415 21 9 560 0
78416 28 8 560 0
78417 29 2 560 0
78418 35 1 560 0
78419 36 8 560 0
78420 43 7 560 0
78421 44 2 560 0
78422 51 10 560 0
78423 58 1 560 0
78424 59 4 560 0
78548 11 2 561 0
78549 12 6 561 0
78550 13 8 561 0
78551 14 7 561 0
78552 19 3 561 0
78553 20 3 561 0
78554 21 5 561 0
78555 22 11 561 0
78556 27 6 561 0
78557 28 9 561 0
78558 29 12 561 0
78559 35 1 561 0
78560 36 2 561 0
78561 37 8 561 0
78562 41 2 561 0
78563 42 7 561 0
78564 43 11 561 0
78565 44 7 561 0
78566 49 11 561 0
78567 50 11 561 0
78568 51 6 561 0
78569 57 1 561 0
78688 16 4 562 0
78689 17 11 562 0
78690 18 8 562 0
78691 19 7 562 0
78692 20 8 562 0
78693 21 3 562 0
78694 25 1 562 0
78695 26 3 562 0
78696 27 3 562 0
78697 28 3 562 0
78698 29 12 562 0
78699 30 1 562 0
78700 36 1 562 0
78701 37 11 562 0
78702 44 8 562 0
78703 45 3 562 0
78704 51 2 562 0
78705 52 8 562 0
78706 59 5 562 0
78707 60 5 562 0
78828 11 4 563 0
78829 12 11 563 0
78830 13 12 563 0
78831 14 10 563 0
78832 19 3 563 0
78833 22 12 563 0
78834 28 4 563 0
78835 29 5 563 0
78836 30 7 563 0
78837 34 3 563 0
78838 35 9 563 0
78839 36 10 563 0
78840 37 8 563 0
78841 41 9 563 0
78842 42 11 563 0
78843 43 10 563 0
78844 44 2 563 0
78845 49 11 563 0
78846 50 12 563 0
78847 51 1 563 0
78968 11 5 564 0
78969 13 4 564 0
78970 18 3 564 0
78971 19 9 564 0
78972 21 11 564 0
78973 26 13 564 0
78974 27 1 564 0
78975 28 3 564 0
78976 29 9 564 0
78977 34 9 564 0
78978 35 9 564 0
78979 36 11 564 0
78980 37 5 564 0
78981 44 10 564 0
78982 51 2 564 0
78983 52 9 564 0
78984 60 1 564 0
79108 4 1 565 0
79109 5 5 565 0
79110 12 10 565 0
79111 13 4 565 0
79112 19 6 565 0
79113 20 6 565 0
79114 21 1 565 0
79115 26 4 565 0
79116 27 8 565 0
79117 28 8 565 0
79118 29 14 565 0
79119 30 2 565 0
79120 33 1 565 0
79121 34 12 565 0
79122 35 11 565 0
79123 36 11 565 0
79124 37 14 565 0
79125 38 1 565 0
79126 42 11 565 0
79127 43 14 565 0
79128 44 12 565 0
79129 45 2 565 0
79130 50 3 565 0
79131 51 2 565 0
79248 11 2 566 0
79249 12 4 566 0
79250 19 9 566 0
79251 20 7 566 0
79252 21 3 566 0
79253 26 6 566 0
79254 27 3 566 0
79255 28 8 566 0
79256 29 3 566 0
79257 34 2 566 0
79258 35 7 566 0
79259 36 9 566 0
79260 44 8 566 0
79261 52 10 566 0
79262 60 4 566 0
79388 18 3 567 0
79389 19 13 567 0
79390 20 12 567 0
79391 21 8 567 0
79392 22 1 567 0
79393 27 1 567 0
79394 28 1 567 0
79395 29 12 567 0
79396 30 1 567 0
79397 36 9 567 0
79398 37 3 567 0
79399 43 8 567 0
79400 44 4 567 0
79401 50 7 567 0
79402 51 7 567 0
79403 57 2 567 0
79404 58 6 567 0
79528 9 9 568 0
79529 10 9 568 0
79530 11 8 568 0
79531 12 8 568 0
79532 13 3 568 0
79533 20 1 568 0
79534 21 12 568 0
79535 28 2 568 0
79536 29 13 568 0
79537 30 3 568 0
79538 35 6 568 0
79539 36 13 568 0
79540 37 6 568 0
79541 38 1 568 0
79542 42 9 568 0
79543 43 9 568 0
79544 44 10 568 0
79545 50 12 568 0
79546 51 11 568 0
79547 52 1 568 0
79668 14 6 569 0
79669 15 2 569 0
79670 19 3 569 0
79671 21 8 569 0
79672 22 7 569 0
79673 26 3 569 0
79674 27 8 569 0
79675 28 5 569 0
79676 29 8 569 0
79677 34 13 569 0
79678 35 5 569 0
79679 36 12 569 0
79680 37 5 569 0
79681 42 7 569 0
79682 43 13 569 0
79683 44 2 569 0
79684 50 1 569 0
79685 51 9 569 0
79686 59 2 569 0
79808 10 1 570 0
79809 11 3 570 0
79810 12 2 570 0
79811 17 12 570 0
79812 18 14 570 0
79813 19 15 570 0
79814 20 15 570 0
79815 21 6 570 0
79816 25 5 570 0
79817 26 2 570 0
79818 28 6 570 0
79819 29 14 570 0
79820 30 1 570 0
79821 34 4 570 0
79822 35 8 570 0
79823 36 10 570 0
79824 37 15 570 0
79825 38 5 570 0
79826 41 1 570 0
79827 42 15 570 0
79828 43 15 570 0
79829 44 14 570 0
79830 45 10 570 0
79831 46 9 570 0
79832 50 5 570 0
79833 51 9 570 0
79834 52 3 570 0
79948 12 6 571 0
79949 13 8 571 0
79950 19 5 571 0
79951 20 8 571 0
79952 21 5 571 0
79953 22 7 571 0
79954 27 9 571 0
79955 28 7 571 0
79956 29 9 571 0
79957 30 3 571 0
79958 34 1 571 0
79959 35 10 571 0
79960 36 9 571 0
79961 42 9 571 0
79962 43 6 571 0
79963 44 9 571 0
79964 50 10 571 0
79965 51 8 571 0
79966 52 8 571 0
79967 58 1 571 0
79968 59 2 571 0
80088 11 1 572 0
80089 12 10 572 0
80090 20 9 572 0
80091 27 1 572 0
80092 28 9 572 0
80093 35 4 572 0
80094 36 7 572 0
80095 43 5 572 0
80096 44 6 572 0
80097 51 3 572 0
80098 52 12 572 0
80228 12 1 573 0
80229 13 8 573 0
80230 20 6 573 0
80231 21 9 573 0
80232 28 12 573 0
80233 29 2 573 0
80234 35 5 573 0
80235 36 7 573 0
80236 43 12 573 0
80237 50 7 573 0
80238 51 6 573 0
80239 58 2 573 0
80368 11 2 574 0
80369 12 8 574 0
80370 13 3 574 0
80371 19 6 574 0
80372 20 7 574 0
80373 21 2 574 0
80374 27 2 574 0
80375 28 6 574 0
80376 35 5 574 0
80377 36 6 574 0
80378 44 7 574 0
80379 50 1 574 0
80380 51 7 574 0
80381 52 6 574 0
80382 58 1 574 0
80383 59 3 574 0
80508 12 8 575 0
80509 13 9 575 0
80510 14 1 575 0
80511 19 6 575 0
80512 20 3 575 0
80513 21 2 575 0
80514 22 5 575 0
80515 27 7 575 0
80516 28 5 575 0
80517 29 8 575 0
80518 35 10 575 0
80519 36 5 575 0
80520 42 8 575 0
80521 43 7 575 0
80522 44 2 575 0
80523 50 11 575 0
80524 51 8 575 0
80525 58 2 575 0
80526 59 1 575 0
80648 10 2 576 0
80649 11 2 576 0
80650 18 9 576 0
80651 19 1 576 0
80652 20 4 576 0
80653 26 10 576 0
80654 27 7 576 0
80655 28 11 576 0
80656 29 1 576 0
80657 36 7 576 0
80658 44 8 576 0
80659 52 8 576 0
80660 53 2 576 0
80661 60 2 576 0
80662 61 2 576 0
80788 12 2 577 0
80789 13 3 577 0
80790 14 5 577 0
80791 19 9 577 0
80792 20 13 577 0
80793 21 14 577 0
80794 22 12 577 0
80795 26 8 577 0
80796 27 9 577 0
80797 29 3 577 0
80798 30 13 577 0
80799 33 7 577 0
80800 34 10 577 0
80801 36 1 577 0
80802 37 12 577 0
80803 38 5 577 0
80804 41 14 577 0
80805 42 5 577 0
80806 43 6 577 0
80807 44 12 577 0
80808 45 4 577 0
80809 49 9 577 0
80810 50 15 577 0
80811 51 10 577 0
80812 52 2 577 0
80928 11 3 578 0
80929 12 12 578 0
80930 13 4 578 0
80931 19 9 578 0
80932 20 4 578 0
80933 26 2 578 0
80934 27 10 578 0
80935 34 5 578 0
80936 35 10 578 0
80937 36 2 578 0
80938 42 1 578 0
80939 43 8 578 0
80940 44 6 578 0
80941 45 5 578 0
80942 51 2 578 0
80943 52 8 578 0
80944 53 11 578 0
81068 14 2 579 0
81069 19 1 579 0
81070 20 7 579 0
81071 21 9 579 0
81072 22 8 579 0
81073 23 4 579 0
81074 26 2 579 0
81075 27 9 579 0
81076 28 3 579 0
81077 34 4 579 0
81078 35 8 579 0
81079 36 1 579 0
81080 42 5 579 0
81081 43 3 579 0
81082 44 8 579 0
81083 50 9 579 0
81084 51 8 579 0
81085 52 1 579 0
81208 12 2 580 0
81209 19 7 580 0
81210 20 8 580 0
81211 21 6 580 0
81212 26 6 580 0
81213 27 5 580 0
81214 28 8 580 0
81215 29 6 580 0
81216 34 7 580 0
81217 35 7 580 0
81218 36 7 580 0
81219 37 3 580 0
81220 44 8 580 0
81221 52 9 580 0
81222 60 5 580 0
81348 11 1 581 0
81349 12 9 581 0
81350 13 7 581 0
81351 14 1 581 0
81352 20 4 581 0
81353 21 10 581 0
81354 22 9 581 0
81355 26 5 581 0
81356 27 8 581 0
81357 28 11 581 0
81358 29 6 581 0
81359 30 1 581 0
81360 34 3 581 0
81361 35 4 581 0
81362 36 10 581 0
81363 37 2 581 0
81364 43 4 581 0
81365 44 10 581 0
81366 48 2 581 0
81367 49 8 581 0
81368 50 10 581 0
81369 51 8 581 0
81370 52 1 581 0
81371 57 2 581 0
81488 11 5 582 0
81489 12 6 582 0
81490 19 14 582 0
81491 20 14 582 0
81492 21 3 582 0
81493 26 5 582 0
81494 27 11 582 0
81495 28 1 582 0
81496 29 10 582 0
81497 34 9 582 0
81498 35 7 582 0
81499 37 8 582 0
81500 38 1 582 0
81501 42 4 582 0
81502 43 8 582 0
81503 45 10 582 0
81504 46 1 582 0
81505 51 8 582 0
81506 52 10 582 0
81507 53 11 582 0
81508 60 3 582 0
81509 61 1 582 0
81628 12 1 583 0
81629 13 3 583 0
81630 19 4 583 0
81631 20 9 583 0
81632 21 11 583 0
81633 27 10 583 0
81634 28 7 583 0
81635 29 8 583 0
81636 35 3 583 0
81637 36 9 583 0
81638 43 9 583 0
81639 44 1 583 0
81640 50 9 583 0
81641 51 3 583 0
81642 57 3 583 0
81643 58 2 583 0
81768 3 3 584 0
81769 4 1 584 0
81770 12 6 584 0
81771 20 5 584 0
81772 21 1 584 0
81773 28 2 584 0
81774 29 7 584 0
81775 34 7 584 0
81776 35 6 584 0
81777 36 4 584 0
81778 37 7 584 0
81779 42 3 584 0
81780 43 6 584 0
81781 44 7 584 0
81782 45 2 584 0
81783 51 3 584 0
81784 52 3 584 0
81908 19 5 585 0
81909 20 1 585 0
81910 21 1 585 0
81911 22 7 585 0
81912 23 1 585 0
81913 26 6 585 0
81914 27 6 585 0
81915 28 1 585 0
81916 29 10 585 0
81917 30 2 585 0
81918 33 4 585 0
81919 34 8 585 0
81920 35 6 585 0
81921 36 12 585 0
81922 37 4 585 0
81923 43 6 585 0
81924 44 3 585 0
81925 51 2 585 0
82048 11 1 586 0
82049 12 4 586 0
82050 13 1 586 0
82051 18 7 586 0
82052 19 5 586 0
82053 20 4 586 0
82054 21 10 586 0
82055 28 1 586 0
82056 29 8 586 0
82057 36 7 586 0
82058 37 1 586 0
82059 43 7 586 0
82060 44 2 586 0
82061 50 6 586 0
82062 51 5 586 0
82063 58 4 586 0
82188 13 5 587 0
82189 14 6 587 0
82190 20 3 587 0
82191 21 12 587 0
82192 22 1 587 0
82193 27 1 587 0
82194 28 11 587 0
82195 29 1 587 0
82196 35 10 587 0
82197 36 2 587 0
82198 42 6 587 0
82199 43 7 587 0
82200 50 13 587 0
82201 51 1 587 0
82202 58 2 587 0
82328 11 8 588 0
82329 12 7 588 0
82330 13 1 588 0
82331 19 2 588 0
82332 20 5 588 0
82333 21 7 588 0
82334 28 10 588 0
82335 29 1 588 0
82336 35 6 588 0
82337 36 4 588 0
82338 43 9 588 0
82339 51 7 588 0
82340 52 5 588 0
82341 60 3 588 0
82468 12 1 589 0
82469 13 3 589 0
82470 19 2 589 0
82471 20 11 589 0
82472 21 12 589 0
82473 22 1 589 0
82474 27 10 589 0
82475 28 2 589 0
82476 29 11 589 0
82477 30 2 589 0
82478 35 10 589 0
82479 36 14 589 0
82480 37 5 589 0
82481 43 7 589 0
82482 44 6 589 0
82483 50 3 589 0
82484 51 9 589 0
82485 58 4 589 0
82486 59 1 589 0
82608 12 2 590 0
82609 19 2 590 0
82610 20 8 590 0
82611 26 3 590 0
82612 27 6 590 0
82613 28 6 590 0
82614 29 1 590 0
82615 30 2 590 0
82616 33 1 590 0
82617 34 9 590 0
82618 35 7 590 0
82619 36 9 590 0
82620 37 4 590 0
82621 38 1 590 0
82622 44 6 590 0
82623 51 1 590 0
82624 52 5 590 0
82625 59 1 590 0
82626 60 1 590 0
82748 11 1 591 0
82749 12 10 591 0
82750 13 15 591 0
82751 14 5 591 0
82752 18 3 591 0
82753 19 12 591 0
82754 20 6 591 0
82755 21 8 591 0
82756 22 9 591 0
82757 26 6 591 0
82758 27 2 591 0
82759 29 10 591 0
82760 30 5 591 0
82761 33 1 591 0
82762 34 4 591 0
82763 35 5 591 0
82764 36 8 591 0
82765 37 14 591 0
82766 38 2 591 0
82767 40 2 591 0
82768 41 12 591 0
82769 42 8 591 0
82770 43 13 591 0
82771 44 9 591 0
82772 45 1 591 0
82773 48 2 591 0
82774 49 12 591 0
82775 50 11 591 0
82776 51 6 591 0
82888 3 3 592 0
82889 10 2 592 0
82890 11 5 592 0
82891 18 4 592 0
82892 19 3 592 0
82893 26 6 592 0
82894 27 2 592 0
82895 28 3 592 0
82896 29 3 592 0
82897 34 2 592 0
82898 35 6 592 0
82899 36 7 592 0
82900 37 8 592 0
82901 38 1 592 0
82902 43 6 592 0
82903 44 12 592 0
82904 45 9 592 0
83028 13 8 593 0
83029 14 5 593 0
83030 20 5 593 0
83031 21 10 593 0
83032 28 11 593 0
83033 29 1 593 0
83034 35 7 593 0
83035 36 6 593 0
83036 42 3 593 0
83037 43 11 593 0
83038 50 11 593 0
83039 51 2 593 0
83168 11 5 594 0
83169 12 7 594 0
83170 18 1 594 0
83171 19 8 594 0
83172 20 4 594 0
83173 21 5 594 0
83174 26 2 594 0
83175 27 8 594 0
83176 28 12 594 0
83177 29 8 594 0
83178 35 8 594 0
83179 36 2 594 0
83180 37 10 594 0
83181 42 1 594 0
83182 43 8 594 0
83183 44 1 594 0
83184 45 10 594 0
83185 50 1 594 0
83186 51 11 594 0
83187 52 10 594 0
83188 53 1 594 0
83308 19 3 595 0
83309 20 11 595 0
83310 21 10 595 0
83311 27 8 595 0
83312 28 8 595 0
83313 29 6 595 0
83314 35 5 595 0
83315 36 10 595 0
83316 37 1 595 0
83317 43 7 595 0
83318 44 3 595 0
83319 50 5 595 0
83320 51 5 595 0
83321 57 3 595 0
83322 58 5 595 0
83448 10 1 596 0
83449 11 10 596 0
83450 12 1 596 0
83451 18 9 596 0
83452 19 15 596 0
83453 20 13 596 0
83454 21 6 596 0
83455 25 1 596 0
83456 26 14 596 0
83457 27 5 596 0
83458 28 1 596 0
83459 29 6 596 0
83460 30 5 596 0
83461 34 13 596 0
83462 38 11 596 0
83463 42 9 596 0
83464 43 10 596 0
83465 44 6 596 0
83466 45 8 596 0
83467 46 13 596 0
83468 51 9 596 0
83469 52 13 596 0
83470 53 12 596 0
83471 54 5 596 0
83588 4 1 597 0
83589 5 2 597 0
83590 12 7 597 0
83591 13 8 597 0
83592 19 2 597 0
83593 20 11 597 0
83594 27 10 597 0
83595 28 10 597 0
83596 29 9 597 0
83597 30 2 597 0
83598 34 8 597 0
83599 35 11 597 0
83600 36 6 597 0
83601 37 10 597 0
83602 38 1 597 0
83603 41 2 597 0
83604 42 11 597 0
83605 43 10 597 0
83606 44 9 597 0
83607 45 1 597 0
83608 49 1 597 0
83609 50 10 597 0
83610 51 6 597 0
83728 4 5 598 0
83729 11 1 598 0
83730 12 12 598 0
83731 19 6 598 0
83732 20 6 598 0
83733 26 7 598 0
83734 27 11 598 0
83735 28 1 598 0
83736 33 1 598 0
83737 34 13 598 0
83738 35 8 598 0
83739 36 7 598 0
83740 37 10 598 0
83741 38 8 598 0
83742 39 1 598 0
83743 42 12 598 0
83744 43 15 598 0
83745 44 11 598 0
83746 45 9 598 0
83747 46 5 598 0
83868 18 6 599 0
83869 19 10 599 0
83870 20 12 599 0
83871 21 13 599 0
83872 22 2 599 0
83873 26 7 599 0
83874 27 1 599 0
83875 28 2 599 0
83876 29 12 599 0
83877 34 1 599 0
83878 35 2 599 0
83879 36 10 599 0
83880 37 1 599 0
83881 43 10 599 0
83882 44 2 599 0
83883 50 8 599 0
83884 51 3 599 0
83885 57 1 599 0
83886 58 5 599 0
84008 19 7 600 0
84009 20 10 600 0
84010 27 8 600 0
84011 28 10 600 0
84012 35 7 600 0
84013 36 8 600 0
84014 44 6 600 0
84015 51 2 600 0
84016 52 4 600 0
84017 59 2 600 0
84018 60 1 600 0
84148 12 2 601 0
84149 13 4 601 0
84150 19 2 601 0
84151 20 8 601 0
84152 21 8 601 0
84153 22 2 601 0
84154 27 7 601 0
84155 28 1 601 0
84156 29 10 601 0
84157 30 4 601 0
84158 35 7 601 0
84159 36 9 601 0
84160 37 1 601 0
84161 43 8 601 0
84162 44 1 601 0
84163 50 7 601 0
84164 51 2 601 0
84165 58 4 601 0
84288 11 9 602 0
84289 12 12 602 0
84290 19 6 602 0
84291 20 7 602 0
84292 27 7 602 0
84293 28 7 602 0
84294 34 1 602 0
84295 35 7 602 0
84296 36 4 602 0
84297 37 8 602 0
84298 38 3 602 0
84299 42 4 602 0
84300 43 5 602 0
84301 44 1 602 0
84302 45 10 602 0
84303 46 4 602 0
84304 50 1 602 0
84305 51 12 602 0
84306 52 10 602 0
84307 53 2 602 0
84428 12 1 603 0
84429 13 13 603 0
84430 14 3 603 0
84431 19 1 603 0
84432 20 11 603 0
84433 21 13 603 0
84434 22 7 603 0
84435 26 1 603 0
84436 27 10 603 0
84437 28 4 603 0
84438 29 6 603 0
84439 30 8 603 0
84440 33 1 603 0
84441 34 11 603 0
84442 35 4 603 0
84443 36 2 603 0
84444 37 13 603 0
84445 38 2 603 0
84446 41 9 603 0
84447 42 7 603 0
84448 43 4 603 0
84449 44 11 603 0
84450 45 1 603 0
84451 49 8 603 0
84452 50 14 603 0
84453 51 10 603 0
84454 52 2 603 0
84568 12 3 604 0
84569 20 6 604 0
84570 28 6 604 0
84571 35 2 604 0
84572 36 4 604 0
84573 43 4 604 0
84574 44 1 604 0
84575 51 5 604 0
84576 59 1 604 0
84708 15 1 605 0
84709 21 3 605 0
84710 22 9 605 0
84711 23 4 605 0
84712 26 1 605 0
84713 27 8 605 0
84714 28 4 605 0
84715 29 7 605 0
84716 30 2 605 0
84717 34 11 605 0
84718 35 6 605 0
84719 36 9 605 0
84720 37 3 605 0
84721 42 7 605 0
84722 43 8 605 0
84723 44 1 605 0
84724 50 8 605 0
84725 57 1 605 0
84726 58 1 605 0
84848 9 8 606 0
84849 12 1 606 0
84850 16 2 606 0
84851 17 11 606 0
84852 20 7 606 0
84853 21 5 606 0
84854 24 1 606 0
84855 25 13 606 0
84856 26 4 606 0
84857 28 9 606 0
84858 29 10 606 0
84859 33 3 606 0
84860 34 10 606 0
84861 35 12 606 0
84862 36 12 606 0
84863 37 15 606 0
84864 38 3 606 0
84865 45 13 606 0
84866 46 9 606 0
84867 53 5 606 0
84868 54 8 606 0
84988 5 3 607 0
84989 12 8 607 0
84990 13 11 607 0
84991 19 4 607 0
84992 20 8 607 0
84993 21 1 607 0
84994 26 1 607 0
84995 27 9 607 0
84996 28 7 607 0
84997 29 10 607 0
84998 30 1 607 0
84999 34 9 607 0
85000 35 4 607 0
85001 36 8 607 0
85002 37 9 607 0
85003 41 1 607 0
85004 42 11 607 0
85005 43 4 607 0
85006 44 11 607 0
85007 45 1 607 0
85008 50 9 607 0
85009 51 8 607 0
85010 52 1 607 0
85128 9 1 608 0
85129 10 1 608 0
85130 17 2 608 0
85131 18 13 608 0
85132 19 10 608 0
85133 20 10 608 0
85134 21 8 608 0
85135 26 12 608 0
85136 28 2 608 0
85137 29 11 608 0
85138 34 9 608 0
85139 35 2 608 0
85140 36 4 608 0
85141 37 7 608 0
85142 44 7 608 0
85143 45 6 608 0
85144 52 8 608 0
85145 53 4 608 0
85146 60 4 608 0
85147 61 2 608 0
85268 13 8 609 0
85269 14 2 609 0
85270 20 6 609 0
85271 21 13 609 0
85272 22 2 609 0
85273 27 2 609 0
85274 28 12 609 0
85275 29 1 609 0
85276 35 9 609 0
85277 36 5 609 0
85278 43 11 609 0
85279 50 4 609 0
85280 51 7 609 0
85281 58 1 609 0
85282 59 2 609 0
85408 18 6 610 0
85409 19 10 610 0
85410 20 11 610 0
85411 21 10 610 0
85412 22 10 610 0
85413 23 2 610 0
85414 25 2 610 0
85415 26 10 610 0
85416 27 3 610 0
85417 28 1 610 0
85418 33 5 610 0
85419 34 8 610 0
85420 35 6 610 0
85421 36 6 610 0
85422 37 2 610 0
85423 44 1 610 0
85424 45 10 610 0
85425 52 1 610 0
85426 53 9 610 0
85427 60 5 610 0
85428 61 3 610 0
85548 12 3 611 0
85549 13 3 611 0
85550 19 7 611 0
85551 20 10 611 0
85552 21 12 611 0
85553 28 8 611 0
85554 29 4 611 0
85555 35 6 611 0
85556 36 5 611 0
85557 42 2 611 0
85558 43 9 611 0
85559 50 10 611 0
85560 51 2 611 0
85561 58 5 611 0
85688 11 9 612 0
85689 12 4 612 0
85690 18 2 612 0
85691 19 10 612 0
85692 20 11 612 0
85693 21 7 612 0
85694 26 10 612 0
85695 27 4 612 0
85696 29 10 612 0
85697 30 5 612 0
85698 34 12 612 0
85699 37 5 612 0
85700 38 6 612 0
85701 42 11 612 0
85702 43 3 612 0
85703 44 3 612 0
85704 45 12 612 0
85705 46 1 612 0
85706 50 1 612 0
85707 51 12 612 0
85708 52 11 612 0
85709 53 3 612 0
85828 12 4 613 0
85829 13 2 613 0
85830 19 9 613 0
85831 20 8 613 0
85832 21 11 613 0
85833 27 5 613 0
85834 28 11 613 0
85835 29 3 613 0
85836 34 9 613 0
85837 35 7 613 0
85838 36 7 613 0
85839 37 8 613 0
85840 43 1 613 0
85841 44 10 613 0
85842 45 1 613 0
85843 50 2 613 0
85844 51 9 613 0
85845 52 2 613 0
85846 57 2 613 0
85847 58 6 613 0
85848 59 1 613 0
85968 19 1 614 0
85969 20 6 614 0
85970 21 9 614 0
85971 22 11 614 0
85972 23 5 614 0
85973 26 5 614 0
85974 27 11 614 0
85975 28 5 614 0
85976 29 2 614 0
85977 33 3 614 0
85978 34 9 614 0
85979 35 7 614 0
85980 36 10 614 0
85981 37 3 614 0
85982 42 8 614 0
85983 43 12 614 0
85984 44 8 614 0
85985 45 1 614 0
86108 11 1 615 0
86109 12 6 615 0
86110 13 3 615 0
86111 15 1 615 0
86112 18 1 615 0
86113 19 10 615 0
86114 20 4 615 0
86115 21 2 615 0
86116 22 3 615 0
86117 23 7 615 0
86118 26 3 615 0
86119 27 7 615 0
86120 28 2 615 0
86121 29 8 615 0
86122 30 6 615 0
86123 35 10 615 0
86124 36 8 615 0
86125 42 5 615 0
86126 43 9 615 0
86127 44 5 615 0
86128 50 8 615 0
86129 51 10 615 0
86130 52 3 615 0
86131 59 1 615 0
86248 11 6 616 0
86249 13 1 616 0
86250 18 4 616 0
86251 19 12 616 0
86252 20 2 616 0
86253 21 14 616 0
86254 26 10 616 0
86255 27 4 616 0
86256 28 4 616 0
86257 29 12 616 0
86258 34 15 616 0
86259 35 11 616 0
86260 36 12 616 0
86261 37 9 616 0
86262 42 3 616 0
86263 43 2 616 0
86264 44 8 616 0
86265 45 10 616 0
86266 52 6 616 0
86267 53 12 616 0
86268 61 2 616 0
86388 18 7 617 0
86389 19 11 617 0
86390 20 10 617 0
86391 21 12 617 0
86392 22 5 617 0
86393 26 2 617 0
86394 28 2 617 0
86395 29 12 617 0
86396 30 1 617 0
86397 35 1 617 0
86398 36 10 617 0
86399 37 2 617 0
86400 43 9 617 0
86401 44 3 617 0
86402 50 6 617 0
86403 51 8 617 0
86404 57 3 617 0
86405 58 11 617 0
86528 11 3 618 0
86529 12 1 618 0
86530 19 5 618 0
86531 20 6 618 0
86532 27 5 618 0
86533 28 4 618 0
86534 35 4 618 0
86535 36 4 618 0
86536 43 3 618 0
86537 44 6 618 0
86538 52 9 618 0
86539 60 2 618 0
86668 12 9 619 0
86669 13 7 619 0
86670 20 1 619 0
86671 21 8 619 0
86672 22 6 619 0
86673 29 8 619 0
86674 30 5 619 0
86675 34 2 619 0
86676 35 8 619 0
86677 36 13 619 0
86678 37 8 619 0
86679 38 5 619 0
86680 41 6 619 0
86681 42 12 619 0
86682 43 11 619 0
86683 44 1 619 0
86684 49 8 619 0
86685 50 5 619 0
86808 10 3 620 0
86809 11 8 620 0
86810 12 9 620 0
86811 13 4 620 0
86812 18 15 620 0
86813 19 11 620 0
86814 20 9 620 0
86815 21 10 620 0
86816 26 15 620 0
86817 27 13 620 0
86818 28 11 620 0
86819 29 10 620 0
86820 30 1 620 0
86821 34 6 620 0
86822 35 4 620 0
86823 36 1 620 0
86824 37 11 620 0
86825 38 8 620 0
86826 42 1 620 0
86827 44 6 620 0
86828 45 15 620 0
86829 46 5 620 0
86830 50 7 620 0
86831 51 15 620 0
86832 52 14 620 0
86833 53 8 620 0
86834 59 2 620 0
86835 60 2 620 0
86948 12 1 621 0
86949 19 4 621 0
86950 20 11 621 0
86951 21 7 621 0
86952 26 1 621 0
86953 27 9 621 0
86954 28 3 621 0
86955 29 10 621 0
86956 30 2 621 0
86957 34 1 621 0
86958 35 8 621 0
86959 36 10 621 0
86960 37 4 621 0
86961 40 1 621 0
86962 43 3 621 0
86963 44 6 621 0
86964 51 7 621 0
86965 59 1 621 0
87088 13 6 622 0
87089 14 8 622 0
87090 18 7 622 0
87091 19 10 622 0
87092 20 12 622 0
87093 21 11 622 0
87094 22 1 622 0
87095 26 14 622 0
87096 27 10 622 0
87097 28 8 622 0
87098 29 6 622 0
87099 30 2 622 0
87100 34 5 622 0
87101 35 3 622 0
87102 36 2 622 0
87103 37 4 622 0
87104 38 12 622 0
87105 41 4 622 0
87106 42 7 622 0
87107 44 1 622 0
87108 45 10 622 0
87109 46 7 622 0
87110 49 3 622 0
87111 50 12 622 0
87112 51 10 622 0
87113 52 13 622 0
87114 53 6 622 0
87228 12 8 623 0
87229 13 10 623 0
87230 19 3 623 0
87231 20 11 623 0
87232 26 1 623 0
87233 27 11 623 0
87234 28 6 623 0
87235 29 10 623 0
87236 30 4 623 0
87237 34 10 623 0
87238 35 12 623 0
87239 36 15 623 0
87240 37 9 623 0
87241 42 13 623 0
87242 43 14 623 0
87243 44 6 623 0
87244 50 11 623 0
87245 51 4 623 0
87368 10 8 624 0
87369 11 2 624 0
87370 18 6 624 0
87371 19 12 624 0
87372 20 9 624 0
87373 21 1 624 0
87374 27 1 624 0
87375 28 5 624 0
87376 29 11 624 0
87377 36 10 624 0
87378 37 5 624 0
87379 43 6 624 0
87380 44 8 624 0
87381 51 10 624 0
87382 52 4 624 0
87383 59 2 624 0
87508 11 1 625 0
87509 12 10 625 0
87510 13 13 625 0
87511 19 11 625 0
87512 20 7 625 0
87513 21 1 625 0
87514 26 7 625 0
87515 27 10 625 0
87516 34 1 625 0
87517 35 10 625 0
87518 36 11 625 0
87519 37 1 625 0
87520 43 1 625 0
87521 44 12 625 0
87522 45 6 625 0
87523 50 7 625 0
87524 51 12 625 0
87525 52 8 625 0
87526 53 1 625 0
87648 19 2 626 0
87649 20 8 626 0
87650 21 12 626 0
87651 22 7 626 0
87652 25 5 626 0
87653 26 9 626 0
87654 27 7 626 0
87655 28 3 626 0
87656 29 6 626 0
87657 30 15 626 0
87658 33 8 626 0
87659 34 12 626 0
87660 35 11 626 0
87661 36 12 626 0
87662 37 13 626 0
87663 38 6 626 0
87664 43 1 626 0
87665 44 11 626 0
87666 45 1 626 0
87667 51 9 626 0
87668 52 3 626 0
87669 59 4 626 0
87788 15 1 627 0
87789 18 1 627 0
87790 19 6 627 0
87791 20 8 627 0
87792 22 4 627 0
87793 23 5 627 0
87794 26 7 627 0
87795 27 4 627 0
87796 28 4 627 0
87797 29 6 627 0
87798 30 2 627 0
87799 34 2 627 0
87800 35 11 627 0
87801 36 8 627 0
87802 42 5 627 0
87803 43 7 627 0
87804 44 7 627 0
87805 45 6 627 0
87806 51 2 627 0
87807 52 3 627 0
87928 11 1 628 0
87929 12 7 628 0
87930 13 2 628 0
87931 18 5 628 0
87932 19 6 628 0
87933 20 6 628 0
87934 21 2 628 0
87935 26 7 628 0
87936 27 3 628 0
87937 28 7 628 0
87938 35 7 628 0
87939 36 3 628 0
87940 37 4 628 0
87941 42 1 628 0
87942 43 5 628 0
87943 45 7 628 0
87944 51 7 628 0
87945 52 3 628 0
87946 53 7 628 0
87947 60 3 628 0
88068 12 2 629 0
88069 13 5 629 0
88070 14 1 629 0
88071 19 9 629 0
88072 20 10 629 0
88073 21 10 629 0
88074 22 8 629 0
88075 27 6 629 0
88076 28 9 629 0
88077 29 9 629 0
88078 30 1 629 0
88079 34 1 629 0
88080 35 8 629 0
88081 36 8 629 0
88082 37 10 629 0
88083 43 1 629 0
88084 44 10 629 0
88085 45 2 629 0
88086 49 2 629 0
88087 50 5 629 0
88088 51 11 629 0
88089 52 3 629 0
88090 56 1 629 0
88091 57 7 629 0
88092 58 5 629 0
88093 59 1 629 0
88208 4 1 630 0
88209 12 6 630 0
88210 19 2 630 0
88211 20 5 630 0
88212 27 6 630 0
88213 28 4 630 0
88214 35 8 630 0
88215 36 3 630 0
88216 37 3 630 0
88217 43 5 630 0
88218 44 1 630 0
88219 45 5 630 0
88220 51 2 630 0
88221 52 7 630 0
88222 53 1 630 0
88348 12 1 631 0
88349 13 4 631 0
88350 19 2 631 0
88351 20 9 631 0
88352 21 8 631 0
88353 22 5 631 0
88354 27 9 631 0
88355 28 2 631 0
88356 29 7 631 0
88357 30 2 631 0
88358 34 1 631 0
88359 35 10 631 0
88360 36 11 631 0
88361 37 1 631 0
88362 42 1 631 0
88363 43 9 631 0
88364 44 1 631 0
88365 49 1 631 0
88366 50 10 631 0
88367 51 1 631 0
88368 57 3 631 0
88369 58 1 631 0
88488 17 1 632 0
88489 19 1 632 0
88490 20 5 632 0
88491 21 9 632 0
88492 22 3 632 0
88493 24 1 632 0
88494 25 11 632 0
88495 26 11 632 0
88496 27 10 632 0
88497 28 6 632 0
88498 29 13 632 0
88499 30 3 632 0
88500 36 5 632 0
88501 37 9 632 0
88502 44 11 632 0
88503 45 1 632 0
88504 51 2 632 0
88505 52 8 632 0
88506 59 8 632 0
88507 60 3 632 0
88628 11 2 633 0
88629 12 6 633 0
88630 13 12 633 0
88631 14 5 633 0
88632 19 1 633 0
88633 20 13 633 0
88634 21 13 633 0
88635 22 1 633 0
88636 26 3 633 0
88637 27 11 633 0
88638 28 3 633 0
88639 29 12 633 0
88640 30 1 633 0
88641 33 4 633 0
88642 34 12 633 0
88643 35 2 633 0
88644 36 4 633 0
88645 37 11 633 0
88646 38 2 633 0
88647 41 11 633 0
88648 42 4 633 0
88649 43 4 633 0
88650 44 11 633 0
88651 49 8 633 0
88652 50 14 633 0
88653 51 10 633 0
88654 52 1 633 0
88768 11 1 634 0
88769 12 3 634 0
88770 18 1 634 0
88771 19 10 634 0
88772 20 10 634 0
88773 28 7 634 0
88774 36 7 634 0
88775 43 4 634 0
88776 44 4 634 0
88777 51 7 634 0
88778 59 3 634 0
88908 12 3 635 0
88909 13 6 635 0
88910 14 6 635 0
88911 15 1 635 0
88912 19 8 635 0
88913 20 15 635 0
88914 21 7 635 0
88915 22 2 635 0
88916 27 4 635 0
88917 28 6 635 0
88918 29 10 635 0
88919 33 3 635 0
88920 34 10 635 0
88921 35 10 635 0
88922 36 13 635 0
88923 37 8 635 0
88924 41 9 635 0
88925 42 9 635 0
88926 43 11 635 0
88927 44 7 635 0
88928 49 2 635 0
88929 50 6 635 0
88930 51 2 635 0
89048 19 8 636 0
89049 20 10 636 0
89050 21 9 636 0
89051 27 2 636 0
89052 28 3 636 0
89053 29 5 636 0
89054 36 7 636 0
89055 43 2 636 0
89056 44 6 636 0
89057 51 7 636 0
89058 52 1 636 0
89059 59 6 636 0
89188 13 7 637 0
89189 14 8 637 0
89190 20 2 637 0
89191 21 11 637 0
89192 28 9 637 0
89193 29 1 637 0
89194 35 8 637 0
89195 36 2 637 0
89196 42 3 637 0
89197 43 8 637 0
89198 50 6 637 0
89199 51 8 637 0
89328 11 2 638 0
89329 12 4 638 0
89330 19 3 638 0
89331 20 7 638 0
89332 27 4 638 0
89333 28 6 638 0
89334 35 3 638 0
89335 36 7 638 0
89336 43 1 638 0
89337 44 9 638 0
89338 52 9 638 0
89468 12 8 639 0
89469 13 13 639 0
89470 19 7 639 0
89471 20 14 639 0
89472 21 13 639 0
89473 22 3 639 0
89474 26 6 639 0
89475 27 9 639 0
89476 28 2 639 0
89477 29 6 639 0
89478 30 6 639 0
89479 33 3 639 0
89480 34 13 639 0
89481 36 1 639 0
89482 37 12 639 0
89483 38 3 639 0
89484 41 6 639 0
89485 42 11 639 0
89486 43 1 639 0
89487 44 10 639 0
89488 45 5 639 0
89489 49 1 639 0
89490 50 11 639 0
89491 51 13 639 0
89492 52 5 639 0
89608 17 2 640 0
89609 18 3 640 0
89610 19 4 640 0
89611 20 5 640 0
89612 21 4 640 0
89613 24 1 640 0
89614 25 11 640 0
89615 26 11 640 0
89616 27 9 640 0
89617 28 7 640 0
89618 29 11 640 0
89619 30 6 640 0
89620 36 2 640 0
89621 37 11 640 0
89622 38 3 640 0
89623 44 7 640 0
89624 45 4 640 0
89625 52 9 640 0
89626 60 8 640 0
89748 12 3 641 0
89749 19 4 641 0
89750 20 13 641 0
89751 21 3 641 0
89752 27 10 641 0
89753 28 13 641 0
89754 29 8 641 0
89755 35 9 641 0
89756 36 9 641 0
89757 42 1 641 0
89758 43 10 641 0
89759 50 9 641 0
89760 51 3 641 0
89761 58 4 641 0
89888 11 6 642 0
89889 12 13 642 0
89890 13 12 642 0
89891 19 5 642 0
89892 20 3 642 0
89893 21 15 642 0
89894 22 1 642 0
89895 28 5 642 0
89896 29 12 642 0
89897 34 4 642 0
89898 35 8 642 0
89899 36 13 642 0
89900 37 8 642 0
89901 41 7 642 0
89902 42 11 642 0
89903 43 12 642 0
89904 44 8 642 0
89905 45 12 642 0
89906 49 13 642 0
89907 50 10 642 0
89908 51 6 642 0
90028 11 5 643 0
90029 12 8 643 0
90030 13 6 643 0
90031 19 2 643 0
90032 20 10 643 0
90033 21 14 643 0
90034 22 2 643 0
90035 26 3 643 0
90036 27 10 643 0
90037 28 14 643 0
90038 29 7 643 0
90039 33 1 643 0
90040 34 8 643 0
90041 35 6 643 0
90042 36 5 643 0
90043 37 14 643 0
90044 38 2 643 0
90045 43 2 643 0
90046 44 12 643 0
90047 45 3 643 0
90048 49 3 643 0
90049 50 8 643 0
90050 51 11 643 0
90051 52 2 643 0
90052 57 3 643 0
90053 58 3 643 0
90168 19 8 644 0
90169 20 13 644 0
90170 21 8 644 0
90171 27 2 644 0
90172 28 10 644 0
90173 29 1 644 0
90174 35 8 644 0
90175 36 2 644 0
90176 43 9 644 0
90177 51 8 644 0
90178 59 7 644 0
90308 12 4 645 0
90309 13 3 645 0
90310 18 3 645 0
90311 19 12 645 0
90312 20 10 645 0
90313 21 15 645 0
90314 22 2 645 0
90315 26 1 645 0
90316 27 6 645 0
90317 28 10 645 0
90318 29 6 645 0
90319 34 7 645 0
90320 35 11 645 0
90321 36 9 645 0
90322 37 14 645 0
90323 38 2 645 0
90324 43 1 645 0
90325 44 9 645 0
90326 45 9 645 0
90327 50 3 645 0
90328 51 11 645 0
90329 52 5 645 0
90330 57 2 645 0
90331 58 6 645 0
90332 59 1 645 0
90448 11 10 646 0
90449 12 9 646 0
90450 13 1 646 0
90451 20 6 646 0
90452 21 4 646 0
90453 28 10 646 0
90454 35 7 646 0
90455 36 3 646 0
90456 42 1 646 0
90457 43 8 646 0
90458 44 4 646 0
90459 50 3 646 0
90460 51 12 646 0
90461 52 8 646 0
90588 15 2 647 0
90589 19 1 647 0
90590 21 1 647 0
90591 22 9 647 0
90592 23 4 647 0
90593 26 4 647 0
90594 27 6 647 0
90595 28 2 647 0
90596 29 8 647 0
90597 30 1 647 0
90598 34 9 647 0
90599 35 7 647 0
90600 36 5 647 0
90601 43 7 647 0
90602 50 5 647 0
90603 51 1 647 0
90728 12 4 648 0
90729 20 10 648 0
90730 28 9 648 0
90731 35 4 648 0
90732 36 5 648 0
90733 43 9 648 0
90734 51 7 648 0
90735 59 2 648 0
90868 5 3 649 0
90869 6 2 649 0
90870 12 8 649 0
90871 13 8 649 0
90872 14 2 649 0
90873 19 3 649 0
90874 20 10 649 0
90875 27 10 649 0
90876 28 4 649 0
90877 29 5 649 0
90878 34 7 649 0
90879 35 10 649 0
90880 36 10 649 0
90881 37 12 649 0
90882 38 2 649 0
90883 42 13 649 0
90884 43 14 649 0
90885 44 11 649 0
90886 45 2 649 0
90887 50 3 649 0
90888 51 6 649 0
91008 17 6 650 0
91009 18 11 650 0
91010 19 11 650 0
91011 20 8 650 0
91012 25 1 650 0
91013 28 10 650 0
91014 29 1 650 0
91015 35 8 650 0
91016 36 4 650 0
91017 43 9 650 0
91018 44 5 650 0
91019 45 6 650 0
91020 46 8 650 0
91021 47 1 650 0
91022 51 1 650 0
91023 52 7 650 0
91024 53 7 650 0
91025 54 2 650 0
91148 18 1 651 0
91149 19 11 651 0
91150 20 13 651 0
91151 21 14 651 0
91152 22 8 651 0
91153 27 3 651 0
91154 28 1 651 0
91155 29 12 651 0
91156 30 4 651 0
91157 36 10 651 0
91158 37 4 651 0
91159 43 9 651 0
91160 44 4 651 0
91161 50 8 651 0
91162 51 7 651 0
91163 57 2 651 0
91164 58 9 651 0
91288 11 1 652 0
91289 12 10 652 0
91290 13 12 652 0
91291 19 7 652 0
91292 20 8 652 0
91293 27 11 652 0
91294 28 7 652 0
91295 36 10 652 0
91296 37 2 652 0
91297 42 2 652 0
91298 43 2 652 0
91299 44 11 652 0
91300 45 3 652 0
91301 50 2 652 0
91302 51 13 652 0
91303 52 9 652 0
91428 13 3 653 0
91429 14 9 653 0
91430 15 3 653 0
91431 20 9 653 0
91432 21 8 653 0
91433 22 4 653 0
91434 26 1 653 0
91435 27 11 653 0
91436 28 2 653 0
91437 35 3 653 0
91438 36 9 653 0
91439 43 2 653 0
91440 44 9 653 0
91441 49 2 653 0
91442 50 6 653 0
91443 51 10 653 0
91444 52 2 653 0
91445 57 1 653 0
91446 58 3 653 0
91568 17 8 654 0
91569 18 7 654 0
91570 19 10 654 0
91571 20 12 654 0
91572 21 10 654 0
91573 25 2 654 0
91574 26 2 654 0
91575 27 1 654 0
91576 28 7 654 0
91577 29 5 654 0
91578 36 11 654 0
91579 43 1 654 0
91580 44 10 654 0
91581 51 6 654 0
91582 52 6 654 0
91583 59 5 654 0
91584 60 2 654 0
91708 14 2 655 0
91709 15 2 655 0
91710 19 7 655 0
91711 20 2 655 0
91712 21 3 655 0
91713 22 12 655 0
91714 26 6 655 0
91715 27 6 655 0
91716 28 2 655 0
91717 29 10 655 0
91718 30 3 655 0
91719 33 2 655 0
91720 34 11 655 0
91721 35 9 655 0
91722 36 12 655 0
91723 37 6 655 0
91724 38 1 655 0
91725 43 8 655 0
91726 44 2 655 0
91727 50 1 655 0
91728 51 8 655 0
91848 11 2 656 0
91849 12 14 656 0
91850 13 5 656 0
91851 19 9 656 0
91852 20 10 656 0
91853 21 13 656 0
91854 22 1 656 0
91855 26 4 656 0
91856 27 13 656 0
91857 28 1 656 0
91858 29 12 656 0
91859 30 6 656 0
91860 34 11 656 0
91861 35 7 656 0
91862 36 3 656 0
91863 37 14 656 0
91864 38 4 656 0
91865 42 9 656 0
91866 43 12 656 0
91867 44 14 656 0
91868 45 5 656 0
91869 50 2 656 0
91870 51 11 656 0
91871 52 7 656 0
91988 11 4 657 0
91989 12 8 657 0
91990 13 9 657 0
91991 14 2 657 0
91992 19 10 657 0
91993 20 4 657 0
91994 21 8 657 0
91995 22 7 657 0
91996 28 2 657 0
91997 29 11 657 0
91998 30 3 657 0
91999 35 7 657 0
92000 36 13 657 0
92001 37 6 657 0
92002 41 2 657 0
92003 42 12 657 0
92004 43 12 657 0
92005 44 1 657 0
92006 45 1 657 0
92007 49 13 657 0
92008 50 10 657 0
92009 51 1 657 0
92010 57 3 657 0
92128 4 2 658 0
92129 10 2 658 0
92130 11 11 658 0
92131 12 7 658 0
92132 18 10 658 0
92133 19 3 658 0
92134 26 11 658 0
92135 28 1 658 0
92136 29 2 658 0
92137 34 9 658 0
92138 35 6 658 0
92139 36 8 658 0
92140 37 5 658 0
92141 38 10 658 0
92142 39 4 658 0
92143 42 5 658 0
92144 43 12 658 0
92145 44 11 658 0
92146 45 9 658 0
92147 46 6 658 0
92148 51 2 658 0
92149 52 6 658 0
92268 11 1 659 0
92269 12 6 659 0
92270 13 10 659 0
92271 14 3 659 0
92272 18 2 659 0
92273 19 11 659 0
92274 20 6 659 0
92275 21 8 659 0
92276 22 7 659 0
92277 27 1 659 0
92278 28 7 659 0
92279 29 9 659 0
92280 30 1 659 0
92281 34 7 659 0
92282 35 9 659 0
92283 36 11 659 0
92284 43 4 659 0
92285 44 8 659 0
92286 49 4 659 0
92287 50 10 659 0
92288 51 9 659 0
92289 56 1 659 0
92290 57 4 659 0
92291 58 2 659 0
92408 4 2 660 0
92409 11 2 660 0
92410 12 6 660 0
92411 19 6 660 0
92412 20 2 660 0
92413 27 8 660 0
92414 28 3 660 0
92415 35 11 660 0
92416 36 3 660 0
92417 37 5 660 0
92418 43 6 660 0
92419 44 2 660 0
92420 45 5 660 0
92421 51 4 660 0
92422 52 6 660 0
92548 14 5 661 0
92549 15 2 661 0
92550 20 4 661 0
92551 21 8 661 0
92552 22 5 661 0
92553 26 1 661 0
92554 27 9 661 0
92555 28 7 661 0
92556 29 5 661 0
92557 34 3 661 0
92558 35 12 661 0
92559 36 9 661 0
92560 37 2 661 0
92561 42 3 661 0
92562 43 7 661 0
92563 49 1 661 0
92564 50 10 661 0
92565 51 1 661 0
92566 57 1 661 0
92567 58 1 661 0
92688 11 1 662 0
92689 12 7 662 0
92690 19 10 662 0
92691 20 13 662 0
92692 21 4 662 0
92693 26 2 662 0
92694 27 10 662 0
92695 28 1 662 0
92696 29 9 662 0
92697 30 4 662 0
92698 34 9 662 0
92699 35 2 662 0
92700 37 5 662 0
92701 38 5 662 0
92702 42 11 662 0
92703 43 1 662 0
92704 44 1 662 0
92705 45 10 662 0
92706 50 8 662 0
92707 51 7 662 0
92708 52 9 662 0
92709 53 1 662 0
92710 59 3 662 0
92711 60 1 662 0
92828 19 2 663 0
92829 20 1 663 0
92830 22 6 663 0
92831 23 1 663 0
92832 26 2 663 0
92833 27 8 663 0
92834 28 1 663 0
92835 29 9 663 0
92836 30 4 663 0
92837 33 6 663 0
92838 34 13 663 0
92839 35 9 663 0
92840 36 11 663 0
92841 37 6 663 0
92842 38 3 663 0
92843 41 1 663 0
92844 43 6 663 0
92845 44 2 663 0
92846 51 5 663 0
92968 17 2 664 0
92969 18 10 664 0
92970 19 11 664 0
92971 20 8 664 0
92972 25 7 664 0
92973 26 5 664 0
92974 27 2 664 0
92975 28 9 664 0
92976 29 4 664 0
92977 35 2 664 0
92978 36 11 664 0
92979 37 2 664 0
92980 38 2 664 0
92981 39 1 664 0
92982 42 5 664 0
92983 43 14 664 0
92984 44 14 664 0
92985 45 11 664 0
92986 46 8 664 0
92987 47 2 664 0
92988 50 1 664 0
92989 51 3 664 0
92990 52 1 664 0
93108 5 2 665 0
93109 12 4 665 0
93110 13 12 665 0
93111 14 1 665 0
93112 19 3 665 0
93113 20 12 665 0
93114 21 2 665 0
93115 26 3 665 0
93116 27 13 665 0
93117 28 12 665 0
93118 29 13 665 0
93119 30 6 665 0
93120 33 5 665 0
93121 34 14 665 0
93122 35 15 665 0
93123 36 11 665 0
93124 37 11 665 0
93125 38 2 665 0
93126 41 5 665 0
93127 42 14 665 0
93128 43 11 665 0
93129 44 3 665 0
93130 50 6 665 0
93131 51 4 665 0
93248 4 2 666 0
93249 11 2 666 0
93250 12 12 666 0
93251 13 3 666 0
93252 19 7 666 0
93253 20 3 666 0
93254 21 7 666 0
93255 26 4 666 0
93256 27 6 666 0
93257 29 11 666 0
93258 34 12 666 0
93259 35 1 666 0
93260 36 4 666 0
93261 37 8 666 0
93262 42 12 666 0
93263 43 5 666 0
93264 44 11 666 0
93265 45 1 666 0
93266 50 3 666 0
93267 51 10 666 0
93268 52 3 666 0
93388 20 7 667 0
93389 21 12 667 0
93390 22 11 667 0
93391 23 1 667 0
93392 26 1 667 0
93393 27 10 667 0
93394 28 8 667 0
93395 29 9 667 0
93396 30 10 667 0
93397 33 1 667 0
93398 34 12 667 0
93399 35 4 667 0
93400 36 4 667 0
93401 37 11 667 0
93402 38 1 667 0
93403 41 8 667 0
93404 42 12 667 0
93405 43 10 667 0
93406 44 10 667 0
93407 45 1 667 0
93408 49 2 667 0
93409 50 8 667 0
93410 51 5 667 0
93528 10 2 668 0
93529 11 9 668 0
93530 12 8 668 0
93531 18 10 668 0
93532 19 7 668 0
93533 20 6 668 0
93534 21 9 668 0
93535 26 11 668 0
93536 27 1 668 0
93537 29 12 668 0
93538 30 3 668 0
93539 34 9 668 0
93540 35 4 668 0
93541 37 9 668 0
93542 38 3 668 0
93543 42 4 668 0
93544 43 9 668 0
93545 45 10 668 0
93546 46 4 668 0
93547 51 11 668 0
93548 52 10 668 0
93549 53 10 668 0
93550 60 3 668 0
93668 12 8 669 0
93669 13 15 669 0
93670 14 5 669 0
93671 19 5 669 0
93672 20 13 669 0
93673 21 13 669 0
93674 22 6 669 0
93675 26 4 669 0
93676 27 12 669 0
93677 28 2 669 0
93678 29 7 669 0
93679 30 8 669 0
93680 33 2 669 0
93681 34 13 669 0
93682 35 2 669 0
93683 37 10 669 0
93684 38 6 669 0
93685 41 7 669 0
93686 42 8 669 0
93687 43 1 669 0
93688 44 8 669 0
93689 45 12 669 0
93690 49 3 669 0
93691 50 13 669 0
93692 51 14 669 0
93693 52 8 669 0
93694 53 1 669 0
93808 9 3 670 0
93809 10 11 670 0
93810 11 10 670 0
93811 12 13 670 0
93812 13 3 670 0
93813 17 1 670 0
93814 18 5 670 0
93815 19 8 670 0
93816 20 12 670 0
93817 21 1 670 0
93818 26 4 670 0
93819 27 6 670 0
93820 28 8 670 0
93821 29 10 670 0
93822 30 5 670 0
93823 33 3 670 0
93824 34 5 670 0
93825 35 5 670 0
93826 37 1 670 0
93827 38 10 670 0
93828 39 3 670 0
93829 41 9 670 0
93830 42 10 670 0
93831 43 4 670 0
93832 45 3 670 0
93833 46 12 670 0
93834 47 3 670 0
93835 49 1 670 0
93836 50 5 670 0
93837 51 8 670 0
93838 52 11 670 0
93839 53 11 670 0
93840 54 5 670 0
93948 13 9 671 0
93949 14 1 671 0
93950 20 9 671 0
93951 21 11 671 0
93952 27 3 671 0
93953 28 14 671 0
93954 29 2 671 0
93955 35 8 671 0
93956 36 8 671 0
93957 42 1 671 0
93958 43 14 671 0
93959 44 2 671 0
93960 50 7 671 0
93961 51 10 671 0
93962 58 2 671 0
93963 59 1 671 0
94088 5 2 672 0
94089 12 10 672 0
94090 13 13 672 0
94091 19 6 672 0
94092 20 9 672 0
94093 26 2 672 0
94094 27 12 672 0
94095 28 3 672 0
94096 34 5 672 0
94097 35 15 672 0
94098 36 11 672 0
94099 37 9 672 0
94100 42 4 672 0
94101 43 11 672 0
94102 44 10 672 0
94103 45 8 672 0
94104 50 1 672 0
94105 51 8 672 0
94106 52 6 672 0
94228 12 11 673 0
94229 13 14 673 0
94230 14 2 673 0
94231 21 14 673 0
94232 22 3 673 0
94233 28 4 673 0
94234 29 12 673 0
94235 33 3 673 0
94236 34 7 673 0
94237 35 12 673 0
94238 36 14 673 0
94239 37 11 673 0
94240 38 3 673 0
94241 40 2 673 0
94242 41 14 673 0
94243 42 12 673 0
94244 43 12 673 0
94245 44 2 673 0
94246 45 4 673 0
94247 49 4 673 0
94248 50 3 673 0
94368 11 7 674 0
94369 12 7 674 0
94370 20 6 674 0
94371 27 1 674 0
94372 28 5 674 0
94373 35 5 674 0
94374 36 1 674 0
94375 43 9 674 0
94376 44 9 674 0
94377 45 7 674 0
94378 46 2 674 0
94379 51 8 674 0
94380 53 1 674 0
94508 11 5 675 0
94509 12 14 675 0
94510 13 5 675 0
94511 19 2 675 0
94512 20 10 675 0
94513 21 5 675 0
94514 27 9 675 0
94515 28 14 675 0
94516 29 4 675 0
94517 35 3 675 0
94518 36 5 675 0
94519 37 10 675 0
94520 41 8 675 0
94521 42 1 675 0
94522 44 9 675 0
94523 45 4 675 0
94524 49 8 675 0
94525 50 13 675 0
94526 51 14 675 0
94527 52 9 675 0
94648 12 8 676 0
94649 13 1 676 0
94650 20 9 676 0
94651 27 1 676 0
94652 28 8 676 0
94653 35 4 676 0
94654 36 5 676 0
94655 43 6 676 0
94656 44 5 676 0
94657 51 9 676 0
94658 52 4 676 0
94788 11 7 677 0
94789 14 1 677 0
94790 18 3 677 0
94791 19 11 677 0
94792 21 3 677 0
94793 22 10 677 0
94794 25 2 677 0
94795 26 12 677 0
94796 27 9 677 0
94797 28 2 677 0
94798 29 11 677 0
94799 30 5 677 0
94800 33 4 677 0
94801 34 4 677 0
94802 35 5 677 0
94803 36 12 677 0
94804 37 12 677 0
94805 43 1 677 0
94806 44 13 677 0
94807 45 1 677 0
94808 51 6 677 0
94809 52 8 677 0
94810 59 1 677 0
94811 60 1 677 0
94928 11 1 678 0
94929 12 8 678 0
94930 20 9 678 0
94931 27 1 678 0
94932 28 9 678 0
94933 35 2 678 0
94934 36 9 678 0
94935 43 3 678 0
94936 44 8 678 0
94937 51 3 678 0
94938 52 6 678 0
95068 11 1 679 0
95069 12 10 679 0
95070 13 9 679 0
95071 14 2 679 0
95072 19 8 679 0
95073 20 5 679 0
95074 26 3 679 0
95075 27 13 679 0
95076 28 9 679 0
95077 29 2 679 0
95078 34 5 679 0
95079 35 2 679 0
95080 36 4 679 0
95081 37 11 679 0
95082 41 6 679 0
95083 42 4 679 0
95084 43 3 679 0
95085 44 9 679 0
95086 45 7 679 0
95087 49 4 679 0
95088 50 11 679 0
95089 51 11 679 0
95090 52 5 679 0
95208 11 2 680 0
95209 12 1 680 0
95210 14 5 680 0
95211 19 5 680 0
95212 20 2 680 0
95213 21 5 680 0
95214 22 5 680 0
95215 27 8 680 0
95216 28 1 680 0
95217 29 10 680 0
95218 33 1 680 0
95219 34 9 680 0
95220 35 8 680 0
95221 36 7 680 0
95222 37 3 680 0
95223 41 1 680 0
95224 42 1 680 0
95225 43 2 680 0
95226 44 10 680 0
95227 51 4 680 0
95228 52 5 680 0
95229 59 2 680 0
95348 4 3 681 0
95349 5 4 681 0
95350 11 2 681 0
95351 12 13 681 0
95352 13 2 681 0
95353 19 11 681 0
95354 20 5 681 0
95355 26 8 681 0
95356 27 9 681 0
95357 28 1 681 0
95358 29 4 681 0
95359 30 4 681 0
95360 33 3 681 0
95361 34 14 681 0
95362 35 1 681 0
95363 36 12 681 0
95364 37 15 681 0
95365 38 8 681 0
95366 41 4 681 0
95367 42 14 681 0
95368 43 11 681 0
95369 44 15 681 0
95370 45 6 681 0
95371 50 2 681 0
95372 51 5 681 0
95373 52 5 681 0
95374 53 1 681 0
95488 12 4 682 0
95489 18 5 682 0
95490 20 6 682 0
95491 26 5 682 0
95492 28 5 682 0
95493 29 1 682 0
95494 33 1 682 0
95495 34 7 682 0
95496 35 4 682 0
95497 36 5 682 0
95498 37 4 682 0
95499 44 2 682 0
95500 45 6 682 0
95501 52 2 682 0
95502 53 5 682 0
95628 18 8 683 0
95629 19 14 683 0
95630 20 12 683 0
95631 21 15 683 0
95632 22 7 683 0
95633 26 6 683 0
95634 27 2 683 0
95635 28 3 683 0
95636 29 14 683 0
95637 30 2 683 0
95638 35 1 683 0
95639 36 12 683 0
95640 37 4 683 0
95641 43 8 683 0
95642 44 7 683 0
95643 50 5 683 0
95644 51 12 683 0
95645 58 9 683 0
95646 59 3 683 0
95768 3 2 684 0
95769 4 3 684 0
95770 10 2 684 0
95771 11 13 684 0
95772 12 12 684 0
95773 13 4 684 0
95774 18 1 684 0
95775 19 1 684 0
95776 20 4 684 0
95777 21 10 684 0
95778 28 2 684 0
95779 29 13 684 0
95780 34 3 684 0
95781 35 8 684 0
95782 36 11 684 0
95783 37 6 684 0
95784 42 15 684 0
95785 43 15 684 0
95786 44 14 684 0
95787 45 2 684 0
95788 50 7 684 0
95789 51 6 684 0
95790 52 3 684 0
95791 53 5 684 0
95908 12 6 685 0
95909 13 9 685 0
95910 14 2 685 0
95911 19 8 685 0
95912 20 7 685 0
95913 21 13 685 0
95914 22 6 685 0
95915 27 8 685 0
95916 28 10 685 0
95917 29 4 685 0
95918 34 1 685 0
95919 35 11 685 0
95920 36 4 685 0
95921 42 10 685 0
95922 43 7 685 0
95923 44 4 685 0
95924 50 11 685 0
95925 51 11 685 0
95926 58 1 685 0
95927 59 1 685 0
96048 17 5 686 0
96049 18 11 686 0
96050 19 9 686 0
96051 20 7 686 0
96052 21 2 686 0
96053 27 3 686 0
96054 28 5 686 0
96055 29 8 686 0
96056 36 2 686 0
96057 37 7 686 0
96058 44 5 686 0
96059 45 4 686 0
96060 52 7 686 0
96061 60 5 686 0
96188 12 4 687 0
96189 13 2 687 0
96190 19 7 687 0
96191 20 13 687 0
96192 21 10 687 0
96193 26 5 687 0
96194 27 8 687 0
96195 28 4 687 0
96196 29 7 687 0
96197 34 9 687 0
96198 35 9 687 0
96199 36 12 687 0
96200 37 6 687 0
96201 44 12 687 0
96202 51 5 687 0
96203 52 7 687 0
96204 59 4 687 0
96205 60 1 687 0
96328 10 2 688 0
96329 11 5 688 0
96330 12 3 688 0
96331 17 10 688 0
96332 18 8 688 0
96333 19 6 688 0
96334 20 10 688 0
96335 28 10 688 0
96336 35 3 688 0
96337 36 8 688 0
96338 38 2 688 0
96339 43 9 688 0
96340 44 9 688 0
96341 45 11 688 0
96342 46 6 688 0
96343 51 5 688 0
96344 52 5 688 0
96468 12 8 689 0
96469 13 14 689 0
96470 14 5 689 0
96471 19 5 689 0
96472 20 12 689 0
96473 21 10 689 0
96474 22 9 689 0
96475 26 4 689 0
96476 27 12 689 0
96477 28 1 689 0
96478 29 11 689 0
96479 30 5 689 0
96480 33 4 689 0
96481 34 13 689 0
96482 35 2 689 0
96483 37 13 689 0
96484 38 2 689 0
96485 41 12 689 0
96486 42 6 689 0
96487 44 6 689 0
96488 45 10 689 0
96489 49 4 689 0
96490 50 12 689 0
96491 51 13 689 0
96492 52 10 689 0
96493 53 1 689 0
96608 11 2 690 0
96609 12 8 690 0
96610 13 3 690 0
96611 18 2 690 0
96612 19 12 690 0
96613 20 3 690 0
96614 26 1 690 0
96615 27 8 690 0
96616 28 3 690 0
96617 29 3 690 0
96618 34 5 690 0
96619 35 11 690 0
96620 36 5 690 0
96621 37 11 690 0
96622 44 2 690 0
96623 45 10 690 0
96624 51 5 690 0
96625 52 10 690 0
96626 53 2 690 0
96627 59 2 690 0
96628 60 1 690 0
96748 12 2 691 0
96749 13 9 691 0
96750 14 1 691 0
96751 20 11 691 0
96752 21 12 691 0
96753 27 2 691 0
96754 28 14 691 0
96755 29 3 691 0
96756 35 8 691 0
96757 36 8 691 0
96758 43 13 691 0
96759 44 1 691 0
96760 50 8 691 0
96761 51 9 691 0
96762 58 1 691 0
96763 59 1 691 0
96888 10 1 692 0
96889 11 1 692 0
96890 13 3 692 0
96891 18 7 692 0
96892 19 6 692 0
96893 21 12 692 0
96894 26 11 692 0
96895 27 4 692 0
96896 28 8 692 0
96897 29 10 692 0
96898 33 2 692 0
96899 34 13 692 0
96900 35 7 692 0
96901 36 6 692 0
96902 37 4 692 0
96903 44 7 692 0
96904 45 4 692 0
96905 52 9 692 0
96906 53 5 692 0
96907 60 3 692 0
97028 11 1 693 0
97029 12 7 693 0
97030 13 4 693 0
97031 19 1 693 0
97032 20 9 693 0
97033 21 11 693 0
97034 27 2 693 0
97035 28 9 693 0
97036 29 10 693 0
97037 33 2 693 0
97038 34 10 693 0
97039 35 14 693 0
97040 36 8 693 0
97041 37 12 693 0
97042 38 7 693 0
97043 39 1 693 0
97044 41 8 693 0
97045 42 13 693 0
97046 43 6 693 0
97047 45 1 693 0
97048 46 2 693 0
97168 11 5 694 0
97169 12 3 694 0
97170 13 2 694 0
97171 18 5 694 0
97172 19 6 694 0
97173 20 11 694 0
97174 21 1 694 0
97175 26 1 694 0
97176 27 8 694 0
97177 28 8 694 0
97178 35 3 694 0
97179 36 9 694 0
97180 43 5 694 0
97181 44 9 694 0
97182 45 3 694 0
97183 51 7 694 0
97184 52 8 694 0
97185 53 3 694 0
97186 59 1 694 0
97187 60 2 694 0
97308 11 4 695 0
97309 12 13 695 0
97310 13 13 695 0
97311 14 2 695 0
97312 19 1 695 0
97313 20 2 695 0
97314 21 14 695 0
97315 22 2 695 0
97316 27 8 695 0
97317 28 13 695 0
97318 29 4 695 0
97319 35 1 695 0
97320 36 8 695 0
97321 37 3 695 0
97322 41 7 695 0
97323 42 1 695 0
97324 44 11 695 0
97325 45 1 695 0
97326 49 6 695 0
97327 50 13 695 0
97328 51 12 695 0
97329 52 4 695 0
97448 11 8 696 0
97449 12 8 696 0
97450 13 4 696 0
97451 21 11 696 0
97452 28 6 696 0
97453 29 5 696 0
97454 35 6 696 0
97455 36 4 696 0
97456 42 5 696 0
97457 43 8 696 0
97458 44 3 696 0
97459 50 12 696 0
97460 51 9 696 0
97461 52 2 696 0
97588 11 4 697 0
97589 12 2 697 0
97590 14 2 697 0
97591 18 1 697 0
97592 19 11 697 0
97593 21 1 697 0
97594 22 12 697 0
97595 25 3 697 0
97596 26 12 697 0
97597 27 10 697 0
97598 28 1 697 0
97599 29 10 697 0
97600 30 6 697 0
97601 33 2 697 0
97602 34 1 697 0
97603 35 4 697 0
97604 36 13 697 0
97605 37 11 697 0
97606 43 3 697 0
97607 44 11 697 0
97608 51 11 697 0
97609 52 4 697 0
97610 59 2 697 0
97728 12 3 698 0
97729 13 9 698 0
97730 20 10 698 0
97731 21 4 698 0
97732 27 3 698 0
97733 28 11 698 0
97734 35 9 698 0
97735 36 4 698 0
97736 42 1 698 0
97737 43 14 698 0
97738 44 1 698 0
97739 50 3 698 0
97740 51 10 698 0
97868 11 1 699 0
97869 12 11 699 0
97870 13 9 699 0
97871 14 7 699 0
97872 19 11 699 0
97873 20 3 699 0
97874 26 9 699 0
97875 27 12 699 0
97876 28 7 699 0
97877 29 10 699 0
97878 36 1 699 0
97879 37 13 699 0
97880 40 1 699 0
97881 41 3 699 0
97882 44 8 699 0
97883 45 7 699 0
97884 48 1 699 0
97885 49 9 699 0
97886 50 12 699 0
97887 51 12 699 0
97888 52 8 699 0
98008 11 1 700 0
98009 14 5 700 0
98010 19 7 700 0
98011 21 5 700 0
98012 22 4 700 0
98013 26 1 700 0
98014 27 10 700 0
98015 28 1 700 0
98016 29 8 700 0
98017 34 5 700 0
98018 35 5 700 0
98019 36 6 700 0
98020 37 1 700 0
98021 42 1 700 0
98022 43 8 700 0
98023 44 9 700 0
98024 51 5 700 0
98025 52 2 700 0
98026 59 1 700 0
98148 4 4 701 0
98149 5 2 701 0
98150 11 2 701 0
98151 12 12 701 0
98152 13 1 701 0
98153 19 10 701 0
98154 20 5 701 0
98155 26 9 701 0
98156 27 7 701 0
98157 28 2 701 0
98158 29 8 701 0
98159 30 6 701 0
98160 33 4 701 0
98161 34 13 701 0
98162 35 2 701 0
98163 36 12 701 0
98164 37 14 701 0
98165 38 7 701 0
98166 41 3 701 0
98167 42 14 701 0
98168 43 11 701 0
98169 44 14 701 0
98170 45 5 701 0
98171 50 2 701 0
98172 51 5 701 0
98173 52 2 701 0
98288 10 2 702 0
98289 11 9 702 0
98290 12 9 702 0
98291 13 2 702 0
98292 18 7 702 0
98293 19 7 702 0
98294 20 2 702 0
98295 21 12 702 0
98296 22 2 702 0
98297 26 10 702 0
98298 27 3 702 0
98299 29 6 702 0
98300 30 8 702 0
98301 34 13 702 0
98302 35 2 702 0
98303 36 2 702 0
98304 37 12 702 0
98305 38 3 702 0
98306 42 9 702 0
98307 43 4 702 0
98308 44 11 702 0
98309 45 5 702 0
98310 50 3 702 0
98311 51 12 702 0
98312 52 8 702 0
98428 18 1 703 0
98429 19 10 703 0
98430 20 10 703 0
98431 21 11 703 0
98432 22 7 703 0
98433 26 12 703 0
98434 27 8 703 0
98435 28 1 703 0
98436 29 12 703 0
98437 30 4 703 0
98438 36 8 703 0
98439 37 6 703 0
98440 43 4 703 0
98441 44 9 703 0
98442 50 1 703 0
98443 51 12 703 0
98444 52 1 703 0
98445 58 6 703 0
98446 59 5 703 0
98568 19 8 704 0
98569 20 11 704 0
98570 21 6 704 0
98571 22 2 704 0
98572 25 2 704 0
98573 26 10 704 0
98574 27 3 704 0
98575 28 6 704 0
98576 29 12 704 0
98577 30 9 704 0
98578 32 1 704 0
98579 33 11 704 0
98580 34 1 704 0
98581 35 4 704 0
98582 36 6 704 0
98583 37 10 704 0
98584 38 2 704 0
98585 40 3 704 0
98586 41 11 704 0
98587 42 10 704 0
98588 43 5 704 0
98589 45 11 704 0
98590 49 2 704 0
98591 50 1 704 0
98592 52 2 704 0
98593 53 8 704 0
98594 61 2 704 0
98708 12 4 705 0
98709 13 9 705 0
98710 14 6 705 0
98711 19 2 705 0
98712 20 10 705 0
98713 21 4 705 0
98714 22 11 705 0
98715 23 2 705 0
98716 27 4 705 0
98717 28 11 705 0
98718 29 9 705 0
98719 30 3 705 0
98720 34 2 705 0
98721 35 11 705 0
98722 36 5 705 0
98723 42 12 705 0
98724 43 8 705 0
98725 44 3 705 0
98726 50 12 705 0
98727 51 10 705 0
98728 58 2 705 0
98729 59 1 705 0
98848 9 2 706 0
98849 13 1 706 0
98850 17 8 706 0
98851 18 1 706 0
98852 20 4 706 0
98853 21 4 706 0
98854 25 7 706 0
98855 26 5 706 0
98856 28 10 706 0
98857 29 5 706 0
98858 33 1 706 0
98859 34 9 706 0
98860 35 9 706 0
98861 36 8 706 0
98862 37 6 706 0
98863 44 3 706 0
98864 45 9 706 0
98865 52 1 706 0
98866 53 11 706 0
98867 61 5 706 0
98988 12 3 707 0
98989 13 2 707 0
98990 19 8 707 0
98991 20 10 707 0
98992 21 9 707 0
98993 26 6 707 0
98994 27 7 707 0
98995 28 7 707 0
98996 29 6 707 0
98997 34 4 707 0
98998 35 6 707 0
98999 36 12 707 0
99000 37 2 707 0
99001 43 3 707 0
99002 44 9 707 0
99003 51 9 707 0
99004 52 2 707 0
99005 59 4 707 0
99128 11 3 708 0
99129 12 6 708 0
99130 19 8 708 0
99131 20 10 708 0
99132 21 1 708 0
99133 27 7 708 0
99134 28 7 708 0
99135 35 7 708 0
99136 36 9 708 0
99137 37 1 708 0
99138 43 8 708 0
99139 44 1 708 0
99140 45 6 708 0
99141 51 4 708 0
99142 52 8 708 0
99143 53 4 708 0
99144 60 2 708 0
99268 12 5 709 0
99269 13 3 709 0
99270 14 2 709 0
99271 19 6 709 0
99272 20 13 709 0
99273 21 14 709 0
99274 22 10 709 0
99275 25 1 709 0
99276 26 9 709 0
99277 27 9 709 0
99278 28 1 709 0
99279 29 6 709 0
99280 30 8 709 0
99281 33 11 709 0
99282 34 8 709 0
99283 37 10 709 0
99284 38 4 709 0
99285 41 14 709 0
99286 42 1 709 0
99287 44 6 709 0
99288 45 10 709 0
99289 49 4 709 0
99290 50 12 709 0
99291 51 11 709 0
99292 52 7 709 0
99408 11 1 710 0
99409 12 8 710 0
99410 19 3 710 0
99411 20 8 710 0
99412 27 5 710 0
99413 28 6 710 0
99414 35 6 710 0
99415 36 4 710 0
99416 43 5 710 0
99417 44 6 710 0
99418 51 2 710 0
99419 52 8 710 0
99548 13 6 711 0
99549 14 4 711 0
99550 20 5 711 0
99551 21 12 711 0
99552 22 1 711 0
99553 27 3 711 0
99554 28 12 711 0
99555 29 1 711 0
99556 35 10 711 0
99557 36 5 711 0
99558 42 2 711 0
99559 43 12 711 0
99560 50 11 711 0
99561 51 6 711 0
99562 58 3 711 0
99688 12 8 712 0
99689 13 13 712 0
99690 14 6 712 0
99691 19 6 712 0
99692 20 13 712 0
99693 21 13 712 0
99694 22 8 712 0
99695 27 12 712 0
99696 28 4 712 0
99697 29 13 712 0
99698 30 3 712 0
99699 34 7 712 0
99700 35 11 712 0
99701 36 9 712 0
99702 37 5 712 0
99703 41 2 712 0
99704 42 15 712 0
99705 43 14 712 0
99706 44 10 712 0
99707 49 8 712 0
99708 50 15 712 0
99709 51 12 712 0
99710 52 1 712 0
99828 11 3 713 0
99829 12 12 713 0
99830 13 14 713 0
99831 14 6 713 0
99832 19 4 713 0
99833 20 4 713 0
99834 21 14 713 0
99835 22 7 713 0
99836 28 5 713 0
99837 29 14 713 0
99838 30 3 713 0
99839 33 2 713 0
99840 34 6 713 0
99841 35 12 713 0
99842 36 14 713 0
99843 37 12 713 0
99844 38 1 713 0
99845 40 2 713 0
99846 41 14 713 0
99847 42 12 713 0
99848 43 14 713 0
99849 44 2 713 0
99850 45 8 713 0
99851 46 7 713 0
99852 48 2 713 0
99853 49 12 713 0
99854 50 10 713 0
99855 51 2 713 0
99968 4 1 714 0
99969 11 2 714 0
99970 12 13 714 0
99971 13 1 714 0
99972 19 2 714 0
99973 20 11 714 0
99974 21 1 714 0
99975 28 9 714 0
99976 34 6 714 0
99977 35 10 714 0
99978 36 4 714 0
99979 41 3 714 0
99980 42 11 714 0
99981 43 10 714 0
99982 44 8 714 0
99983 45 6 714 0
99984 46 3 714 0
99985 52 7 714 0
99986 53 6 714 0
100108 11 3 715 0
100109 12 14 715 0
100110 13 13 715 0
100111 20 6 715 0
100112 21 12 715 0
100113 26 1 715 0
100114 27 7 715 0
100115 28 14 715 0
100116 29 3 715 0
100117 34 3 715 0
100118 35 5 715 0
100119 36 9 715 0
100120 37 8 715 0
100121 38 1 715 0
100122 41 8 715 0
100123 42 1 715 0
100124 43 3 715 0
100125 44 12 715 0
100126 45 2 715 0
100127 49 9 715 0
100128 50 12 715 0
100129 51 11 715 0
100130 52 4 715 0
100248 4 2 716 0
100249 11 3 716 0
100250 12 11 716 0
100251 13 11 716 0
100252 19 4 716 0
100253 20 2 716 0
100254 21 14 716 0
100255 27 4 716 0
100256 28 6 716 0
100257 29 12 716 0
100258 34 10 716 0
100259 35 9 716 0
100260 36 14 716 0
100261 37 8 716 0
100262 41 1 716 0
100263 42 14 716 0
100264 43 12 716 0
100265 44 13 716 0
100266 45 8 716 0
100267 50 7 716 0
100268 51 9 716 0
100269 52 2 716 0
100388 11 1 717 0
100389 12 1 717 0
100390 14 8 717 0
100391 19 10 717 0
100392 20 1 717 0
100393 21 4 717 0
100394 22 12 717 0
100395 26 8 717 0
100396 27 7 717 0
100397 28 1 717 0
100398 29 12 717 0
100399 30 3 717 0
100400 33 11 717 0
100401 34 11 717 0
100402 35 9 717 0
100403 36 9 717 0
100404 37 14 717 0
100405 38 1 717 0
100406 43 6 717 0
100407 44 12 717 0
100408 45 4 717 0
100409 51 10 717 0
100410 52 2 717 0
100411 59 2 717 0
100528 11 3 718 0
100529 18 6 718 0
100530 19 4 718 0
100531 26 12 718 0
100532 27 8 718 0
100533 28 7 718 0
100534 29 7 718 0
100535 36 5 718 0
100536 37 4 718 0
100537 44 7 718 0
100538 52 8 718 0
100539 60 3 718 0
100540 61 2 718 0
100668 11 2 719 0
100669 12 10 719 0
100670 13 10 719 0
100671 14 10 719 0
100672 15 2 719 0
100673 19 11 719 0
100674 20 7 719 0
100675 21 3 719 0
100676 22 3 719 0
100677 23 1 719 0
100678 25 4 719 0
100679 26 12 719 0
100680 27 13 719 0
100681 28 9 719 0
100682 29 6 719 0
100683 33 2 719 0
100684 34 5 719 0
100685 35 3 719 0
100686 36 1 719 0
100687 37 12 719 0
100688 38 5 719 0
100689 41 1 719 0
100690 42 3 719 0
100691 44 3 719 0
100692 45 15 719 0
100693 46 4 719 0
100694 49 3 719 0
100695 50 14 719 0
100696 51 13 719 0
100697 52 14 719 0
100698 53 6 719 0
100699 58 1 719 0
100700 59 1 719 0
100701 60 1 719 0
100808 11 3 720 0
100809 12 6 720 0
100810 19 10 720 0
100811 20 9 720 0
100812 21 5 720 0
100813 27 5 720 0
100814 28 9 720 0
100815 35 1 720 0
100816 36 10 720 0
100817 43 2 720 0
100818 44 11 720 0
100819 51 1 720 0
100820 52 12 720 0
100821 60 3 720 0
100948 4 3 721 0
100949 5 7 721 0
100950 12 11 721 0
100951 13 6 721 0
100952 19 6 721 0
100953 20 10 721 0
100954 26 4 721 0
100955 27 11 721 0
100956 28 1 721 0
100957 29 1 721 0
100958 30 1 721 0
100959 33 1 721 0
100960 34 14 721 0
100961 35 4 721 0
100962 36 11 721 0
100963 37 15 721 0
100964 38 8 721 0
100965 41 2 721 0
100966 42 14 721 0
100967 43 13 721 0
100968 44 13 721 0
100969 45 6 721 0
100970 50 3 721 0
100971 51 4 721 0
100972 52 1 721 0
101088 11 2 722 0
101089 12 4 722 0
101090 13 4 722 0
101091 14 1 722 0
101092 18 13 722 0
101093 19 8 722 0
101094 20 7 722 0
101095 21 6 722 0
101096 22 8 722 0
101097 23 2 722 0
101098 26 11 722 0
101099 27 3 722 0
101100 28 3 722 0
101101 29 2 722 0
101102 33 2 722 0
101103 34 9 722 0
101104 35 4 722 0
101105 36 1 722 0
101106 37 9 722 0
101107 38 3 722 0
101108 45 9 722 0
101109 46 4 722 0
101110 49 2 722 0
101111 50 5 722 0
101112 52 7 722 0
101113 53 10 722 0
101114 58 3 722 0
101115 59 7 722 0
101116 60 4 722 0
101228 18 2 723 0
101229 19 12 723 0
101230 20 12 723 0
101231 21 13 723 0
101232 22 8 723 0
101233 26 7 723 0
101234 27 5 723 0
101235 28 3 723 0
101236 29 14 723 0
101237 30 4 723 0
101238 35 1 723 0
101239 36 11 723 0
101240 37 4 723 0
101241 43 9 723 0
101242 44 5 723 0
101243 50 6 723 0
101244 51 11 723 0
101245 57 1 723 0
101246 58 10 723 0
101247 59 2 723 0
101368 17 11 724 0
101369 18 15 724 0
101370 19 14 724 0
101371 20 11 724 0
101372 21 7 724 0
101373 25 3 724 0
101374 26 2 724 0
101375 27 3 724 0
101376 28 7 724 0
101377 29 15 724 0
101378 36 7 724 0
101379 37 10 724 0
101380 44 12 724 0
101381 45 3 724 0
101382 51 1 724 0
101383 52 13 724 0
101384 59 1 724 0
101385 60 9 724 0
101508 12 5 725 0
101509 13 8 725 0
101510 14 4 725 0
101511 19 6 725 0
101512 20 9 725 0
101513 21 8 725 0
101514 22 14 725 0
101515 23 1 725 0
101516 27 8 725 0
101517 28 11 725 0
101518 29 5 725 0
101519 30 1 725 0
101520 34 3 725 0
101521 35 13 725 0
101522 36 4 725 0
101523 42 11 725 0
101524 43 10 725 0
101525 44 1 725 0
101526 50 13 725 0
101527 51 11 725 0
101528 58 2 725 0
101529 59 1 725 0
101648 11 3 726 0
101649 12 8 726 0
101650 13 2 726 0
101651 18 6 726 0
101652 19 5 726 0
101653 20 6 726 0
101654 21 3 726 0
101655 26 6 726 0
101656 27 6 726 0
101657 28 7 726 0
101658 35 7 726 0
101659 36 7 726 0
101660 37 5 726 0
101661 43 6 726 0
101662 45 9 726 0
101663 51 5 726 0
101664 52 6 726 0
101665 53 4 726 0
101666 60 3 726 0
101788 12 2 727 0
101789 13 5 727 0
101790 19 6 727 0
101791 20 9 727 0
101792 21 9 727 0
101793 22 2 727 0
101794 26 7 727 0
101795 27 6 727 0
101796 28 3 727 0
101797 29 9 727 0
101798 34 4 727 0
101799 35 8 727 0
101800 36 13 727 0
101801 37 4 727 0
101802 43 1 727 0
101803 44 10 727 0
101804 51 6 727 0
101805 52 6 727 0
101806 59 5 727 0
101807 60 1 727 0
101928 11 1 728 0
101929 12 5 728 0
101930 13 1 728 0
101931 19 9 728 0
101932 20 5 728 0
101933 21 8 728 0
101934 28 6 728 0
101935 29 2 728 0
101936 36 7 728 0
101937 43 6 728 0
101938 44 3 728 0
101939 51 8 728 0
101940 59 4 728 0
102068 11 5 729 0
102069 12 4 729 0
102070 18 2 729 0
102071 19 12 729 0
102072 22 10 729 0
102073 23 1 729 0
102074 25 2 729 0
102075 26 13 729 0
102076 27 8 729 0
102077 29 7 729 0
102078 30 10 729 0
102079 33 2 729 0
102080 34 4 729 0
102081 35 9 729 0
102082 36 9 729 0
102083 37 14 729 0
102084 38 2 729 0
102085 43 1 729 0
102086 44 14 729 0
102087 45 3 729 0
102088 51 7 729 0
102089 52 7 729 0
102090 59 2 729 0
102091 60 1 729 0
102208 10 3 730 0
102209 17 2 730 0
102210 18 10 730 0
102211 19 11 730 0
102212 20 11 730 0
102213 21 8 730 0
102214 27 1 730 0
102215 28 5 730 0
102216 29 6 730 0
102217 34 6 730 0
102218 35 8 730 0
102219 36 12 730 0
102220 37 7 730 0
102221 38 5 730 0
102222 39 2 730 0
102223 44 9 730 0
102224 51 5 730 0
102225 52 6 730 0
102226 59 3 730 0
102227 60 2 730 0
102348 12 10 731 0
102349 13 14 731 0
102350 14 1 731 0
102351 20 3 731 0
102352 21 13 731 0
102353 22 1 731 0
102354 27 6 731 0
102355 28 13 731 0
102356 29 2 731 0
102357 34 1 731 0
102358 35 5 731 0
102359 36 9 731 0
102360 37 5 731 0
102361 41 10 731 0
102362 42 1 731 0
102363 43 1 731 0
102364 44 12 731 0
102365 45 1 731 0
102366 49 7 731 0
102367 50 12 731 0
102368 51 12 731 0
102369 52 4 731 0
102488 2 1 732 0
102489 3 2 732 0
102490 4 1 732 0
102491 10 9 732 0
102492 11 12 732 0
102493 12 13 732 0
102494 13 5 732 0
102495 18 1 732 0
102496 20 6 732 0
102497 21 8 732 0
102498 28 11 732 0
102499 29 2 732 0
102500 35 9 732 0
102501 36 4 732 0
102502 41 4 732 0
102503 42 13 732 0
102504 43 12 732 0
102505 44 8 732 0
102506 45 9 732 0
102507 46 10 732 0
102508 47 2 732 0
102509 49 4 732 0
102510 50 7 732 0
102511 51 7 732 0
102512 52 6 732 0
102513 53 4 732 0
102514 54 1 732 0
102628 12 6 733 0
102629 13 8 733 0
102630 14 4 733 0
102631 19 6 733 0
102632 20 10 733 0
102633 21 3 733 0
102634 22 12 733 0
102635 23 3 733 0
102636 26 3 733 0
102637 27 12 733 0
102638 28 1 733 0
102639 30 11 733 0
102640 31 2 733 0
102641 33 2 733 0
102642 34 13 733 0
102643 35 3 733 0
102644 37 7 733 0
102645 38 10 733 0
102646 41 8 733 0
102647 42 10 733 0
102648 43 1 733 0
102649 44 7 733 0
102650 45 10 733 0
102651 46 1 733 0
102652 49 7 733 0
102653 50 14 733 0
102654 51 13 733 0
102655 52 6 733 0
102768 9 1 734 0
102769 10 5 734 0
102770 11 4 734 0
102771 12 5 734 0
102772 13 4 734 0
102773 17 4 734 0
102774 18 15 734 0
102775 19 9 734 0
102776 20 8 734 0
102777 21 7 734 0
102778 22 1 734 0
102779 26 4 734 0
102780 27 10 734 0
102781 28 7 734 0
102782 29 10 734 0
102783 30 1 734 0
102784 35 9 734 0
102785 36 12 734 0
102786 43 12 734 0
102787 44 5 734 0
102788 45 8 734 0
102789 51 9 734 0
102790 52 4 734 0
102791 53 12 734 0
102792 59 2 734 0
102793 60 7 734 0
102794 61 4 734 0
102908 4 1 735 0
102909 5 6 735 0
102910 12 10 735 0
102911 13 6 735 0
102912 19 4 735 0
102913 20 9 735 0
102914 26 2 735 0
102915 27 11 735 0
102916 28 1 735 0
102917 29 4 735 0
102918 30 2 735 0
102919 34 13 735 0
102920 35 4 735 0
102921 36 10 735 0
102922 37 13 735 0
102923 38 4 735 0
102924 42 11 735 0
102925 43 14 735 0
102926 44 12 735 0
102927 45 4 735 0
102928 51 4 735 0
103048 11 6 736 0
103049 12 2 736 0
103050 18 1 736 0
103051 19 5 736 0
103052 20 6 736 0
103053 21 1 736 0
103054 27 6 736 0
103055 28 9 736 0
103056 35 4 736 0
103057 36 4 736 0
103058 37 1 736 0
103059 43 5 736 0
103060 45 7 736 0
103061 51 6 736 0
103062 52 2 736 0
103063 53 8 736 0
103064 59 1 736 0
103065 60 3 736 0
103188 5 3 737 0
103189 6 1 737 0
103190 12 7 737 0
103191 13 10 737 0
103192 14 1 737 0
103193 19 3 737 0
103194 20 11 737 0
103195 26 1 737 0
103196 27 12 737 0
103197 28 4 737 0
103198 29 10 737 0
103199 30 7 737 0
103200 34 11 737 0
103201 35 7 737 0
103202 36 11 737 0
103203 37 10 737 0
103204 38 5 737 0
103205 41 1 737 0
103206 42 15 737 0
103207 43 13 737 0
103208 44 11 737 0
103209 45 4 737 0
103210 50 4 737 0
103211 51 9 737 0
103212 52 2 737 0
103328 11 5 738 0
103329 19 5 738 0
103330 20 3 738 0
103331 27 2 738 0
103332 28 5 738 0
103333 35 1 738 0
103334 36 7 738 0
103335 44 7 738 0
103336 52 6 738 0
103468 4 1 739 0
103469 5 5 739 0
103470 12 10 739 0
103471 13 4 739 0
103472 19 7 739 0
103473 20 6 739 0
103474 26 4 739 0
103475 27 10 739 0
103476 28 4 739 0
103477 29 12 739 0
103478 30 12 739 0
103479 33 2 739 0
103480 34 13 739 0
103481 35 5 739 0
103482 36 11 739 0
103483 37 10 739 0
103484 38 2 739 0
103485 41 4 739 0
103486 42 12 739 0
103487 43 13 739 0
103488 44 12 739 0
103489 45 2 739 0
103490 50 3 739 0
103491 51 3 739 0
103608 11 3 740 0
103609 12 10 740 0
103610 13 2 740 0
103611 19 12 740 0
103612 20 11 740 0
103613 27 9 740 0
103614 28 5 740 0
103615 34 2 740 0
103616 35 5 740 0
103617 36 8 740 0
103618 42 3 740 0
103619 43 3 740 0
103620 44 7 740 0
103621 45 2 740 0
103622 50 1 740 0
103623 51 9 740 0
103624 52 8 740 0
103625 53 1 740 0
103626 59 2 740 0
103627 60 2 740 0
103748 12 4 741 0
103749 13 2 741 0
103750 19 6 741 0
103751 20 9 741 0
103752 21 7 741 0
103753 26 3 741 0
103754 27 9 741 0
103755 28 1 741 0
103756 29 10 741 0
103757 30 1 741 0
103758 34 7 741 0
103759 35 8 741 0
103760 36 12 741 0
103761 37 7 741 0
103762 44 11 741 0
103763 51 6 741 0
103764 52 6 741 0
103765 59 5 741 0
103766 60 1 741 0
103888 19 5 742 0
103889 20 2 742 0
103890 22 9 742 0
103891 26 4 742 0
103892 27 6 742 0
103893 29 6 742 0
103894 30 7 742 0
103895 33 9 742 0
103896 34 10 742 0
103897 35 4 742 0
103898 36 6 742 0
103899 37 12 742 0
103900 38 1 742 0
103901 41 1 742 0
103902 44 6 742 0
103903 45 6 742 0
103904 52 2 742 0
103905 53 1 742 0
104028 12 6 743 0
104029 13 14 743 0
104030 14 12 743 0
104031 19 5 743 0
104032 20 13 743 0
104033 21 6 743 0
104034 22 15 743 0
104035 26 7 743 0
104036 27 12 743 0
104037 28 2 743 0
104038 29 3 743 0
104039 30 12 743 0
104040 33 8 743 0
104041 34 13 743 0
104042 35 2 743 0
104043 37 12 743 0
104044 38 6 743 0
104045 41 15 743 0
104046 42 5 743 0
104047 43 2 743 0
104048 44 10 743 0
104049 45 10 743 0
104050 49 10 743 0
104051 50 15 743 0
104052 51 13 743 0
104053 52 6 743 0
104168 18 1 744 0
104169 19 7 744 0
104170 20 7 744 0
104171 21 3 744 0
104172 26 4 744 0
104173 27 3 744 0
104174 28 12 744 0
104175 29 1 744 0
104176 34 2 744 0
104177 35 7 744 0
104178 36 9 744 0
104179 44 6 744 0
104180 52 6 744 0
104181 60 4 744 0
104308 12 3 745 0
104309 13 13 745 0
104310 14 13 745 0
104311 19 3 745 0
104312 20 13 745 0
104313 21 7 745 0
104314 22 14 745 0
104315 26 3 745 0
104316 27 12 745 0
104317 28 4 745 0
104318 29 6 745 0
104319 30 10 745 0
104320 33 5 745 0
104321 34 14 745 0
104322 35 3 745 0
104323 36 3 745 0
104324 37 13 745 0
104325 38 2 745 0
104326 41 15 745 0
104327 42 5 745 0
104328 43 5 745 0
104329 44 12 745 0
104330 45 3 745 0
104331 49 13 745 0
104332 50 15 745 0
104333 51 12 745 0
104334 52 2 745 0
104448 11 3 746 0
104449 12 4 746 0
104450 19 6 746 0
104451 20 2 746 0
104452 27 8 746 0
104453 28 6 746 0
104454 35 11 746 0
104455 36 13 746 0
104456 37 4 746 0
104457 43 1 746 0
104458 44 8 746 0
104459 51 2 746 0
104460 52 6 746 0
104588 13 12 747 0
104589 14 1 747 0
104590 20 6 747 0
104591 21 9 747 0
104592 28 11 747 0
104593 29 1 747 0
104594 35 7 747 0
104595 36 6 747 0
104596 42 3 747 0
104597 43 11 747 0
104598 50 9 747 0
104599 51 4 747 0
104728 10 5 748 0
104729 11 11 748 0
104730 12 4 748 0
104731 18 9 748 0
104732 19 5 748 0
104733 20 12 748 0
104734 26 7 748 0
104735 27 9 748 0
104736 28 4 748 0
104737 35 2 748 0
104738 36 9 748 0
104739 37 7 748 0
104740 44 5 748 0
104741 45 9 748 0
104742 50 3 748 0
104743 51 10 748 0
104744 52 14 748 0
104745 53 5 748 0
104868 12 7 749 0
104869 19 9 749 0
104870 20 6 749 0
104871 21 1 749 0
104872 22 6 749 0
104873 25 1 749 0
104874 26 11 749 0
104875 27 12 749 0
104876 28 1 749 0
104877 29 10 749 0
104878 30 6 749 0
104879 33 2 749 0
104880 34 2 749 0
104881 35 3 749 0
104882 36 13 749 0
104883 37 7 749 0
104884 43 5 749 0
104885 44 9 749 0
104886 50 3 749 0
104887 51 13 749 0
104888 58 1 749 0
104889 59 2 749 0
105008 13 3 750 0
105009 18 6 750 0
105010 19 8 750 0
105011 20 10 750 0
105012 21 6 750 0
105013 25 1 750 0
105014 26 10 750 0
105015 27 2 750 0
105016 28 8 750 0
105017 29 1 750 0
105018 33 1 750 0
105019 34 3 750 0
105020 36 9 750 0
105021 44 9 750 0
105022 52 10 750 0
105023 60 4 750 0
105148 12 7 751 0
105149 13 9 751 0
105150 14 9 751 0
105151 15 2 751 0
105152 19 6 751 0
105153 20 9 751 0
105154 21 3 751 0
105155 22 3 751 0
105156 26 5 751 0
105157 27 14 751 0
105158 28 9 751 0
105159 29 3 751 0
105160 34 4 751 0
105161 35 2 751 0
105162 36 4 751 0
105163 37 10 751 0
105164 41 6 751 0
105165 42 3 751 0
105166 44 10 751 0
105167 45 5 751 0
105168 49 4 751 0
105169 50 13 751 0
105170 51 12 751 0
105171 52 9 751 0
105172 58 1 751 0
105173 59 3 751 0
105288 10 5 752 0
105289 11 9 752 0
105290 12 9 752 0
105291 13 3 752 0
105292 17 1 752 0
105293 18 7 752 0
105294 19 2 752 0
105295 20 7 752 0
105296 21 6 752 0
105297 27 7 752 0
105298 28 12 752 0
105299 34 3 752 0
105300 35 7 752 0
105301 36 6 752 0
105302 37 9 752 0
105303 41 1 752 0
105304 42 10 752 0
105305 44 2 752 0
105306 45 13 752 0
105307 50 9 752 0
105308 51 10 752 0
105309 52 11 752 0
105310 53 5 752 0
105311 59 3 752 0
105312 60 2 752 0
105428 18 1 753 0
105429 19 9 753 0
105430 20 11 753 0
105431 21 10 753 0
105432 22 8 753 0
105433 26 6 753 0
105434 27 6 753 0
105435 28 3 753 0
105436 29 13 753 0
105437 30 3 753 0
105438 35 2 753 0
105439 36 12 753 0
105440 37 3 753 0
105441 43 11 753 0
105442 44 4 753 0
105443 50 8 753 0
105444 51 10 753 0
105445 58 8 753 0
105446 59 2 753 0
105568 11 2 754 0
105569 12 1 754 0
105570 19 5 754 0
105571 20 1 754 0
105572 21 1 754 0
105573 27 5 754 0
105574 28 5 754 0
105575 29 2 754 0
105576 35 5 754 0
105577 36 7 754 0
105578 43 1 754 0
105579 44 4 754 0
105580 51 2 754 0
105581 52 2 754 0
105708 12 3 755 0
105709 13 4 755 0
105710 19 8 755 0
105711 20 10 755 0
105712 21 8 755 0
105713 22 4 755 0
105714 26 9 755 0
105715 27 8 755 0
105716 28 4 755 0
105717 29 11 755 0
105718 34 8 755 0
105719 35 9 755 0
105720 36 14 755 0
105721 37 5 755 0
105722 43 6 755 0
105723 44 8 755 0
105724 50 1 755 0
105725 51 12 755 0
105726 52 1 755 0
105727 58 1 755 0
105728 59 4 755 0
105848 10 1 756 0
105849 11 3 756 0
105850 12 8 756 0
105851 14 7 756 0
105852 17 1 756 0
105853 18 13 756 0
105854 19 15 756 0
105855 20 15 756 0
105856 21 13 756 0
105857 22 15 756 0
105858 23 3 756 0
105859 25 1 756 0
105860 26 15 756 0
105861 27 13 756 0
105862 28 12 756 0
105863 29 15 756 0
105864 30 9 756 0
105865 34 6 756 0
105866 35 15 756 0
105867 36 14 756 0
105868 37 5 756 0
105869 42 7 756 0
105870 43 15 756 0
105871 44 14 756 0
105872 45 12 756 0
105873 50 4 756 0
105874 51 14 756 0
105875 52 15 756 0
105876 53 10 756 0
105877 59 2 756 0
105878 60 2 756 0
105988 11 1 757 0
105989 12 8 757 0
105990 13 10 757 0
105991 14 11 757 0
105992 15 2 757 0
105993 19 8 757 0
105994 20 8 757 0
105995 21 4 757 0
105996 22 2 757 0
105997 26 6 757 0
105998 27 14 757 0
105999 28 8 757 0
106000 29 3 757 0
106001 33 2 757 0
106002 34 7 757 0
106003 35 3 757 0
106004 36 4 757 0
106005 37 12 757 0
106006 41 8 757 0
106007 42 9 757 0
106008 43 4 757 0
106009 44 12 757 0
106010 45 5 757 0
106011 49 1 757 0
106012 50 7 757 0
106013 51 10 757 0
106014 52 5 757 0
106128 11 3 758 0
106129 12 5 758 0
106130 18 2 758 0
106131 19 12 758 0
106132 20 4 758 0
106133 21 6 758 0
106134 22 10 758 0
106135 23 3 758 0
106136 26 10 758 0
106137 27 6 758 0
106138 28 11 758 0
106139 29 7 758 0
106140 30 1 758 0
106141 34 3 758 0
106142 35 14 758 0
106143 36 9 758 0
106144 37 1 758 0
106145 42 5 758 0
106146 43 5 758 0
106147 44 5 758 0
106148 45 7 758 0
106149 50 3 758 0
106150 51 11 758 0
106151 52 10 758 0
106152 53 5 758 0
106153 59 2 758 0
106154 60 3 758 0
106268 12 8 759 0
106269 13 10 759 0
106270 19 4 759 0
106271 20 11 759 0
106272 26 3 759 0
106273 27 12 759 0
106274 28 3 759 0
106275 29 8 759 0
106276 30 7 759 0
106277 31 1 759 0
106278 33 4 759 0
106279 34 12 759 0
106280 35 3 759 0
106281 36 12 759 0
106282 37 9 759 0
106283 38 11 759 0
106284 39 1 759 0
106285 41 6 759 0
106286 42 13 759 0
106287 43 13 759 0
106288 44 12 759 0
106289 45 4 759 0
106290 51 1 759 0
106291 52 3 759 0
106408 12 3 760 0
106409 17 1 760 0
106410 18 6 760 0
106411 19 8 760 0
106412 20 9 760 0
106413 25 2 760 0
106414 26 6 760 0
106415 27 10 760 0
106416 28 8 760 0
106417 34 1 760 0
106418 35 1 760 0
106419 36 5 760 0
106420 37 10 760 0
106421 38 4 760 0
106422 45 6 760 0
106423 46 3 760 0
106424 51 1 760 0
106425 52 7 760 0
106426 53 5 760 0
106427 58 1 760 0
106428 59 5 760 0
106429 60 2 760 0
106548 11 3 761 0
106549 12 9 761 0
106550 13 4 761 0
106551 19 11 761 0
106552 20 5 761 0
106553 21 3 761 0
106554 22 11 761 0
106555 27 9 761 0
106556 28 6 761 0
106557 29 11 761 0
106558 30 3 761 0
106559 34 1 761 0
106560 35 9 761 0
106561 36 10 761 0
106562 42 9 761 0
106563 43 6 761 0
106564 44 8 761 0
106565 50 8 761 0
106566 51 11 761 0
106567 52 4 761 0
106568 59 3 761 0
106688 3 1 762 0
106689 4 2 762 0
106690 11 7 762 0
106691 19 5 762 0
106692 26 3 762 0
106693 27 4 762 0
106694 29 2 762 0
106695 34 1 762 0
106696 35 7 762 0
106697 36 7 762 0
106698 37 10 762 0
106699 38 4 762 0
106700 43 8 762 0
106701 44 13 762 0
106702 45 4 762 0
106703 52 2 762 0
106828 12 4 763 0
106829 13 3 763 0
106830 18 1 763 0
106831 19 11 763 0
106832 20 12 763 0
106833 21 13 763 0
106834 22 4 763 0
106835 25 1 763 0
106836 26 12 763 0
106837 27 7 763 0
106838 28 4 763 0
106839 29 12 763 0
106840 33 3 763 0
106841 34 11 763 0
106842 35 9 763 0
106843 36 14 763 0
106844 37 9 763 0
106845 43 1 763 0
106846 44 13 763 0
106847 45 1 763 0
106848 51 5 763 0
106849 52 11 763 0
106850 59 4 763 0
106851 60 4 763 0
106968 17 1 764 0
106969 18 8 764 0
106970 19 12 764 0
106971 20 13 764 0
106972 21 1 764 0
106973 25 13 764 0
106974 26 7 764 0
106975 27 3 764 0
106976 28 9 764 0
106977 29 8 764 0
106978 33 5 764 0
106979 34 9 764 0
106980 35 7 764 0
106981 36 7 764 0
106982 37 9 764 0
106983 44 1 764 0
106984 45 12 764 0
106985 53 14 764 0
106986 54 2 764 0
106987 61 8 764 0
106988 62 1 764 0
107108 12 9 765 0
107109 13 8 765 0
107110 20 13 765 0
107111 21 2 765 0
107112 27 3 765 0
107113 28 12 765 0
107114 35 10 765 0
107115 36 6 765 0
107116 42 3 765 0
107117 43 13 765 0
107118 50 9 765 0
107119 51 8 765 0
107248 10 1 766 0
107249 11 7 766 0
107250 12 9 766 0
107251 13 7 766 0
107252 18 4 766 0
107253 19 12 766 0
107254 20 8 766 0
107255 21 14 766 0
107256 22 3 766 0
107257 27 10 766 0
107258 28 9 766 0
107259 29 7 766 0
107260 35 9 766 0
107261 36 11 766 0
107262 42 6 766 0
107263 43 7 766 0
107264 44 8 766 0
107265 45 2 766 0
107266 50 5 766 0
107267 51 11 766 0
107268 52 11 766 0
107269 53 6 766 0
107270 59 1 766 0
107271 60 4 766 0
107388 10 3 767 0
107389 11 9 767 0
107390 12 12 767 0
107391 13 8 767 0
107392 20 9 767 0
107393 21 6 767 0
107394 26 2 767 0
107395 27 11 767 0
107396 28 10 767 0
107397 35 1 767 0
107398 36 8 767 0
107399 37 4 767 0
107400 41 4 767 0
107401 42 4 767 0
107402 44 10 767 0
107403 45 3 767 0
107404 49 2 767 0
107405 50 12 767 0
107406 51 13 767 0
107407 52 7 767 0
107528 11 5 768 0
107529 12 9 768 0
107530 13 10 768 0
107531 14 5 768 0
107532 18 1 768 0
107533 19 6 768 0
107534 26 5 768 0
107535 27 7 768 0
107536 28 5 768 0
107537 34 3 768 0
107538 36 3 768 0
107539 37 8 768 0
107540 42 8 768 0
107541 44 2 768 0
107542 45 8 768 0
107543 50 8 768 0
107544 51 10 768 0
107545 52 9 768 0
107546 53 1 768 0
107668 11 1 769 0
107669 12 5 769 0
107670 13 3 769 0
107671 14 1 769 0
107672 15 2 769 0
107673 18 1 769 0
107674 19 13 769 0
107675 20 8 769 0
107676 21 12 769 0
107677 22 13 769 0
107678 23 7 769 0
107679 26 1 769 0
107680 27 12 769 0
107681 28 11 769 0
107682 29 8 769 0
107683 30 2 769 0
107684 34 7 769 0
107685 35 13 769 0
107686 36 4 769 0
107687 42 14 769 0
107688 43 9 769 0
107689 44 7 769 0
107690 50 8 769 0
107691 51 14 769 0
107692 52 4 769 0
107693 58 1 769 0
107694 59 5 769 0
107808 9 3 770 0
107809 10 2 770 0
107810 17 7 770 0
107811 21 1 770 0
107812 22 5 770 0
107813 23 1 770 0
107814 25 6 770 0
107815 28 1 770 0
107816 29 5 770 0
107817 30 2 770 0
107818 31 3 770 0
107819 33 6 770 0
107820 34 1 770 0
107821 36 4 770 0
107822 37 1 770 0
107823 38 5 770 0
107824 42 5 770 0
107825 43 6 770 0
107826 44 6 770 0
107827 45 3 770 0
107948 12 6 771 0
107949 13 11 771 0
107950 14 12 771 0
107951 19 6 771 0
107952 20 9 771 0
107953 21 2 771 0
107954 26 2 771 0
107955 27 13 771 0
107956 28 5 771 0
107957 34 3 771 0
107958 35 6 771 0
107959 36 9 771 0
107960 37 5 771 0
107961 41 4 771 0
107962 42 4 771 0
107963 44 12 771 0
107964 45 2 771 0
107965 49 4 771 0
107966 50 12 771 0
107967 51 13 771 0
107968 52 6 771 0
108088 12 4 772 0
108089 13 3 772 0
108090 14 2 772 0
108091 18 5 772 0
108092 19 12 772 0
108093 20 8 772 0
108094 21 15 772 0
108095 22 7 772 0
108096 25 3 772 0
108097 26 13 772 0
108098 27 3 772 0
108099 28 8 772 0
108100 29 15 772 0
108101 30 3 772 0
108102 33 4 772 0
108103 34 13 772 0
108104 35 14 772 0
108105 36 15 772 0
108106 37 8 772 0
108107 42 1 772 0
108108 43 9 772 0
108109 44 8 772 0
108110 51 11 772 0
108111 52 6 772 0
108112 59 7 772 0
108113 60 2 772 0
108228 18 6 773 0
108229 19 12 773 0
108230 20 9 773 0
108231 21 8 773 0
108232 22 1 773 0
108233 26 3 773 0
108234 27 1 773 0
108235 28 6 773 0
108236 29 12 773 0
108237 36 11 773 0
108238 37 3 773 0
108239 43 4 773 0
108240 44 9 773 0
108241 51 10 773 0
108242 52 3 773 0
108243 59 8 773 0
108368 4 2 774 0
108369 5 1 774 0
108370 11 9 774 0
108371 12 9 774 0
108372 13 12 774 0
108373 14 1 774 0
108374 19 3 774 0
108375 21 7 774 0
108376 22 6 774 0
108377 29 7 774 0
108378 30 6 774 0
108379 33 2 774 0
108380 34 8 774 0
108381 35 8 774 0
108382 36 7 774 0
108383 37 12 774 0
108384 38 1 774 0
108385 41 9 774 0
108386 42 8 774 0
108387 43 10 774 0
108388 44 15 774 0
108389 45 7 774 0
108390 49 2 774 0
108391 50 9 774 0
108392 51 8 774 0
108393 52 1 774 0
108394 53 6 774 0
108395 54 1 774 0
108508 12 1 775 0
108509 13 7 775 0
108510 14 3 775 0
108511 19 1 775 0
108512 20 9 775 0
108513 21 2 775 0
108514 27 10 775 0
108515 28 5 775 0
108516 34 1 775 0
108517 35 5 775 0
108518 36 5 775 0
108519 37 6 775 0
108520 42 6 775 0
108521 43 8 775 0
108522 44 8 775 0
108523 51 1 775 0
108524 58 1 775 0
108525 59 1 775 0
108526 60 2 775 0
108527 61 1 775 0
108648 11 4 776 0
108649 12 8 776 0
108650 19 10 776 0
108651 20 13 776 0
108652 21 7 776 0
108653 26 1 776 0
108654 27 13 776 0
108655 28 5 776 0
108656 29 12 776 0
108657 34 5 776 0
108658 35 9 776 0
108659 36 5 776 0
108660 37 11 776 0
108661 42 5 776 0
108662 43 12 776 0
108663 44 13 776 0
108664 45 5 776 0
108665 50 1 776 0
108666 51 11 776 0
108667 52 8 776 0
108788 11 1 777 0
108789 12 7 777 0
108790 13 10 777 0
108791 14 8 777 0
108792 18 1 777 0
108793 19 12 777 0
108794 20 7 777 0
108795 21 2 777 0
108796 22 5 777 0
108797 26 1 777 0
108798 27 10 777 0
108799 28 7 777 0
108800 29 11 777 0
108801 30 5 777 0
108802 34 1 777 0
108803 35 9 777 0
108804 36 12 777 0
108805 42 8 777 0
108806 43 5 777 0
108807 44 11 777 0
108808 50 9 777 0
108809 51 12 777 0
108810 52 6 777 0
108811 59 3 777 0
108928 19 1 778 0
108929 26 2 778 0
108930 27 4 778 0
108931 28 5 778 0
108932 29 5 778 0
108933 30 3 778 0
108934 33 4 778 0
108935 34 4 778 0
108936 35 3 778 0
108937 36 4 778 0
108938 37 2 778 0
108939 44 3 778 0
108940 45 1 778 0
108941 51 2 778 0
108942 52 4 778 0
108943 59 1 778 0
109068 12 3 779 0
109069 13 11 779 0
109070 20 9 779 0
109071 21 6 779 0
109072 27 2 779 0
109073 28 12 779 0
109074 29 1 779 0
109075 35 10 779 0
109076 36 4 779 0
109077 42 4 779 0
109078 43 11 779 0
109079 50 12 779 0
109080 51 4 779 0
109208 11 7 780 0
109209 12 1 780 0
109210 19 7 780 0
109211 20 4 780 0
109212 27 5 780 0
109213 28 7 780 0
109214 35 5 780 0
109215 36 7 780 0
109216 43 4 780 0
109217 44 7 780 0
109218 51 3 780 0
109219 52 6 780 0
109348 12 6 781 0
109349 13 13 781 0
109350 14 12 781 0
109351 19 5 781 0
109352 20 14 781 0
109353 21 5 781 0
109354 22 14 781 0
109355 26 6 781 0
109356 27 12 781 0
109357 28 2 781 0
109358 29 3 781 0
109359 30 14 781 0
109360 33 7 781 0
109361 34 14 781 0
109362 35 2 781 0
109363 37 10 781 0
109364 38 7 781 0
109365 41 14 781 0
109366 42 6 781 0
109367 43 3 781 0
109368 44 9 781 0
109369 45 10 781 0
109370 49 9 781 0
109371 50 14 781 0
109372 51 12 781 0
109373 52 5 781 0
109488 12 5 782 0
109489 13 3 782 0
109490 19 8 782 0
109491 20 2 782 0
109492 21 7 782 0
109493 26 6 782 0
109494 27 2 782 0
109495 29 2 782 0
109496 34 8 782 0
109497 35 3 782 0
109498 36 7 782 0
109499 37 4 782 0
109500 42 1 782 0
109501 43 5 782 0
109502 44 7 782 0
109503 52 6 782 0
109504 60 2 782 0
109628 12 3 783 0
109629 13 10 783 0
109630 20 9 783 0
109631 21 6 783 0
109632 27 2 783 0
109633 28 13 783 0
109634 29 1 783 0
109635 35 11 783 0
109636 36 4 783 0
109637 42 6 783 0
109638 43 10 783 0
109639 50 10 783 0
109640 51 4 783 0
109768 11 6 784 0
109769 12 7 784 0
109770 13 2 784 0
109771 14 1 784 0
109772 19 7 784 0
109773 20 5 784 0
109774 21 11 784 0
109775 22 2 784 0
109776 27 1 784 0
109777 28 13 784 0
109778 29 1 784 0
109779 35 8 784 0
109780 36 8 784 0
109781 37 3 784 0
109782 42 1 784 0
109783 43 8 784 0
109784 44 9 784 0
109785 51 12 784 0
109786 52 4 784 0
109908 5 5 785 0
109909 6 2 785 0
109910 12 8 785 0
109911 13 8 785 0
109912 19 4 785 0
109913 20 9 785 0
109914 26 2 785 0
109915 27 10 785 0
109916 28 1 785 0
109917 29 2 785 0
109918 34 12 785 0
109919 35 6 785 0
109920 36 11 785 0
109921 37 13 785 0
109922 38 1 785 0
109923 42 8 785 0
109924 43 15 785 0
109925 44 11 785 0
109926 45 2 785 0
109927 51 5 785 0
109928 52 1 785 0
110048 18 1 786 0
110049 19 8 786 0
110050 20 10 786 0
110051 26 6 786 0
110052 27 1 786 0
110053 28 7 786 0
110054 29 1 786 0
110055 36 6 786 0
110056 44 7 786 0
110057 52 8 786 0
110058 60 6 786 0
110188 12 10 787 0
110189 13 12 787 0
110190 14 1 787 0
110191 19 8 787 0
110192 20 9 787 0
110193 21 9 787 0
110194 22 6 787 0
110195 26 7 787 0
110196 27 10 787 0
110197 29 2 787 0
110198 30 13 787 0
110199 33 7 787 0
110200 34 11 787 0
110201 37 6 787 0
110202 38 10 787 0
110203 41 15 787 0
110204 42 2 787 0
110205 43 1 787 0
110206 44 8 787 0
110207 45 10 787 0
110208 46 1 787 0
110209 49 8 787 0
110210 50 12 787 0
110211 51 11 787 0
110212 52 5 787 0
110328 12 8 788 0
110329 13 2 788 0
110330 19 6 788 0
110331 20 4 788 0
110332 21 12 788 0
110333 27 9 788 0
110334 28 3 788 0
110335 29 7 788 0
110336 34 3 788 0
110337 35 6 788 0
110338 36 11 788 0
110339 37 2 788 0
110340 42 5 788 0
110341 43 11 788 0
110342 44 10 788 0
110343 51 2 788 0
110344 52 7 788 0
110345 53 1 788 0
110346 60 1 788 0
110468 11 5 789 0
110469 12 12 789 0
110470 13 10 789 0
110471 20 9 789 0
110472 21 7 789 0
110473 26 1 789 0
110474 27 11 789 0
110475 28 13 789 0
110476 29 1 789 0
110477 36 6 789 0
110478 37 7 789 0
110479 41 5 789 0
110480 42 2 789 0
110481 43 1 789 0
110482 44 12 789 0
110483 45 2 789 0
110484 49 4 789 0
110485 50 12 789 0
110486 51 13 789 0
110487 52 5 789 0
110608 10 1 790 0
110609 11 10 790 0
110610 12 13 790 0
110611 13 11 790 0
110612 14 3 790 0
110613 18 9 790 0
110614 19 5 790 0
110615 21 4 790 0
110616 22 10 790 0
110617 25 4 790 0
110618 26 7 790 0
110619 30 10 790 0
110620 33 10 790 0
110621 37 9 790 0
110622 38 6 790 0
110623 41 8 790 0
110624 42 6 790 0
110625 43 1 790 0
110626 44 9 790 0
110627 45 8 790 0
110628 49 1 790 0
110629 50 9 790 0
110630 51 15 790 0
110631 52 9 790 0
110748 12 7 791 0
110749 13 9 791 0
110750 14 4 791 0
110751 19 10 791 0
110752 20 7 791 0
110753 21 9 791 0
110754 22 12 791 0
110755 27 11 791 0
110756 28 10 791 0
110757 29 8 791 0
110758 30 1 791 0
110759 34 2 791 0
110760 35 12 791 0
110761 36 8 791 0
110762 42 9 791 0
110763 43 6 791 0
110764 44 9 791 0
110765 50 7 791 0
110766 51 13 791 0
110767 52 7 791 0
110768 59 3 791 0
110888 10 2 792 0
110889 11 7 792 0
110890 12 8 792 0
110891 13 4 792 0
110892 17 6 792 0
110893 18 9 792 0
110894 19 2 792 0
110895 20 2 792 0
110896 21 2 792 0
110897 25 7 792 0
110898 26 4 792 0
110899 27 3 792 0
110900 28 6 792 0
110901 29 3 792 0
110902 34 4 792 0
110903 35 12 792 0
110904 36 7 792 0
110905 37 6 792 0
110906 42 1 792 0
110907 43 7 792 0
110908 45 4 792 0
110909 46 9 792 0
110910 51 8 792 0
110911 52 9 792 0
110912 53 9 792 0
110913 54 5 792 0
111028 12 3 793 0
111029 13 2 793 0
111030 19 9 793 0
111031 20 9 793 0
111032 21 11 793 0
111033 26 8 793 0
111034 27 6 793 0
111035 28 2 793 0
111036 29 10 793 0
111037 30 3 793 0
111038 34 5 793 0
111039 35 7 793 0
111040 36 11 793 0
111041 37 9 793 0
111042 43 1 793 0
111043 44 12 793 0
111044 45 1 793 0
111045 51 8 793 0
111046 52 7 793 0
111047 59 6 793 0
111048 60 1 793 0
111168 5 4 794 0
111169 6 5 794 0
111170 12 6 794 0
111171 13 11 794 0
111172 14 1 794 0
111173 19 3 794 0
111174 20 11 794 0
111175 21 1 794 0
111176 26 1 794 0
111177 27 11 794 0
111178 28 2 794 0
111179 34 8 794 0
111180 35 13 794 0
111181 36 12 794 0
111182 37 8 794 0
111183 41 1 794 0
111184 42 12 794 0
111185 43 13 794 0
111186 44 10 794 0
111187 45 12 794 0
111188 46 1 794 0
111189 51 4 794 0
111190 52 4 794 0
111191 53 1 794 0
111308 11 3 795 0
111309 12 1 795 0
111310 18 2 795 0
111311 19 13 795 0
111312 20 12 795 0
111313 21 12 795 0
111314 27 2 795 0
111315 28 7 795 0
111316 29 9 795 0
111317 35 2 795 0
111318 36 11 795 0
111319 37 1 795 0
111320 43 11 795 0
111321 44 3 795 0
111322 50 8 795 0
111323 51 11 795 0
111324 58 6 795 0
111325 59 2 795 0
111448 11 2 796 0
111449 12 8 796 0
111450 13 1 796 0
111451 19 6 796 0
111452 20 2 796 0
111453 21 3 796 0
111454 22 2 796 0
111455 27 6 796 0
111456 28 3 796 0
111457 29 7 796 0
111458 30 2 796 0
111459 35 4 796 0
111460 36 8 796 0
111461 42 1 796 0
111462 43 5 796 0
111463 44 6 796 0
111464 50 2 796 0
111465 51 7 796 0
111466 52 6 796 0
111588 11 4 797 0
111589 13 4 797 0
111590 14 4 797 0
111591 18 1 797 0
111592 19 10 797 0
111593 21 11 797 0
111594 22 3 797 0
111595 25 1 797 0
111596 26 11 797 0
111597 27 6 797 0
111598 28 5 797 0
111599 29 11 797 0
111600 30 2 797 0
111601 33 6 797 0
111602 34 6 797 0
111603 35 10 797 0
111604 36 13 797 0
111605 37 7 797 0
111606 43 6 797 0
111607 44 6 797 0
111608 51 11 797 0
111609 52 1 797 0
111610 59 2 797 0
111728 17 6 798 0
111729 18 10 798 0
111730 19 13 798 0
111731 20 11 798 0
111732 25 2 798 0
111733 26 1 798 0
111734 28 6 798 0
111735 29 6 798 0
111736 36 9 798 0
111737 37 3 798 0
111738 44 11 798 0
111739 51 4 798 0
111740 52 6 798 0
111741 59 2 798 0
111742 60 4 798 0
111868 12 6 799 0
111869 13 11 799 0
111870 14 10 799 0
111871 15 1 799 0
111872 19 7 799 0
111873 20 8 799 0
111874 21 1 799 0
111875 26 7 799 0
111876 27 13 799 0
111877 28 9 799 0
111878 29 2 799 0
111879 36 5 799 0
111880 37 9 799 0
111881 41 4 799 0
111882 42 4 799 0
111883 43 1 799 0
111884 44 12 799 0
111885 45 3 799 0
111886 49 4 799 0
111887 50 13 799 0
111888 51 13 799 0
111889 52 5 799 0
112008 11 1 800 0
112009 12 5 800 0
112010 13 3 800 0
112011 19 9 800 0
112012 20 6 800 0
112013 21 14 800 0
112014 26 4 800 0
112015 27 7 800 0
112016 28 8 800 0
112017 29 8 800 0
112018 34 5 800 0
112019 35 10 800 0
112020 36 14 800 0
112021 37 2 800 0
112022 43 3 800 0
112023 44 11 800 0
112024 52 11 800 0
112025 60 4 800 0
112148 12 2 801 0
112149 13 11 801 0
112150 20 1 801 0
112151 21 13 801 0
112152 27 2 801 0
112153 28 11 801 0
112154 29 3 801 0
112155 33 7 801 0
112156 34 13 801 0
112157 35 14 801 0
112158 36 11 801 0
112159 37 9 801 0
112160 38 7 801 0
112161 41 9 801 0
112162 42 9 801 0
112163 43 2 801 0
112288 3 1 802 0
112289 4 2 802 0
112290 11 8 802 0
112291 12 6 802 0
112292 19 11 802 0
112293 26 2 802 0
112294 27 9 802 0
112295 28 6 802 0
112296 29 6 802 0
112297 34 5 802 0
112298 35 6 802 0
112299 36 13 802 0
112300 37 10 802 0
112301 42 3 802 0
112302 43 9 802 0
112303 44 13 802 0
112304 45 4 802 0
112305 51 6 802 0
112306 52 7 802 0
112428 11 2 803 0
112429 12 1 803 0
112430 18 4 803 0
112431 19 14 803 0
112432 20 13 803 0
112433 21 13 803 0
112434 22 4 803 0
112435 26 3 803 0
112436 27 3 803 0
112437 28 6 803 0
112438 29 11 803 0
112439 35 2 803 0
112440 36 13 803 0
112441 37 1 803 0
112442 43 11 803 0
112443 44 3 803 0
112444 50 9 803 0
112445 51 8 803 0
112446 58 5 803 0
112568 9 4 804 0
112569 10 4 804 0
112570 13 1 804 0
112571 17 10 804 0
112572 18 2 804 0
112573 21 13 804 0
112574 25 11 804 0
112575 26 2 804 0
112576 28 2 804 0
112577 29 14 804 0
112578 33 3 804 0
112579 34 10 804 0
112580 35 9 804 0
112581 36 11 804 0
112582 37 9 804 0
112583 44 6 804 0
112584 45 8 804 0
112585 52 5 804 0
112586 53 9 804 0
112587 60 1 804 0
112588 61 1 804 0
112708 12 9 805 0
112709 13 10 805 0
112710 14 2 805 0
112711 19 6 805 0
112712 20 7 805 0
112713 26 2 805 0
112714 27 14 805 0
112715 28 9 805 0
112716 29 2 805 0
112717 34 1 805 0
112718 35 1 805 0
112719 36 6 805 0
112720 37 6 805 0
112721 41 3 805 0
112722 42 4 805 0
112723 44 12 805 0
112724 45 1 805 0
112725 49 2 805 0
112726 50 11 805 0
112727 51 12 805 0
112728 52 6 805 0
112848 11 1 806 0
112849 12 4 806 0
112850 18 1 806 0
112851 19 12 806 0
112852 20 10 806 0
112853 21 5 806 0
112854 26 9 806 0
112855 27 6 806 0
112856 28 6 806 0
112857 29 9 806 0
112858 34 5 806 0
112859 35 13 806 0
112860 36 15 806 0
112861 37 4 806 0
112862 44 13 806 0
112863 51 2 806 0
112864 52 13 806 0
112865 60 5 806 0
112988 11 2 807 0
112989 12 8 807 0
112990 13 3 807 0
112991 20 6 807 0
112992 21 7 807 0
112993 28 10 807 0
112994 29 1 807 0
112995 33 3 807 0
112996 34 8 807 0
112997 35 13 807 0
112998 36 10 807 0
112999 37 7 807 0
113000 38 5 807 0
113001 39 1 807 0
113002 41 7 807 0
113003 42 10 807 0
113004 43 3 807 0
113005 45 1 807 0
113006 46 2 807 0
113128 10 3 808 0
113129 11 5 808 0
113130 12 1 808 0
113131 18 3 808 0
113132 19 6 808 0
113133 20 6 808 0
113134 27 9 808 0
113135 28 6 808 0
113136 36 9 808 0
113137 44 8 808 0
113138 51 2 808 0
113139 52 8 808 0
113140 59 4 808 0
113268 12 7 809 0
113269 13 6 809 0
113270 20 11 809 0
113271 21 3 809 0
113272 27 3 809 0
113273 28 10 809 0
113274 35 9 809 0
113275 36 4 809 0
113276 42 2 809 0
113277 43 12 809 0
113278 50 6 809 0
113279 51 7 809 0
113408 3 2 810 0
113409 4 3 810 0
113410 11 8 810 0
113411 12 8 810 0
113412 19 12 810 0
113413 20 1 810 0
113414 26 1 810 0
113415 27 12 810 0
113416 28 6 810 0
113417 29 3 810 0
113418 34 1 810 0
113419 35 15 810 0
113420 36 11 810 0
113421 37 12 810 0
113422 38 2 810 0
113423 43 10 810 0
113424 44 12 810 0
113425 45 13 810 0
113426 46 5 810 0
113427 52 4 810 0
113428 53 4 810 0
113548 12 9 811 0
113549 13 11 811 0
113550 20 4 811 0
113551 21 13 811 0
113552 26 2 811 0
113553 27 8 811 0
113554 28 12 811 0
113555 29 2 811 0
113556 33 1 811 0
113557 34 2 811 0
113558 35 3 811 0
113559 36 11 811 0
113560 37 2 811 0
113561 41 10 811 0
113562 42 4 811 0
113563 43 1 811 0
113564 44 12 811 0
113565 45 1 811 0
113566 49 2 811 0
113567 50 11 811 0
113568 51 12 811 0
113569 52 4 811 0
113688 19 7 812 0
113689 20 10 812 0
113690 21 1 812 0
113691 26 7 812 0
113692 27 6 812 0
113693 28 7 812 0
113694 29 9 812 0
113695 34 5 812 0
113696 35 8 812 0
113697 36 10 812 0
113698 37 1 812 0
113699 44 6 812 0
113700 52 7 812 0
113701 60 6 812 0
113702 61 1 812 0
113828 12 4 813 0
113829 13 1 813 0
113830 19 11 813 0
113831 20 12 813 0
113832 21 12 813 0
113833 27 2 813 0
113834 28 9 813 0
113835 29 8 813 0
113836 33 1 813 0
113837 34 6 813 0
113838 35 11 813 0
113839 36 11 813 0
113840 37 12 813 0
113841 38 6 813 0
113842 41 13 813 0
113843 42 13 813 0
113844 43 5 813 0
113845 45 1 813 0
113846 46 2 813 0
113847 49 2 813 0
113968 3 3 814 0
113969 9 1 814 0
113970 10 14 814 0
113971 11 15 814 0
113972 12 14 814 0
113973 13 6 814 0
113974 18 2 814 0
113975 19 1 814 0
113976 20 5 814 0
113977 21 15 814 0
113978 28 10 814 0
113979 29 9 814 0
113980 34 2 814 0
113981 35 11 814 0
113982 36 6 814 0
113983 41 4 814 0
113984 42 15 814 0
113985 43 15 814 0
113986 44 11 814 0
113987 45 11 814 0
113988 46 13 814 0
113989 47 4 814 0
113990 49 1 814 0
113991 50 7 814 0
113992 51 7 814 0
113993 52 6 814 0
113994 53 6 814 0
113995 54 2 814 0
114108 11 1 815 0
114109 12 12 815 0
114110 13 12 815 0
114111 14 4 815 0
114112 19 9 815 0
114113 20 7 815 0
114114 26 1 815 0
114115 27 11 815 0
114116 28 10 815 0
114117 29 3 815 0
114118 36 3 815 0
114119 37 12 815 0
114120 41 4 815 0
114121 42 11 815 0
114122 43 1 815 0
114123 44 9 815 0
114124 45 9 815 0
114125 49 1 815 0
114126 50 9 815 0
114127 51 13 815 0
114128 52 10 815 0
114129 53 1 815 0
114248 4 2 816 0
114249 5 1 816 0
114250 11 2 816 0
114251 12 11 816 0
114252 13 1 816 0
114253 19 9 816 0
114254 20 4 816 0
114255 26 1 816 0
114256 27 11 816 0
114257 28 1 816 0
114258 29 2 816 0
114259 34 4 816 0
114260 35 7 816 0
114261 36 9 816 0
114262 37 12 816 0
114263 42 3 816 0
114264 43 13 816 0
114265 44 9 816 0
114266 45 8 816 0
114267 51 7 816 0
114268 52 7 816 0
114388 12 7 817 0
114389 13 8 817 0
114390 14 2 817 0
114391 19 4 817 0
114392 20 13 817 0
114393 21 15 817 0
114394 22 5 817 0
114395 27 4 817 0
114396 28 14 817 0
114397 29 4 817 0
114398 34 2 817 0
114399 35 11 817 0
114400 36 12 817 0
114401 42 10 817 0
114402 43 6 817 0
114403 44 11 817 0
114404 50 11 817 0
114405 51 12 817 0
114406 52 5 817 0
114407 58 1 817 0
114408 59 2 817 0
114528 11 2 818 0
114529 12 6 818 0
114530 19 10 818 0
114531 20 8 818 0
114532 21 10 818 0
114533 22 3 818 0
114534 26 5 818 0
114535 27 5 818 0
114536 29 1 818 0
114537 30 9 818 0
114538 34 10 818 0
114539 37 6 818 0
114540 38 3 818 0
114541 42 10 818 0
114542 44 3 818 0
114543 45 6 818 0
114544 50 10 818 0
114545 51 7 818 0
114546 52 8 818 0
114547 59 3 818 0
114668 11 3 819 0
114669 12 1 819 0
114670 18 9 819 0
114671 19 11 819 0
114672 20 12 819 0
114673 21 11 819 0
114674 22 6 819 0
114675 26 5 819 0
114676 28 2 819 0
114677 29 13 819 0
114678 30 3 819 0
114679 36 11 819 0
114680 37 3 819 0
114681 43 4 819 0
114682 44 9 819 0
114683 50 1 819 0
114684 51 12 819 0
114685 52 4 819 0
114686 58 1 819 0
114687 59 6 819 0
114808 17 3 820 0
114809 18 10 820 0
114810 19 10 820 0
114811 20 11 820 0
114812 21 3 820 0
114813 25 7 820 0
114814 26 8 820 0
114815 28 5 820 0
114816 29 7 820 0
114817 36 4 820 0
114818 37 10 820 0
114819 44 6 820 0
114820 45 8 820 0
114821 52 8 820 0
114822 53 5 820 0
114823 60 4 820 0
114824 61 2 820 0
114948 13 7 821 0
114949 14 9 821 0
114950 20 5 821 0
114951 21 13 821 0
114952 22 2 821 0
114953 27 2 821 0
114954 28 13 821 0
114955 29 3 821 0
114956 35 12 821 0
114957 36 7 821 0
114958 42 9 821 0
114959 43 12 821 0
114960 50 13 821 0
114961 51 4 821 0
115088 12 3 822 0
115089 19 6 822 0
115090 20 9 822 0
115091 27 6 822 0
115092 28 5 822 0
115093 35 3 822 0
115094 36 8 822 0
115095 43 3 822 0
115096 44 5 822 0
115097 51 8 822 0
115098 59 4 822 0
115228 11 1 823 0
115229 12 7 823 0
115230 13 10 823 0
115231 14 1 823 0
115232 19 10 823 0
115233 20 6 823 0
115234 21 6 823 0
115235 22 6 823 0
115236 26 1 823 0
115237 27 10 823 0
115238 28 7 823 0
115239 29 9 823 0
115240 30 2 823 0
115241 34 1 823 0
115242 35 10 823 0
115243 36 7 823 0
115244 42 10 823 0
115245 43 3 823 0
115246 44 9 823 0
115247 50 10 823 0
115248 51 10 823 0
115249 52 4 823 0
115250 58 1 823 0
115251 59 3 823 0
115368 17 1 824 0
115369 18 11 824 0
115370 19 10 824 0
115371 20 11 824 0
115372 27 1 824 0
115373 28 7 824 0
115374 36 9 824 0
115375 44 8 824 0
115376 52 9 824 0
115377 60 5 824 0
115508 5 3 825 0
115509 12 8 825 0
115510 13 15 825 0
115511 14 3 825 0
115512 19 5 825 0
115513 20 11 825 0
115514 21 8 825 0
115515 22 8 825 0
115516 26 4 825 0
115517 27 13 825 0
115518 28 1 825 0
115519 29 7 825 0
115520 30 9 825 0
115521 33 3 825 0
115522 34 13 825 0
115523 35 3 825 0
115524 36 4 825 0
115525 37 13 825 0
115526 38 2 825 0
115527 41 11 825 0
115528 42 10 825 0
115529 43 9 825 0
115530 44 12 825 0
115531 45 2 825 0
115532 49 5 825 0
115533 50 10 825 0
115534 51 7 825 0
115648 11 2 826 0
115649 12 2 826 0
115650 17 1 826 0
115651 18 12 826 0
115652 19 13 826 0
115653 20 13 826 0
115654 21 7 826 0
115655 25 9 826 0
115656 26 10 826 0
115657 27 1 826 0
115658 29 7 826 0
115659 30 2 826 0
115660 33 6 826 0
115661 34 11 826 0
115662 35 7 826 0
115663 36 8 826 0
115664 37 9 826 0
115665 38 2 826 0
115666 42 1 826 0
115667 43 6 826 0
115668 44 4 826 0
115669 45 10 826 0
115670 46 6 826 0
115671 53 4 826 0
115672 54 12 826 0
115673 55 1 826 0
115674 62 4 826 0
115675 63 1 826 0
115788 12 1 827 0
115789 13 4 827 0
115790 19 3 827 0
115791 20 10 827 0
115792 21 10 827 0
115793 22 1 827 0
115794 26 3 827 0
115795 27 9 827 0
115796 28 4 827 0
115797 29 3 827 0
115798 34 6 827 0
115799 35 9 827 0
115800 36 13 827 0
115801 37 1 827 0
115802 43 4 827 0
115803 44 7 827 0
115804 51 10 827 0
115805 52 1 827 0
115806 59 5 827 0
115928 10 6 828 0
115929 11 5 828 0
115930 14 4 828 0
115931 17 4 828 0
115932 18 10 828 0
115933 22 10 828 0
115934 25 10 828 0
115935 26 1 828 0
115936 30 10 828 0
115937 33 9 828 0
115938 34 5 828 0
115939 35 2 828 0
115940 36 3 828 0
115941 37 6 828 0
115942 38 10 828 0
115943 42 4 828 0
115944 43 8 828 0
115945 44 3 828 0
115946 45 5 828 0
115947 46 4 828 0
115948 53 6 828 0
115949 54 3 828 0
116068 5 2 829 0
116069 12 7 829 0
116070 13 8 829 0
116071 19 4 829 0
116072 20 11 829 0
116073 26 1 829 0
116074 27 11 829 0
116075 28 5 829 0
116076 29 9 829 0
116077 30 5 829 0
116078 34 10 829 0
116079 35 9 829 0
116080 36 10 829 0
116081 37 12 829 0
116082 38 3 829 0
116083 42 13 829 0
116084 43 15 829 0
116085 44 12 829 0
116086 45 3 829 0
116087 50 4 829 0
116088 51 8 829 0
116208 9 3 830 0
116209 10 8 830 0
116210 11 11 830 0
116211 12 10 830 0
116212 13 1 830 0
116213 17 5 830 0
116214 18 7 830 0
116215 19 3 830 0
116216 20 7 830 0
116217 21 6 830 0
116218 27 2 830 0
116219 28 10 830 0
116220 29 2 830 0
116221 34 1 830 0
116222 35 10 830 0
116223 36 2 830 0
116224 38 2 830 0
116225 42 7 830 0
116226 43 7 830 0
116227 44 7 830 0
116228 45 12 830 0
116229 46 10 830 0
116230 47 1 830 0
116231 50 6 830 0
116232 51 12 830 0
116233 52 7 830 0
116234 53 1 830 0
116348 11 2 831 0
116349 12 9 831 0
116350 13 7 831 0
116351 19 12 831 0
116352 20 5 831 0
116353 21 13 831 0
116354 22 8 831 0
116355 23 2 831 0
116356 27 11 831 0
116357 28 7 831 0
116358 29 10 831 0
116359 30 5 831 0
116360 34 3 831 0
116361 35 11 831 0
116362 36 10 831 0
116363 41 1 831 0
116364 42 13 831 0
116365 43 2 831 0
116366 44 11 831 0
116367 49 1 831 0
116368 50 13 831 0
116369 51 10 831 0
116370 52 9 831 0
116371 58 1 831 0
116372 59 3 831 0
116488 11 4 832 0
116489 12 10 832 0
116490 13 4 832 0
116491 19 11 832 0
116492 20 1 832 0
116493 27 4 832 0
116494 28 8 832 0
116495 36 7 832 0
116496 37 5 832 0
116497 42 3 832 0
116498 43 2 832 0
116499 44 10 832 0
116500 45 3 832 0
116501 50 10 832 0
116502 51 8 832 0
116503 52 2 832 0
116628 12 7 833 0
116629 13 8 833 0
116630 20 10 833 0
116631 21 3 833 0
116632 27 3 833 0
116633 28 12 833 0
116634 35 11 833 0
116635 36 5 833 0
116636 42 3 833 0
116637 43 13 833 0
116638 50 7 833 0
116639 51 8 833 0
116768 13 8 834 0
116769 19 2 834 0
116770 20 3 834 0
116771 21 8 834 0
116772 26 2 834 0
116773 27 7 834 0
116774 28 6 834 0
116775 29 3 834 0
116776 34 13 834 0
116777 35 9 834 0
116778 36 12 834 0
116779 37 2 834 0
116780 42 3 834 0
116781 44 9 834 0
116782 52 9 834 0
116908 12 5 835 0
116909 13 9 835 0
116910 20 12 835 0
116911 21 3 835 0
116912 27 2 835 0
116913 28 11 835 0
116914 35 10 835 0
116915 36 5 835 0
116916 42 5 835 0
116917 43 11 835 0
116918 50 9 835 0
116919 51 5 835 0
117048 11 3 836 0
117049 12 9 836 0
117050 13 6 836 0
117051 19 10 836 0
117052 20 2 836 0
117053 21 3 836 0
117054 26 2 836 0
117055 27 6 836 0
117056 28 5 836 0
117057 29 5 836 0
117058 34 6 836 0
117059 35 9 836 0
117060 36 1 836 0
117061 37 9 836 0
117062 38 1 836 0
117063 42 2 836 0
117064 44 2 836 0
117065 45 9 836 0
117066 49 1 836 0
117067 50 7 836 0
117068 51 6 836 0
117069 52 9 836 0
117070 53 1 836 0
117071 58 3 836 0
117072 59 2 836 0
117188 12 9 837 0
117189 13 10 837 0
117190 14 11 837 0
117191 19 8 837 0
117192 20 7 837 0
117193 26 1 837 0
117194 27 14 837 0
117195 28 10 837 0
117196 29 4 837 0
117197 35 2 837 0
117198 36 1 837 0
117199 37 13 837 0
117200 41 10 837 0
117201 42 4 837 0
117202 43 2 837 0
117203 44 10 837 0
117204 45 6 837 0
117205 49 4 837 0
117206 50 11 837 0
117207 51 11 837 0
117208 52 5 837 0
117328 12 6 838 0
117329 20 10 838 0
117330 28 10 838 0
117331 35 2 838 0
117332 36 6 838 0
117333 43 5 838 0
117334 44 6 838 0
117335 51 6 838 0
117336 52 3 838 0
117337 59 1 838 0
117468 18 8 839 0
117469 19 12 839 0
117470 20 12 839 0
117471 21 11 839 0
117472 22 1 839 0
117473 26 3 839 0
117474 27 1 839 0
117475 28 5 839 0
117476 29 12 839 0
117477 35 2 839 0
117478 36 12 839 0
117479 37 1 839 0
117480 43 10 839 0
117481 44 5 839 0
117482 50 4 839 0
117483 51 11 839 0
117484 58 7 839 0
117485 59 3 839 0
117608 10 4 840 0
117609 11 14 840 0
117610 12 9 840 0
117611 18 4 840 0
117612 19 1 840 0
117613 20 11 840 0
117614 21 2 840 0
117615 26 1 840 0
117616 27 9 840 0
117617 28 9 840 0
117618 35 7 840 0
117619 36 9 840 0
117620 37 2 840 0
117621 43 1 840 0
117622 44 8 840 0
117623 45 11 840 0
117624 50 9 840 0
117625 51 14 840 0
117626 52 9 840 0
117627 53 3 840 0
117748 4 1 841 0
117749 5 6 841 0
117750 6 1 841 0
117751 11 1 841 0
117752 12 12 841 0
117753 13 6 841 0
117754 19 8 841 0
117755 20 8 841 0
117756 26 3 841 0
117757 27 12 841 0
117758 34 12 841 0
117759 35 7 841 0
117760 36 10 841 0
117761 37 13 841 0
117762 38 4 841 0
117763 42 13 841 0
117764 43 15 841 0
117765 44 12 841 0
117766 45 9 841 0
117767 50 2 841 0
117768 51 5 841 0
117769 52 3 841 0
117888 11 6 842 0
117889 19 8 842 0
117890 21 5 842 0
117891 26 3 842 0
117892 27 12 842 0
117893 28 11 842 0
117894 29 10 842 0
117895 34 11 842 0
117896 35 8 842 0
117897 36 3 842 0
117898 37 12 842 0
117899 42 3 842 0
117900 45 12 842 0
117901 53 12 842 0
117902 61 2 842 0
118028 12 4 843 0
118029 13 10 843 0
118030 14 5 843 0
118031 21 11 843 0
118032 22 4 843 0
118033 27 5 843 0
118034 28 10 843 0
118035 29 4 843 0
118036 34 3 843 0
118037 35 6 843 0
118038 36 10 843 0
118039 41 6 843 0
118040 42 3 843 0
118041 43 4 843 0
118042 44 8 843 0
118043 49 6 843 0
118044 50 13 843 0
118045 51 10 843 0
118046 52 1 843 0
118168 11 2 844 0
118169 12 11 844 0
118170 13 11 844 0
118171 14 1 844 0
118172 19 9 844 0
118173 20 1 844 0
118174 21 7 844 0
118175 22 5 844 0
118176 27 2 844 0
118177 29 8 844 0
118178 30 4 844 0
118179 33 2 844 0
118180 34 9 844 0
118181 35 8 844 0
118182 36 4 844 0
118183 37 10 844 0
118184 41 6 844 0
118185 42 5 844 0
118186 43 1 844 0
118187 44 14 844 0
118188 45 2 844 0
118189 50 10 844 0
118190 51 11 844 0
118191 52 8 844 0
118192 53 3 844 0
118308 12 11 845 0
118309 13 13 845 0
118310 14 10 845 0
118311 19 6 845 0
118312 20 7 845 0
118313 26 2 845 0
118314 27 14 845 0
118315 28 8 845 0
118316 29 2 845 0
118317 34 5 845 0
118318 35 5 845 0
118319 36 5 845 0
118320 37 10 845 0
118321 41 6 845 0
118322 43 2 845 0
118323 44 12 845 0
118324 45 4 845 0
118325 49 7 845 0
118326 50 13 845 0
118327 51 13 845 0
118328 52 5 845 0
118448 11 5 846 0
118449 12 13 846 0
118450 13 8 846 0
118451 14 1 846 0
118452 18 1 846 0
118453 19 12 846 0
118454 20 1 846 0
118455 21 5 846 0
118456 22 7 846 0
118457 26 8 846 0
118458 27 6 846 0
118459 34 10 846 0
118460 35 8 846 0
118461 36 6 846 0
118462 37 7 846 0
118463 42 4 846 0
118464 43 5 846 0
118465 45 8 846 0
118466 46 2 846 0
118467 51 7 846 0
118468 52 11 846 0
118469 53 10 846 0
118588 14 6 847 0
118589 15 1 847 0
118590 18 2 847 0
118591 19 6 847 0
118592 21 4 847 0
118593 22 10 847 0
118594 25 1 847 0
118595 26 11 847 0
118596 27 3 847 0
118597 28 1 847 0
118598 29 12 847 0
118599 30 4 847 0
118600 33 7 847 0
118601 34 10 847 0
118602 35 9 847 0
118603 36 11 847 0
118604 37 11 847 0
118605 38 5 847 0
118606 43 4 847 0
118607 44 10 847 0
118608 51 8 847 0
118609 52 3 847 0
118610 59 1 847 0
118728 4 1 848 0
118729 12 8 848 0
118730 17 4 848 0
118731 18 2 848 0
118732 20 7 848 0
118733 21 4 848 0
118734 25 9 848 0
118735 26 2 848 0
118736 28 4 848 0
118737 29 9 848 0
118738 33 11 848 0
118739 34 9 848 0
118740 35 9 848 0
118741 36 10 848 0
118742 37 12 848 0
118743 38 1 848 0
118744 44 3 848 0
118745 45 13 848 0
118746 46 1 848 0
118747 52 2 848 0
118748 53 7 848 0
118868 12 5 849 0
118869 13 13 849 0
118870 14 7 849 0
118871 19 4 849 0
118872 20 14 849 0
118873 21 14 849 0
118874 22 2 849 0
118875 26 4 849 0
118876 27 13 849 0
118877 28 4 849 0
118878 29 12 849 0
118879 33 3 849 0
118880 34 14 849 0
118881 35 5 849 0
118882 36 1 849 0
118883 37 13 849 0
118884 41 8 849 0
118885 42 10 849 0
118886 43 3 849 0
118887 44 11 849 0
118888 45 7 849 0
118889 49 5 849 0
118890 50 15 849 0
118891 51 14 849 0
118892 52 5 849 0
119008 4 4 850 0
119009 12 7 850 0
119010 19 5 850 0
119011 20 2 850 0
119012 21 2 850 0
119013 26 3 850 0
119014 27 7 850 0
119015 28 3 850 0
119016 29 5 850 0
119017 34 10 850 0
119018 35 1 850 0
119019 36 9 850 0
119020 37 2 850 0
119021 38 5 850 0
119022 42 5 850 0
119023 43 10 850 0
119024 44 10 850 0
119025 45 6 850 0
119026 46 3 850 0
119027 51 1 850 0
119028 52 1 850 0
119148 11 3 851 0
119149 18 1 851 0
119150 19 11 851 0
119151 22 10 851 0
119152 25 4 851 0
119153 26 13 851 0
119154 27 4 851 0
119155 29 10 851 0
119156 30 6 851 0
119157 33 7 851 0
119158 34 5 851 0
119159 35 10 851 0
119160 36 9 851 0
119161 37 13 851 0
119162 43 4 851 0
119163 44 12 851 0
119164 45 1 851 0
119165 51 3 851 0
119166 52 7 851 0
119288 4 1 852 0
119289 12 11 852 0
119290 13 2 852 0
119291 19 4 852 0
119292 20 9 852 0
119293 27 10 852 0
119294 28 2 852 0
119295 35 13 852 0
119296 36 12 852 0
119297 37 9 852 0
119298 43 15 852 0
119299 44 10 852 0
119300 45 1 852 0
119301 51 7 852 0
119302 52 1 852 0
119428 19 11 853 0
119429 20 11 853 0
119430 21 13 853 0
119431 22 3 853 0
119432 26 1 853 0
119433 27 6 853 0
119434 28 3 853 0
119435 29 12 853 0
119436 30 1 853 0
119437 36 11 853 0
119438 37 2 853 0
119439 43 7 853 0
119440 44 5 853 0
119441 50 2 853 0
119442 51 11 853 0
119443 58 7 853 0
119444 59 3 853 0
119568 12 3 854 0
119569 18 1 854 0
119570 19 11 854 0
119571 20 12 854 0
119572 21 7 854 0
119573 26 10 854 0
119574 27 3 854 0
119575 28 3 854 0
119576 29 10 854 0
119577 34 6 854 0
119578 36 7 854 0
119579 37 3 854 0
119580 43 8 854 0
119581 44 12 854 0
119582 51 4 854 0
119583 52 9 854 0
119584 53 3 854 0
119585 60 1 854 0
119586 61 6 854 0
119708 11 3 855 0
119709 14 3 855 0
119710 15 2 855 0
119711 18 1 855 0
119712 19 11 855 0
119713 21 1 855 0
119714 22 12 855 0
119715 23 1 855 0
119716 25 3 855 0
119717 26 13 855 0
119718 27 6 855 0
119719 29 11 855 0
119720 30 5 855 0
119721 33 3 855 0
119722 34 2 855 0
119723 35 11 855 0
119724 36 12 855 0
119725 37 10 855 0
119726 43 2 855 0
119727 44 12 855 0
119728 51 9 855 0
119729 52 4 855 0
119730 59 1 855 0
119848 11 7 856 0
119849 12 6 856 0
119850 19 7 856 0
119851 20 10 856 0
119852 27 3 856 0
119853 28 10 856 0
119854 35 1 856 0
119855 36 8 856 0
119856 44 8 856 0
119857 50 2 856 0
119858 51 8 856 0
119859 52 8 856 0
119860 58 1 856 0
119861 59 2 856 0
119988 11 1 857 0
119989 12 11 857 0
119990 13 14 857 0
119991 14 5 857 0
119992 20 3 857 0
119993 21 12 857 0
119994 22 2 857 0
119995 26 1 857 0
119996 27 10 857 0
119997 28 13 857 0
119998 29 6 857 0
119999 36 5 857 0
120000 37 11 857 0
120001 40 1 857 0
120002 41 9 857 0
120003 42 3 857 0
120004 43 6 857 0
120005 44 13 857 0
120006 45 2 857 0
120007 48 1 857 0
120008 49 11 857 0
120009 50 13 857 0
120010 51 10 857 0
120011 52 1 857 0
120128 10 1 858 0
120129 11 4 858 0
120130 12 4 858 0
120131 13 7 858 0
120132 18 2 858 0
120133 19 4 858 0
120134 21 8 858 0
120135 27 6 858 0
120136 28 3 858 0
120137 29 5 858 0
120138 35 6 858 0
120139 36 6 858 0
120140 43 7 858 0
120141 44 6 858 0
120142 50 5 858 0
120143 51 7 858 0
120144 52 6 858 0
120268 12 6 859 0
120269 13 14 859 0
120270 14 14 859 0
120271 19 8 859 0
120272 20 13 859 0
120273 21 12 859 0
120274 22 9 859 0
120275 26 9 859 0
120276 27 12 859 0
120277 28 2 859 0
120278 29 13 859 0
120279 30 3 859 0
120280 33 9 859 0
120281 34 13 859 0
120282 35 1 859 0
120283 36 4 859 0
120284 37 11 859 0
120285 41 15 859 0
120286 42 5 859 0
120287 43 3 859 0
120288 44 12 859 0
120289 45 3 859 0
120290 49 7 859 0
120291 50 12 859 0
120292 51 12 859 0
120293 52 5 859 0
120408 11 1 860 0
120409 12 13 860 0
120410 13 7 860 0
120411 19 8 860 0
120412 20 8 860 0
120413 21 10 860 0
120414 22 6 860 0
120415 26 3 860 0
120416 27 10 860 0
120417 29 2 860 0
120418 30 9 860 0
120419 34 13 860 0
120420 35 3 860 0
120421 37 10 860 0
120422 38 7 860 0
120423 41 2 860 0
120424 42 14 860 0
120425 43 3 860 0
120426 44 11 860 0
120427 45 6 860 0
120428 49 1 860 0
120429 50 13 860 0
120430 51 12 860 0
120431 52 4 860 0
120548 11 1 861 0
120549 12 10 861 0
120550 13 14 861 0
120551 14 4 861 0
120552 20 6 861 0
120553 21 12 861 0
120554 22 1 861 0
120555 26 4 861 0
120556 27 10 861 0
120557 28 10 861 0
120558 29 1 861 0
120559 34 4 861 0
120560 35 3 861 0
120561 36 10 861 0
120562 37 4 861 0
120563 41 4 861 0
120564 42 2 861 0
120565 43 1 861 0
120566 44 11 861 0
120567 45 2 861 0
120568 49 4 861 0
120569 50 13 861 0
120570 51 13 861 0
120571 52 6 861 0
120688 10 4 862 0
120689 11 11 862 0
120690 12 6 862 0
120691 17 10 862 0
120692 18 8 862 0
120693 19 3 862 0
120694 20 11 862 0
120695 25 1 862 0
120696 28 10 862 0
120697 29 1 862 0
120698 35 5 862 0
120699 36 12 862 0
120700 37 5 862 0
120701 42 5 862 0
120702 43 15 862 0
120703 44 12 862 0
120704 45 13 862 0
120705 46 7 862 0
120706 50 2 862 0
120707 51 9 862 0
120708 52 2 862 0
120709 53 1 862 0
120710 54 7 862 0
120828 20 10 863 0
120829 21 2 863 0
120830 27 1 863 0
120831 28 9 863 0
120832 29 1 863 0
120833 33 5 863 0
120834 34 13 863 0
120835 35 12 863 0
120836 36 9 863 0
120837 37 3 863 0
120838 38 3 863 0
120839 39 1 863 0
120840 41 3 863 0
120841 42 4 863 0
120842 44 2 863 0
120843 45 5 863 0
120844 46 4 863 0
120968 12 3 864 0
120969 19 7 864 0
120970 20 8 864 0
120971 27 5 864 0
120972 28 8 864 0
120973 36 6 864 0
120974 43 3 864 0
120975 44 4 864 0
120976 51 6 864 0
120977 59 3 864 0
121108 12 6 865 0
121109 13 9 865 0
121110 14 1 865 0
121111 19 7 865 0
121112 20 9 865 0
121113 21 11 865 0
121114 22 6 865 0
121115 27 10 865 0
121116 28 9 865 0
121117 29 9 865 0
121118 30 4 865 0
121119 34 7 865 0
121120 35 10 865 0
121121 36 8 865 0
121122 41 2 865 0
121123 42 10 865 0
121124 43 3 865 0
121125 44 8 865 0
121126 50 12 865 0
121127 51 11 865 0
121128 52 4 865 0
121129 58 1 865 0
121130 59 3 865 0
121248 9 9 866 0
121249 10 10 866 0
121250 11 10 866 0
121251 12 6 866 0
121252 13 1 866 0
121253 17 2 866 0
121254 18 2 866 0
121255 19 4 866 0
121256 20 9 866 0
121257 21 11 866 0
121258 29 9 866 0
121259 30 2 866 0
121260 36 2 866 0
121261 37 8 866 0
121262 43 5 866 0
121263 44 8 866 0
121264 50 10 866 0
121265 51 12 866 0
121266 52 8 866 0
121267 53 6 866 0
121268 54 6 866 0
121269 58 1 866 0
121270 59 1 866 0
121271 60 1 866 0
121388 12 10 867 0
121389 13 14 867 0
121390 14 8 867 0
121391 20 1 867 0
121392 21 13 867 0
121393 22 4 867 0
121394 26 3 867 0
121395 27 9 867 0
121396 28 13 867 0
121397 29 3 867 0
121398 34 1 867 0
121399 35 2 867 0
121400 36 8 867 0
121401 37 6 867 0
121402 41 8 867 0
121403 43 3 867 0
121404 44 11 867 0
121405 45 5 867 0
121406 49 7 867 0
121407 50 14 867 0
121408 51 13 867 0
121409 52 5 867 0
121528 9 2 868 0
121529 10 2 868 0
121530 17 4 868 0
121531 18 7 868 0
121532 19 5 868 0
121533 20 5 868 0
121534 21 3 868 0
121535 25 2 868 0
121536 29 10 868 0
121537 36 5 868 0
121538 37 6 868 0
121539 44 9 868 0
121540 51 4 868 0
121541 52 5 868 0
121542 59 5 868 0
121668 12 8 869 0
121669 13 8 869 0
121670 14 2 869 0
121671 19 2 869 0
121672 20 10 869 0
121673 21 7 869 0
121674 22 5 869 0
121675 27 10 869 0
121676 28 2 869 0
121677 29 7 869 0
121678 30 6 869 0
121679 34 8 869 0
121680 35 5 869 0
121681 36 1 869 0
121682 37 11 869 0
121683 38 1 869 0
121684 41 3 869 0
121685 42 10 869 0
121686 43 1 869 0
121687 44 10 869 0
121688 45 3 869 0
121689 49 7 869 0
121690 50 9 869 0
121691 51 11 869 0
121692 52 4 869 0
121808 11 10 870 0
121809 19 10 870 0
121810 20 2 870 0
121811 27 5 870 0
121812 28 8 870 0
121813 36 11 870 0
121814 43 1 870 0
121815 44 14 870 0
121816 45 2 870 0
121817 52 12 870 0
121818 53 5 870 0
121948 12 2 871 0
121949 13 9 871 0
121950 20 8 871 0
121951 21 5 871 0
121952 27 1 871 0
121953 28 11 871 0
121954 35 8 871 0
121955 36 5 871 0
121956 42 1 871 0
121957 43 12 871 0
121958 50 9 871 0
121959 51 6 871 0
122088 10 5 872 0
122089 11 14 872 0
122090 12 3 872 0
122091 17 1 872 0
122092 18 14 872 0
122093 19 14 872 0
122094 20 13 872 0
122095 21 7 872 0
122096 25 4 872 0
122097 26 15 872 0
122098 27 1 872 0
122099 28 3 872 0
122100 29 10 872 0
122101 30 10 872 0
122102 33 3 872 0
122103 34 15 872 0
122104 35 2 872 0
122105 38 12 872 0
122106 39 2 872 0
122107 42 10 872 0
122108 43 11 872 0
122109 44 3 872 0
122110 45 2 872 0
122111 46 12 872 0
122112 47 3 872 0
122113 50 1 872 0
122114 51 8 872 0
122115 52 14 872 0
122116 53 15 872 0
122117 54 9 872 0
122118 55 1 872 0
122228 3 1 873 0
122229 4 3 873 0
122230 10 2 873 0
122231 11 12 873 0
122232 12 11 873 0
122233 13 8 873 0
122234 18 2 873 0
122235 19 2 873 0
122236 21 12 873 0
122237 22 2 873 0
122238 29 12 873 0
122239 30 2 873 0
122240 33 6 873 0
122241 34 11 873 0
122242 35 11 873 0
122243 36 10 873 0
122244 37 12 873 0
122245 38 1 873 0
122246 41 13 873 0
122247 42 2 873 0
122248 43 1 873 0
122249 44 13 873 0
122250 45 8 873 0
122251 46 6 873 0
122252 49 8 873 0
122253 50 6 873 0
122254 51 7 873 0
122255 52 5 873 0
122368 10 7 874 0
122369 11 13 874 0
122370 12 12 874 0
122371 13 6 874 0
122372 18 4 874 0
122373 19 4 874 0
122374 20 14 874 0
122375 21 13 874 0
122376 27 8 874 0
122377 28 12 874 0
122378 35 2 874 0
122379 36 10 874 0
122380 37 11 874 0
122381 38 2 874 0
122382 41 5 874 0
122383 42 10 874 0
122384 43 4 874 0
122385 44 2 874 0
122386 45 14 874 0
122387 46 7 874 0
122388 49 4 874 0
122389 50 10 874 0
122390 51 14 874 0
122391 52 13 874 0
122392 53 7 874 0
122508 10 3 875 0
122509 11 8 875 0
122510 12 10 875 0
122511 13 2 875 0
122512 17 11 875 0
122513 18 9 875 0
122514 19 5 875 0
122515 20 9 875 0
122516 21 8 875 0
122517 26 2 875 0
122518 27 9 875 0
122519 28 14 875 0
122520 29 4 875 0
122521 34 9 875 0
122522 35 7 875 0
122523 36 6 875 0
122524 37 9 875 0
122525 38 7 875 0
122526 46 13 875 0
122527 49 3 875 0
122528 50 12 875 0
122529 51 5 875 0
122530 52 2 875 0
122531 53 7 875 0
122532 54 10 875 0
122533 57 2 875 0
122534 58 4 875 0
122535 59 4 875 0
122536 60 4 875 0
122537 61 4 875 0
122538 62 1 875 0
122648 11 5 876 0
122649 12 7 876 0
122650 18 6 876 0
122651 19 5 876 0
122652 20 5 876 0
122653 27 7 876 0
122654 28 8 876 0
122655 35 2 876 0
122656 36 9 876 0
122657 43 4 876 0
122658 44 5 876 0
122659 45 2 876 0
122660 51 2 876 0
122661 52 7 876 0
122662 53 6 876 0
122663 60 3 876 0
122664 61 1 876 0
122788 13 5 877 0
122789 14 2 877 0
122790 18 3 877 0
122791 19 1 877 0
122792 21 10 877 0
122793 22 3 877 0
122794 26 11 877 0
122795 27 4 877 0
122796 28 1 877 0
122797 29 13 877 0
122798 30 1 877 0
122799 33 3 877 0
122800 34 11 877 0
122801 35 9 877 0
122802 36 11 877 0
122803 37 10 877 0
122804 44 9 877 0
122805 45 3 877 0
122806 52 10 877 0
122807 60 3 877 0
122928 10 1 878 0
122929 11 3 878 0
122930 12 3 878 0
122931 19 4 878 0
122932 20 8 878 0
122933 21 4 878 0
122934 26 1 878 0
122935 27 7 878 0
122936 28 7 878 0
122937 35 5 878 0
122938 36 6 878 0
122939 44 8 878 0
122940 51 4 878 0
122941 52 6 878 0
122942 58 3 878 0
122943 59 4 878 0
123068 19 1 879 0
123069 26 1 879 0
123070 27 10 879 0
123071 28 9 879 0
123072 29 8 879 0
123073 30 6 879 0
123074 31 2 879 0
123075 34 2 879 0
123076 35 5 879 0
123077 36 7 879 0
123078 41 2 879 0
123079 42 11 879 0
123080 43 9 879 0
123081 44 6 879 0
123208 17 2 880 0
123209 18 7 880 0
123210 19 10 880 0
123211 20 13 880 0
123212 21 12 880 0
123213 22 3 880 0
123214 25 1 880 0
123215 26 3 880 0
123216 27 2 880 0
123217 28 5 880 0
123218 29 12 880 0
123219 30 1 880 0
123220 35 1 880 0
123221 36 12 880 0
123222 37 2 880 0
123223 43 8 880 0
123224 44 5 880 0
123225 50 2 880 0
123226 51 12 880 0
123227 58 3 880 0
123228 59 6 880 0
123348 4 4 881 0
123349 5 1 881 0
123350 12 11 881 0
123351 19 7 881 0
123352 20 4 881 0
123353 26 1 881 0
123354 27 11 881 0
123355 28 6 881 0
123356 29 11 881 0
123357 30 2 881 0
123358 34 7 881 0
123359 35 10 881 0
123360 36 12 881 0
123361 37 11 881 0
123362 38 2 881 0
123363 42 10 881 0
123364 43 15 881 0
123365 44 9 881 0
123366 45 1 881 0
123367 50 1 881 0
123368 51 4 881 0
123488 10 2 882 0
123489 11 5 882 0
123490 18 7 882 0
123491 19 4 882 0
123492 21 6 882 0
123493 22 5 882 0
123494 26 12 882 0
123495 27 1 882 0
123496 29 7 882 0
123497 30 5 882 0
123498 33 5 882 0
123499 34 13 882 0
123500 35 8 882 0
123501 36 7 882 0
123502 37 12 882 0
123503 38 2 882 0
123504 41 3 882 0
123505 42 3 882 0
123506 45 12 882 0
123507 46 1 882 0
123508 53 11 882 0
123509 54 1 882 0
123510 61 2 882 0
123628 18 3 883 0
123629 19 8 883 0
123630 20 12 883 0
123631 21 14 883 0
123632 22 3 883 0
123633 25 12 883 0
123634 26 12 883 0
123635 27 8 883 0
123636 28 4 883 0
123637 29 13 883 0
123638 30 4 883 0
123639 36 6 883 0
123640 37 10 883 0
123641 44 13 883 0
123642 45 1 883 0
123643 51 7 883 0
123644 52 7 883 0
123645 59 9 883 0
123646 60 1 883 0
123768 11 5 884 0
123769 12 8 884 0
123770 19 1 884 0
123771 20 8 884 0
123772 21 2 884 0
123773 28 9 884 0
123774 35 5 884 0
123775 36 12 884 0
123776 37 2 884 0
123777 43 9 884 0
123778 44 3 884 0
123779 51 10 884 0
123780 59 2 884 0
123908 11 1 885 0
123909 12 8 885 0
123910 13 9 885 0
123911 14 2 885 0
123912 19 10 885 0
123913 20 11 885 0
123914 21 15 885 0
123915 22 8 885 0
123916 27 13 885 0
123917 28 11 885 0
123918 29 8 885 0
123919 30 2 885 0
123920 34 1 885 0
123921 35 14 885 0
123922 36 7 885 0
123923 42 8 885 0
123924 43 13 885 0
123925 44 5 885 0
123926 50 14 885 0
123927 51 14 885 0
123928 52 2 885 0
123929 58 2 885 0
123930 59 1 885 0
124048 9 1 886 0
124049 10 8 886 0
124050 11 13 886 0
124051 12 12 886 0
124052 13 7 886 0
124053 17 3 886 0
124054 18 14 886 0
124055 19 6 886 0
124056 21 1 886 0
124057 26 5 886 0
124058 27 9 886 0
124059 28 3 886 0
124060 35 1 886 0
124061 36 7 886 0
124062 37 9 886 0
124063 38 2 886 0
124064 41 4 886 0
124065 42 9 886 0
124066 43 5 886 0
124067 44 1 886 0
124068 45 1 886 0
124069 46 11 886 0
124070 47 1 886 0
124071 50 2 886 0
124072 51 8 886 0
124073 52 12 886 0
124074 53 13 886 0
124075 54 12 886 0
124076 55 1 886 0
124188 12 2 887 0
124189 13 3 887 0
124190 18 2 887 0
124191 19 11 887 0
124192 20 12 887 0
124193 21 14 887 0
124194 22 6 887 0
124195 25 3 887 0
124196 26 11 887 0
124197 27 2 887 0
124198 28 5 887 0
124199 29 13 887 0
124200 30 4 887 0
124201 33 6 887 0
124202 34 11 887 0
124203 35 9 887 0
124204 36 14 887 0
124205 37 3 887 0
124206 43 3 887 0
124207 44 10 887 0
124208 51 10 887 0
124209 52 3 887 0
124210 59 6 887 0
124328 18 6 888 0
124329 19 12 888 0
124330 20 12 888 0
124331 21 5 888 0
124332 26 3 888 0
124333 27 6 888 0
124334 28 8 888 0
124335 29 2 888 0
124336 36 10 888 0
124337 43 3 888 0
124338 44 7 888 0
124339 51 6 888 0
124340 52 4 888 0
124341 59 5 888 0
124342 60 1 888 0
124468 12 2 889 0
124469 13 12 889 0
124470 14 10 889 0
124471 19 3 889 0
124472 20 11 889 0
124473 21 3 889 0
124474 22 14 889 0
124475 26 5 889 0
124476 27 8 889 0
124477 28 1 889 0
124478 29 5 889 0
124479 30 8 889 0
124480 33 4 889 0
124481 34 9 889 0
124482 36 6 889 0
124483 37 7 889 0
124484 41 12 889 0
124485 42 3 889 0
124486 43 10 889 0
124487 44 5 889 0
124488 49 12 889 0
124489 50 11 889 0
124490 51 3 889 0
124608 11 4 890 0
124609 12 10 890 0
124610 18 4 890 0
124611 19 12 890 0
124612 20 13 890 0
124613 21 1 890 0
124614 26 1 890 0
124615 27 6 890 0
124616 28 14 890 0
124617 29 6 890 0
124618 35 6 890 0
124619 36 4 890 0
124620 37 14 890 0
124621 38 1 890 0
124622 42 5 890 0
124623 43 2 890 0
124624 44 9 890 0
124625 45 9 890 0
124626 50 5 890 0
124627 51 14 890 0
124628 52 12 890 0
124629 53 1 890 0
124630 59 3 890 0
124748 12 3 891 0
124749 13 10 891 0
124750 20 8 891 0
124751 21 6 891 0
124752 27 1 891 0
124753 28 12 891 0
124754 29 1 891 0
124755 35 7 891 0
124756 36 5 891 0
124757 42 2 891 0
124758 43 11 891 0
124759 50 9 891 0
124760 51 4 891 0
124888 4 2 892 0
124889 11 1 892 0
124890 12 6 892 0
124891 19 1 892 0
124892 20 5 892 0
124893 27 3 892 0
124894 28 7 892 0
124895 29 3 892 0
124896 35 8 892 0
124897 36 7 892 0
124898 37 6 892 0
124899 42 4 892 0
124900 43 5 892 0
124901 44 5 892 0
124902 50 6 892 0
125028 11 1 893 0
125029 12 7 893 0
125030 13 10 893 0
125031 14 6 893 0
125032 18 4 893 0
125033 19 13 893 0
125034 20 7 893 0
125035 21 7 893 0
125036 22 14 893 0
125037 26 1 893 0
125038 27 1 893 0
125039 29 9 893 0
125040 30 7 893 0
125041 33 1 893 0
125042 34 7 893 0
125043 35 12 893 0
125044 36 12 893 0
125045 37 13 893 0
125046 38 4 893 0
125047 41 9 893 0
125048 42 9 893 0
125049 43 6 893 0
125050 44 10 893 0
125051 49 14 893 0
125052 50 9 893 0
125053 51 11 893 0
125054 52 1 893 0
125055 57 2 893 0
125056 58 4 893 0
125057 59 1 893 0
125168 11 2 894 0
125169 12 1 894 0
125170 18 2 894 0
125171 19 10 894 0
125172 20 9 894 0
125173 21 2 894 0
125174 26 4 894 0
125175 27 9 894 0
125176 28 12 894 0
125177 29 3 894 0
125178 30 2 894 0
125179 34 5 894 0
125180 35 15 894 0
125181 36 14 894 0
125182 37 9 894 0
125183 38 5 894 0
125184 43 9 894 0
125185 44 5 894 0
125186 51 11 894 0
125187 52 1 894 0
125188 59 5 894 0
125308 11 3 895 0
125309 12 7 895 0
125310 13 10 895 0
125311 14 6 895 0
125312 18 8 895 0
125313 19 11 895 0
125314 20 9 895 0
125315 21 14 895 0
125316 22 4 895 0
125317 26 5 895 0
125318 27 9 895 0
125319 28 14 895 0
125320 29 7 895 0
125321 33 1 895 0
125322 34 8 895 0
125323 35 7 895 0
125324 36 5 895 0
125325 37 10 895 0
125326 38 10 895 0
125327 41 1 895 0
125328 42 2 895 0
125329 44 3 895 0
125330 45 13 895 0
125331 46 4 895 0
125332 49 10 895 0
125333 50 15 895 0
125334 51 13 895 0
125335 52 13 895 0
125336 53 3 895 0
125337 57 1 895 0
125338 58 2 895 0
125339 59 3 895 0
125340 60 1 895 0
125448 11 2 896 0
125449 12 4 896 0
125450 18 2 896 0
125451 19 13 896 0
125452 20 4 896 0
125453 22 8 896 0
125454 23 5 896 0
125455 26 12 896 0
125456 27 8 896 0
125457 28 3 896 0
125458 29 10 896 0
125459 30 11 896 0
125460 31 1 896 0
125461 34 9 896 0
125462 35 15 896 0
125463 36 15 896 0
125464 37 7 896 0
125465 43 8 896 0
125466 44 9 896 0
125467 50 2 896 0
125468 51 13 896 0
125469 52 1 896 0
125470 59 1 896 0
125588 14 4 897 0
125589 15 2 897 0
125590 19 2 897 0
125591 21 2 897 0
125592 22 11 897 0
125593 23 1 897 0
125594 26 3 897 0
125595 27 7 897 0
125596 29 10 897 0
125597 30 2 897 0
125598 33 4 897 0
125599 34 13 897 0
125600 35 10 897 0
125601 36 9 897 0
125602 37 7 897 0
125603 41 3 897 0
125604 42 1 897 0
125605 44 9 897 0
125606 51 1 897 0
125607 52 4 897 0
125728 17 1 898 0
125729 18 7 898 0
125730 19 10 898 0
125731 20 11 898 0
125732 21 8 898 0
125733 25 1 898 0
125734 26 3 898 0
125735 28 7 898 0
125736 29 3 898 0
125737 34 3 898 0
125738 35 7 898 0
125739 36 12 898 0
125740 37 7 898 0
125741 38 1 898 0
125742 42 2 898 0
125743 43 1 898 0
125744 44 7 898 0
125745 51 4 898 0
125746 52 3 898 0
125747 59 5 898 0
125748 60 1 898 0
125868 20 9 899 0
125869 21 10 899 0
125870 22 8 899 0
125871 23 2 899 0
125872 27 8 899 0
125873 28 5 899 0
125874 33 1 899 0
125875 34 6 899 0
125876 35 8 899 0
125877 36 10 899 0
125878 37 1 899 0
125879 41 2 899 0
125880 42 9 899 0
125881 43 10 899 0
125882 44 3 899 0
126008 12 4 900 0
126009 19 5 900 0
126010 20 6 900 0
126011 26 1 900 0
126012 27 5 900 0
126013 28 7 900 0
126014 35 5 900 0
126015 36 7 900 0
126016 44 5 900 0
126017 51 1 900 0
126018 52 4 900 0
126019 59 1 900 0
126020 60 1 900 0
126148 4 1 901 0
126149 5 4 901 0
126150 12 9 901 0
126151 13 2 901 0
126152 19 4 901 0
126153 20 7 901 0
126154 26 1 901 0
126155 27 10 901 0
126156 28 1 901 0
126157 29 7 901 0
126158 30 4 901 0
126159 34 8 901 0
126160 35 5 901 0
126161 36 10 901 0
126162 37 7 901 0
126163 38 3 901 0
126164 42 13 901 0
126165 43 12 901 0
126166 44 12 901 0
126167 45 3 901 0
126168 50 2 901 0
126169 51 4 901 0
126288 11 1 902 0
126289 12 9 902 0
126290 13 8 902 0
126291 18 1 902 0
126292 19 11 902 0
126293 20 1 902 0
126294 21 8 902 0
126295 22 2 902 0
126296 26 10 902 0
126297 27 3 902 0
126298 29 9 902 0
126299 30 3 902 0
126300 33 4 902 0
126301 34 8 902 0
126302 37 12 902 0
126303 38 1 902 0
126304 41 5 902 0
126305 42 8 902 0
126306 44 9 902 0
126307 45 7 902 0
126308 50 7 902 0
126309 51 8 902 0
126310 52 9 902 0
126311 53 1 902 0
126312 60 1 902 0
126428 12 3 903 0
126429 13 12 903 0
126430 14 11 903 0
126431 19 3 903 0
126432 20 10 903 0
126433 21 3 903 0
126434 22 11 903 0
126435 26 1 903 0
126436 27 10 903 0
126437 28 1 903 0
126438 29 10 903 0
126439 30 4 903 0
126440 33 1 903 0
126441 34 11 903 0
126442 35 3 903 0
126443 36 8 903 0
126444 37 4 903 0
126445 41 10 903 0
126446 42 5 903 0
126447 43 10 903 0
126448 44 4 903 0
126449 49 10 903 0
126450 50 12 903 0
126451 51 4 903 0
126568 17 3 904 0
126569 18 5 904 0
126570 19 12 904 0
126571 20 14 904 0
126572 21 5 904 0
126573 24 1 904 0
126574 25 10 904 0
126575 26 4 904 0
126576 27 3 904 0
126577 28 5 904 0
126578 29 9 904 0
126579 36 7 904 0
126580 37 6 904 0
126581 44 11 904 0
126582 45 1 904 0
126583 51 2 904 0
126584 52 11 904 0
126585 59 1 904 0
126586 60 8 904 0
126708 13 13 905 0
126709 14 1 905 0
126710 20 5 905 0
126711 21 11 905 0
126712 28 11 905 0
126713 29 2 905 0
126714 35 6 905 0
126715 36 8 905 0
126716 42 2 905 0
126717 43 12 905 0
126718 49 1 905 0
126719 50 13 905 0
126720 51 5 905 0
126848 10 4 906 0
126849 11 5 906 0
126850 12 2 906 0
126851 13 2 906 0
126852 18 12 906 0
126853 19 1 906 0
126854 20 9 906 0
126855 21 2 906 0
126856 25 2 906 0
126857 26 10 906 0
126858 28 9 906 0
126859 34 12 906 0
126860 35 5 906 0
126861 36 11 906 0
126862 37 8 906 0
126863 38 5 906 0
126864 42 1 906 0
126865 43 5 906 0
126866 44 9 906 0
126867 52 7 906 0
126868 53 2 906 0
126869 60 1 906 0
126870 61 1 906 0
126988 5 1 907 0
126989 11 4 907 0
126990 12 13 907 0
126991 13 15 907 0
126992 14 6 907 0
126993 19 7 907 0
126994 20 4 907 0
126995 21 7 907 0
126996 22 11 907 0
126997 27 1 907 0
126998 28 4 907 0
126999 29 12 907 0
127000 30 6 907 0
127001 33 2 907 0
127002 34 11 907 0
127003 35 11 907 0
127004 36 14 907 0
127005 37 13 907 0
127006 38 8 907 0
127007 41 13 907 0
127008 42 10 907 0
127009 43 10 907 0
127010 44 10 907 0
127011 49 8 907 0
127012 50 8 907 0
127013 51 7 907 0
127128 17 2 908 0
127129 18 3 908 0
127130 19 5 908 0
127131 20 3 908 0
127132 21 1 908 0
127133 25 10 908 0
127134 26 10 908 0
127135 27 8 908 0
127136 28 9 908 0
127137 29 13 908 0
127138 30 1 908 0
127139 36 1 908 0
127140 37 9 908 0
127141 44 6 908 0
127142 45 3 908 0
127143 52 9 908 0
127144 60 8 908 0
127268 10 1 909 0
127269 11 6 909 0
127270 12 11 909 0
127271 13 13 909 0
127272 14 5 909 0
127273 18 5 909 0
127274 19 8 909 0
127275 20 4 909 0
127276 21 13 909 0
127277 22 7 909 0
127278 26 2 909 0
127279 27 8 909 0
127280 28 13 909 0
127281 29 12 909 0
127282 34 3 909 0
127283 35 6 909 0
127284 36 2 909 0
127285 37 12 909 0
127286 38 3 909 0
127287 41 7 909 0
127288 42 5 909 0
127289 44 6 909 0
127290 45 11 909 0
127291 48 2 909 0
127292 49 13 909 0
127293 50 13 909 0
127294 51 12 909 0
127295 52 8 909 0
127296 53 1 909 0
127408 4 3 910 0
127409 11 7 910 0
127410 12 9 910 0
127411 13 3 910 0
127412 18 4 910 0
127413 19 6 910 0
127414 20 1 910 0
127415 26 11 910 0
127416 33 1 910 0
127417 34 10 910 0
127418 36 5 910 0
127419 37 7 910 0
127420 38 6 910 0
127421 42 9 910 0
127422 43 4 910 0
127423 44 4 910 0
127424 45 9 910 0
127425 46 10 910 0
127426 47 1 910 0
127427 51 7 910 0
127428 52 8 910 0
127429 53 5 910 0
127548 18 2 911 0
127549 19 8 911 0
127550 20 13 911 0
127551 21 15 911 0
127552 22 5 911 0
127553 26 7 911 0
127554 27 6 911 0
127555 28 4 911 0
127556 29 12 911 0
127557 30 2 911 0
127558 36 10 911 0
127559 37 5 911 0
127560 43 10 911 0
127561 44 6 911 0
127562 50 9 911 0
127563 51 10 911 0
127564 57 4 911 0
127565 58 8 911 0
127688 11 1 912 0
127689 12 7 912 0
127690 13 10 912 0
127691 14 8 912 0
127692 15 2 912 0
127693 19 9 912 0
127694 20 5 912 0
127695 21 1 912 0
127696 26 5 912 0
127697 27 6 912 0
127698 35 5 912 0
127699 36 7 912 0
127700 44 7 912 0
127701 45 2 912 0
127702 50 3 912 0
127703 51 8 912 0
127704 52 9 912 0
127705 59 3 912 0
127828 12 2 913 0
127829 13 4 913 0
127830 14 1 913 0
127831 19 6 913 0
127832 20 12 913 0
127833 21 12 913 0
127834 22 14 913 0
127835 23 2 913 0
127836 26 2 913 0
127837 27 10 913 0
127838 28 8 913 0
127839 29 12 913 0
127840 30 6 913 0
127841 34 3 913 0
127842 35 15 913 0
127843 36 6 913 0
127844 41 3 913 0
127845 42 14 913 0
127846 43 12 913 0
127847 44 2 913 0
127848 49 7 913 0
127849 50 14 913 0
127850 51 8 913 0
127968 13 7 914 0
127969 14 1 914 0
127970 18 7 914 0
127971 19 3 914 0
127972 21 12 914 0
127973 25 1 914 0
127974 26 12 914 0
127975 28 2 914 0
127976 29 13 914 0
127977 33 2 914 0
127978 34 12 914 0
127979 35 10 914 0
127980 36 10 914 0
127981 37 9 914 0
127982 42 1 914 0
127983 44 7 914 0
127984 45 5 914 0
127985 52 7 914 0
127986 53 4 914 0
127987 60 1 914 0
128108 20 4 915 0
128109 21 4 915 0
128110 22 7 915 0
128111 23 2 915 0
128112 27 5 915 0
128113 28 8 915 0
128114 29 4 915 0
128115 30 2 915 0
128116 31 1 915 0
128117 34 1 915 0
128118 35 7 915 0
128119 36 9 915 0
128120 41 2 915 0
128121 42 7 915 0
128122 43 7 915 0
128123 44 6 915 0
128124 49 1 915 0
128125 50 3 915 0
128126 51 3 915 0
128248 10 2 916 0
128249 11 6 916 0
128250 12 11 916 0
128251 18 6 916 0
128252 19 14 916 0
128253 20 2 916 0
128254 27 14 916 0
128255 28 6 916 0
128256 29 8 916 0
128257 30 1 916 0
128258 35 12 916 0
128259 36 9 916 0
128260 37 15 916 0
128261 38 4 916 0
128262 42 5 916 0
128263 43 10 916 0
128264 44 6 916 0
128265 45 15 916 0
128266 46 2 916 0
128267 51 8 916 0
128268 52 15 916 0
128269 53 7 916 0
128388 12 6 917 0
128389 13 12 917 0
128390 14 3 917 0
128391 19 1 917 0
128392 20 9 917 0
128393 21 8 917 0
128394 22 8 917 0
128395 27 2 917 0
128396 28 3 917 0
128397 29 11 917 0
128398 30 3 917 0
128399 32 1 917 0
128400 33 10 917 0
128401 34 12 917 0
128402 35 10 917 0
128403 36 14 917 0
128404 37 12 917 0
128405 38 2 917 0
128406 40 1 917 0
128407 41 12 917 0
128408 42 11 917 0
128409 43 11 917 0
128410 44 3 917 0
128411 45 3 917 0
128412 46 2 917 0
128413 50 3 917 0
128414 51 2 917 0
128528 11 3 918 0
128529 18 1 918 0
128530 19 10 918 0
128531 20 13 918 0
128532 21 6 918 0
128533 28 11 918 0
128534 29 6 918 0
128535 35 12 918 0
128536 36 12 918 0
128537 37 8 918 0
128538 43 12 918 0
128539 50 5 918 0
128540 51 8 918 0
128541 58 3 918 0
128542 59 3 918 0
128668 12 1 919 0
128669 13 12 919 0
128670 20 7 919 0
128671 21 7 919 0
128672 27 2 919 0
128673 28 11 919 0
128674 35 9 919 0
128675 36 4 919 0
128676 42 3 919 0
128677 43 11 919 0
128678 50 12 919 0
128679 51 5 919 0
128808 11 1 920 0
128809 12 11 920 0
128810 19 3 920 0
128811 20 11 920 0
128812 27 6 920 0
128813 28 11 920 0
128814 35 9 920 0
128815 36 8 920 0
128816 43 12 920 0
128817 44 4 920 0
128818 51 13 920 0
128819 52 3 920 0
128948 19 2 921 0
128949 20 4 921 0
128950 21 5 921 0
128951 22 7 921 0
128952 23 6 921 0
128953 27 9 921 0
128954 28 6 921 0
128955 29 5 921 0
128956 30 3 921 0
128957 34 7 921 0
128958 35 8 921 0
128959 36 10 921 0
128960 37 1 921 0
128961 42 9 921 0
128962 43 9 921 0
128963 44 8 921 0
128964 50 3 921 0
128965 51 4 921 0
129088 4 2 922 0
129089 12 5 922 0
129090 19 1 922 0
129091 20 4 922 0
129092 27 5 922 0
129093 28 1 922 0
129094 35 7 922 0
129095 36 8 922 0
129096 37 1 922 0
129097 43 6 922 0
129098 44 7 922 0
129099 51 3 922 0
129100 52 2 922 0
129228 12 8 923 0
129229 13 7 923 0
129230 14 1 923 0
129231 19 9 923 0
129232 20 6 923 0
129233 21 9 923 0
129234 22 9 923 0
129235 27 10 923 0
129236 28 6 923 0
129237 29 11 923 0
129238 30 7 923 0
129239 35 12 923 0
129240 36 9 923 0
129241 42 8 923 0
129242 43 8 923 0
129243 44 8 923 0
129244 50 12 923 0
129245 51 12 923 0
129246 52 3 923 0
129247 58 2 923 0
129248 59 2 923 0
129368 9 2 924 0
129369 10 8 924 0
129370 11 8 924 0
129371 12 8 924 0
129372 13 5 924 0
129373 17 8 924 0
129374 18 6 924 0
129375 19 5 924 0
129376 20 5 924 0
129377 21 1 924 0
129378 25 10 924 0
129379 26 8 924 0
129380 27 7 924 0
129381 28 6 924 0
129382 29 3 924 0
129383 36 3 924 0
129384 37 9 924 0
129385 38 7 924 0
129386 42 5 924 0
129387 45 1 924 0
129388 46 12 924 0
129389 50 5 924 0
129390 51 11 924 0
129391 52 9 924 0
129392 53 12 924 0
129393 54 4 924 0
129394 60 3 924 0
129508 11 2 925 0
129509 12 9 925 0
129510 13 8 925 0
129511 14 1 925 0
129512 19 11 925 0
129513 20 4 925 0
129514 21 11 925 0
129515 22 14 925 0
129516 23 1 925 0
129517 26 4 925 0
129518 27 9 925 0
129519 28 8 925 0
129520 29 10 925 0
129521 30 2 925 0
129522 35 13 925 0
129523 36 9 925 0
129524 42 6 925 0
129525 43 9 925 0
129526 44 10 925 0
129527 50 13 925 0
129528 51 11 925 0
129529 52 5 925 0
129530 58 3 925 0
129531 59 4 925 0
129648 12 2 926 0
129649 13 8 926 0
129650 18 6 926 0
129651 19 2 926 0
129652 20 1 926 0
129653 21 11 926 0
129654 25 1 926 0
129655 26 11 926 0
129656 27 2 926 0
129657 28 3 926 0
129658 29 12 926 0
129659 30 3 926 0
129660 33 9 926 0
129661 34 13 926 0
129662 35 9 926 0
129663 36 8 926 0
129664 37 13 926 0
129665 38 2 926 0
129666 44 1 926 0
129667 45 14 926 0
129668 52 1 926 0
129669 53 13 926 0
129788 12 5 927 0
129789 13 13 927 0
129790 14 5 927 0
129791 19 3 927 0
129792 20 11 927 0
129793 21 11 927 0
129794 22 5 927 0
129795 26 2 927 0
129796 27 11 927 0
129797 28 1 927 0
129798 29 13 927 0
129799 30 4 927 0
129800 34 11 927 0
129801 35 3 927 0
129802 36 1 927 0
129803 37 15 927 0
129804 38 2 927 0
129805 41 5 927 0
129806 42 10 927 0
129807 43 2 927 0
129808 44 10 927 0
129809 45 7 927 0
129810 49 4 927 0
129811 50 14 927 0
129812 51 13 927 0
129813 52 6 927 0
129928 18 8 928 0
129929 19 10 928 0
129930 20 10 928 0
129931 21 11 928 0
129932 22 2 928 0
129933 26 3 928 0
129934 29 10 928 0
129935 30 4 928 0
129936 36 8 928 0
129937 37 3 928 0
129938 43 4 928 0
129939 44 7 928 0
129940 51 9 928 0
129941 58 1 928 0
129942 59 8 928 0
130068 12 3 929 0
130069 13 4 929 0
130070 18 1 929 0
130071 19 9 929 0
130072 20 7 929 0
130073 21 8 929 0
130074 22 6 929 0
130075 25 1 929 0
130076 26 9 929 0
130077 27 2 929 0
130078 28 2 929 0
130079 29 11 929 0
130080 30 3 929 0
130081 33 8 929 0
130082 34 6 929 0
130083 35 6 929 0
130084 36 11 929 0
130085 37 2 929 0
130086 41 2 929 0
130087 42 5 929 0
130088 43 2 929 0
130089 44 8 929 0
130090 51 6 929 0
130091 52 3 929 0
130092 59 5 929 0
130208 11 1 930 0
130209 12 4 930 0
130210 13 1 930 0
130211 18 3 930 0
130212 19 14 930 0
130213 20 6 930 0
130214 21 10 930 0
130215 22 2 930 0
130216 26 9 930 0
130217 27 7 930 0
130218 28 1 930 0
130219 29 11 930 0
130220 30 5 930 0
130221 34 5 930 0
130222 35 8 930 0
130223 36 11 930 0
130224 37 13 930 0
130225 38 1 930 0
130226 43 2 930 0
130227 44 13 930 0
130228 45 3 930 0
130229 51 11 930 0
130230 52 4 930 0
130231 59 5 930 0
130348 12 1 931 0
130349 13 6 931 0
130350 14 6 931 0
130351 19 7 931 0
130352 20 10 931 0
130353 21 5 931 0
130354 22 13 931 0
130355 27 3 931 0
130356 29 9 931 0
130357 30 5 931 0
130358 33 5 931 0
130359 34 9 931 0
130360 35 9 931 0
130361 36 14 931 0
130362 37 8 931 0
130363 38 1 931 0
130364 41 12 931 0
130365 42 4 931 0
130366 43 11 931 0
130367 44 1 931 0
130368 45 4 931 0
130369 49 6 931 0
130370 50 8 931 0
130371 51 1 931 0
130488 18 1 932 0
130489 19 9 932 0
130490 20 7 932 0
130491 26 11 932 0
130492 27 2 932 0
130493 28 11 932 0
130494 29 2 932 0
130495 33 1 932 0
130496 34 11 932 0
130497 35 7 932 0
130498 36 7 932 0
130499 37 4 932 0
130500 44 4 932 0
130501 45 5 932 0
130502 52 3 932 0
130503 53 6 932 0
130504 60 2 932 0
130505 61 3 932 0
130628 21 3 933 0
130629 22 2 933 0
130630 24 4 933 0
130631 25 2 933 0
130632 26 3 933 0
130633 27 10 933 0
130634 28 7 933 0
130635 29 13 933 0
130636 30 2 933 0
130637 34 2 933 0
130638 35 1 933 0
130639 36 7 933 0
130640 37 3 933 0
130641 40 1 933 0
130642 43 4 933 0
130643 44 4 933 0
130644 51 7 933 0
130768 9 1 934 0
130769 10 4 934 0
130770 11 3 934 0
130771 12 1 934 0
130772 17 10 934 0
130773 18 11 934 0
130774 19 11 934 0
130775 20 13 934 0
130776 21 7 934 0
130777 28 1 934 0
130778 29 13 934 0
130779 30 7 934 0
130780 36 3 934 0
130781 37 14 934 0
130782 38 4 934 0
130783 43 3 934 0
130784 44 13 934 0
130785 45 3 934 0
130786 51 10 934 0
130787 52 2 934 0
130788 59 6 934 0
130789 60 1 934 0
130908 20 3 935 0
130909 21 9 935 0
130910 22 7 935 0
130911 23 1 935 0
130912 27 5 935 0
130913 28 10 935 0
130914 29 8 935 0
130915 30 5 935 0
130916 34 3 935 0
130917 35 11 935 0
130918 36 4 935 0
130919 41 6 935 0
130920 42 13 935 0
130921 43 8 935 0
130922 49 2 935 0
130923 50 3 935 0
130924 51 1 935 0
131048 12 3 936 0
131049 18 8 936 0
131050 19 9 936 0
131051 20 12 936 0
131052 28 11 936 0
131053 36 10 936 0
131054 43 1 936 0
131055 44 10 936 0
131056 51 1 936 0
131057 52 10 936 0
131058 60 4 936 0
131188 14 1 937 0
131189 15 1 937 0
131190 19 2 937 0
131191 22 9 937 0
131192 23 1 937 0
131193 26 4 937 0
131194 27 7 937 0
131195 28 1 937 0
131196 29 9 937 0
131197 30 3 937 0
131198 33 6 937 0
131199 34 8 937 0
131200 35 7 937 0
131201 36 11 937 0
131202 37 5 937 0
131203 43 6 937 0
131204 44 3 937 0
131205 50 1 937 0
131206 51 9 937 0
131328 10 1 938 0
131329 11 10 938 0
131330 12 11 938 0
131331 13 7 938 0
131332 18 1 938 0
131333 19 1 938 0
131334 20 3 938 0
131335 21 8 938 0
131336 27 1 938 0
131337 28 9 938 0
131338 29 1 938 0
131339 35 8 938 0
131340 36 2 938 0
131341 42 1 938 0
131342 43 9 938 0
131343 44 3 938 0
131344 45 8 938 0
131345 46 2 938 0
131346 50 1 938 0
131347 51 12 938 0
131348 52 8 938 0
131349 53 1 938 0
131468 5 1 939 0
131469 6 1 939 0
131470 12 1 939 0
131471 13 7 939 0
131472 14 2 939 0
131473 20 6 939 0
131474 27 4 939 0
131475 28 5 939 0
131476 29 6 939 0
131477 34 2 939 0
131478 35 7 939 0
131479 36 8 939 0
131480 37 5 939 0
131481 42 8 939 0
131482 43 11 939 0
131483 44 4 939 0
131484 50 4 939 0
131485 51 4 939 0
131608 11 1 940 0
131609 12 3 940 0
131610 18 1 940 0
131611 19 9 940 0
131612 20 9 940 0
131613 21 5 940 0
131614 26 9 940 0
131615 27 3 940 0
131616 28 2 940 0
131617 29 9 940 0
131618 34 10 940 0
131619 35 5 940 0
131620 36 11 940 0
131621 37 6 940 0
131622 42 1 940 0
131623 43 6 940 0
131624 44 7 940 0
131625 45 6 940 0
131626 52 5 940 0
131627 53 7 940 0
131628 60 1 940 0
131629 61 3 940 0
131748 13 8 941 0
131749 20 5 941 0
131750 21 4 941 0
131751 28 8 941 0
131752 35 5 941 0
131753 36 3 941 0
131754 43 8 941 0
131755 50 8 941 0
131756 51 2 941 0
131888 17 1 942 0
131889 18 5 942 0
131890 19 8 942 0
131891 20 10 942 0
131892 21 8 942 0
131893 22 3 942 0
131894 25 11 942 0
131895 26 12 942 0
131896 27 12 942 0
131897 28 11 942 0
131898 29 15 942 0
131899 30 10 942 0
131900 36 4 942 0
131901 37 13 942 0
131902 38 3 942 0
131903 43 3 942 0
131904 44 13 942 0
131905 45 2 942 0
131906 50 2 942 0
131907 51 13 942 0
131908 52 4 942 0
131909 58 9 942 0
131910 59 5 942 0
132028 5 2 943 0
132029 12 4 943 0
132030 13 10 943 0
132031 19 1 943 0
132032 20 11 943 0
132033 21 11 943 0
132034 27 9 943 0
132035 28 3 943 0
132036 29 11 943 0
132037 34 7 943 0
132038 35 4 943 0
132039 36 8 943 0
132040 37 4 943 0
132041 41 4 943 0
132042 42 11 943 0
132043 43 11 943 0
132044 44 5 943 0
132045 49 4 943 0
132046 50 9 943 0
132047 51 2 943 0
132168 4 7 944 0
132169 5 2 944 0
132170 11 6 944 0
132171 12 8 944 0
132172 18 5 944 0
132173 19 11 944 0
132174 25 3 944 0
132175 26 14 944 0
132176 27 5 944 0
132177 28 7 944 0
132178 29 8 944 0
132179 30 4 944 0
132180 33 5 944 0
132181 34 15 944 0
132182 35 15 944 0
132183 36 14 944 0
132184 37 15 944 0
132185 38 12 944 0
132186 42 5 944 0
132187 43 13 944 0
132188 44 15 944 0
132189 45 12 944 0
132190 46 3 944 0
132308 13 3 945 0
132309 14 3 945 0
132310 19 5 945 0
132311 21 10 945 0
132312 22 1 945 0
132313 26 1 945 0
132314 27 8 945 0
132315 28 4 945 0
132316 29 6 945 0
132317 34 8 945 0
132318 35 8 945 0
132319 36 11 945 0
132320 37 1 945 0
132321 43 3 945 0
132322 44 5 945 0
132323 51 7 945 0
132324 59 1 945 0
132448 11 3 946 0
132449 12 8 946 0
132450 13 9 946 0
132451 14 1 946 0
132452 18 6 946 0
132453 19 13 946 0
132454 20 8 946 0
132455 21 14 946 0
132456 22 7 946 0
132457 26 5 946 0
132458 27 1 946 0
132459 28 9 946 0
132460 29 10 946 0
132461 30 1 946 0
132462 35 7 946 0
132463 36 10 946 0
132464 42 8 946 0
132465 43 15 946 0
132466 44 7 946 0
132467 45 8 946 0
132468 50 15 946 0
132469 51 14 946 0
132470 52 10 946 0
132471 53 2 946 0
132472 58 3 946 0
132588 19 2 947 0
132589 20 1 947 0
132590 21 2 947 0
132591 22 4 947 0
132592 23 2 947 0
132593 26 1 947 0
132594 27 9 947 0
132595 28 6 947 0
132596 29 4 947 0
132597 30 2 947 0
132598 34 3 947 0
132599 35 5 947 0
132600 36 5 947 0
132601 41 1 947 0
132602 42 8 947 0
132603 43 9 947 0
132604 44 3 947 0
132728 11 2 948 0
132729 12 1 948 0
132730 13 2 948 0
132731 19 11 948 0
132732 20 15 948 0
132733 21 14 948 0
132734 28 11 948 0
132735 29 5 948 0
132736 34 1 948 0
132737 35 11 948 0
132738 36 13 948 0
132739 37 8 948 0
132740 43 12 948 0
132741 44 1 948 0
132742 50 4 948 0
132743 51 10 948 0
132744 58 3 948 0
132745 59 3 948 0
132868 11 1 949 0
132869 12 12 949 0
132870 13 13 949 0
132871 14 3 949 0
132872 19 10 949 0
132873 20 7 949 0
132874 21 11 949 0
132875 22 5 949 0
132876 26 8 949 0
132877 27 9 949 0
132878 29 13 949 0
132879 30 3 949 0
132880 33 4 949 0
132881 34 12 949 0
132882 35 1 949 0
132883 36 5 949 0
132884 37 12 949 0
132885 41 7 949 0
132886 42 7 949 0
132887 43 6 949 0
132888 44 13 949 0
132889 45 2 949 0
132890 49 2 949 0
132891 50 13 949 0
132892 51 11 949 0
132893 52 1 949 0
133008 12 3 950 0
133009 13 1 950 0
133010 17 2 950 0
133011 18 11 950 0
133012 19 14 950 0
133013 20 15 950 0
133014 21 11 950 0
133015 26 4 950 0
133016 27 4 950 0
133017 28 13 950 0
133018 29 7 950 0
133019 34 2 950 0
133020 35 8 950 0
133021 36 15 950 0
133022 37 9 950 0
133023 38 3 950 0
133024 43 9 950 0
133025 44 11 950 0
133026 51 11 950 0
133027 52 6 950 0
133028 59 3 950 0
133029 60 1 950 0
133148 13 10 951 0
133149 14 3 951 0
133150 20 4 951 0
133151 21 9 951 0
133152 27 1 951 0
133153 28 11 951 0
133154 29 1 951 0
133155 35 8 951 0
133156 36 4 951 0
133157 42 3 951 0
133158 43 10 951 0
133159 50 10 951 0
133160 51 4 951 0
133288 11 3 952 0
133289 12 9 952 0
133290 13 2 952 0
133291 18 1 952 0
133292 19 14 952 0
133293 20 6 952 0
133294 21 10 952 0
133295 26 4 952 0
133296 27 6 952 0
133297 29 12 952 0
133298 34 7 952 0
133299 35 3 952 0
133300 37 10 952 0
133301 42 5 952 0
133302 43 5 952 0
133303 44 6 952 0
133304 45 4 952 0
133305 50 1 952 0
133306 51 11 952 0
133307 52 11 952 0
133308 59 2 952 0
133309 60 1 952 0
133428 11 2 953 0
133429 12 9 953 0
133430 13 6 953 0
133431 18 9 953 0
133432 19 13 953 0
133433 20 5 953 0
133434 21 9 953 0
133435 26 1 953 0
133436 27 3 953 0
133437 28 13 953 0
133438 29 2 953 0
133439 34 8 953 0
133440 35 8 953 0
133441 36 6 953 0
133442 37 6 953 0
133443 42 1 953 0
133444 44 8 953 0
133445 45 2 953 0
133446 49 1 953 0
133447 51 3 953 0
133448 52 8 953 0
133449 57 4 953 0
133450 58 3 953 0
133451 59 4 953 0
133452 60 1 953 0
133568 18 9 954 0
133569 19 11 954 0
133570 20 11 954 0
133571 21 14 954 0
133572 22 5 954 0
133573 26 3 954 0
133574 27 1 954 0
133575 28 2 954 0
133576 29 12 954 0
133577 30 2 954 0
133578 34 6 954 0
133579 35 9 954 0
133580 36 13 954 0
133581 37 9 954 0
133582 38 2 954 0
133583 42 1 954 0
133584 43 5 954 0
133585 44 6 954 0
133586 51 11 954 0
133587 58 2 954 0
133588 59 5 954 0
133708 5 4 955 0
133709 12 6 955 0
133710 13 3 955 0
133711 19 1 955 0
133712 20 7 955 0
133713 27 7 955 0
133714 28 2 955 0
133715 29 3 955 0
133716 34 4 955 0
133717 35 7 955 0
133718 36 11 955 0
133719 37 5 955 0
133720 42 9 955 0
133721 43 12 955 0
133722 44 5 955 0
133723 50 3 955 0
133724 51 3 955 0
133848 6 1 956 0
133849 11 9 956 0
133850 12 10 956 0
133851 13 11 956 0
133852 14 4 956 0
133853 19 10 956 0
133854 20 3 956 0
133855 27 10 956 0
133856 28 4 956 0
133857 35 3 956 0
133858 36 6 956 0
133859 37 11 956 0
133860 41 4 956 0
133861 42 6 956 0
133862 43 3 956 0
133863 44 6 956 0
133864 45 11 956 0
133865 49 2 956 0
133866 50 7 956 0
133867 51 9 956 0
133868 52 8 956 0
133869 53 1 956 0
133988 12 4 957 0
133989 13 13 957 0
133990 14 1 957 0
133991 19 2 957 0
133992 20 11 957 0
133993 21 8 957 0
133994 22 3 957 0
133995 27 9 957 0
133996 28 1 957 0
133997 29 10 957 0
133998 30 1 957 0
133999 34 7 957 0
134000 35 5 957 0
134001 36 3 957 0
134002 37 8 957 0
134003 41 2 957 0
134004 42 10 957 0
134005 43 1 957 0
134006 44 10 957 0
134007 49 10 957 0
134008 50 3 957 0
134009 51 10 957 0
134010 52 3 957 0
134128 11 5 958 0
134129 12 12 958 0
134130 13 3 958 0
134131 19 12 958 0
134132 26 5 958 0
134133 27 14 958 0
134134 28 9 958 0
134135 29 1 958 0
134136 34 6 958 0
134137 35 6 958 0
134138 36 8 958 0
134139 37 7 958 0
134140 42 2 958 0
134141 43 11 958 0
134142 44 9 958 0
134143 45 7 958 0
134144 51 8 958 0
134145 52 12 958 0
134146 53 4 958 0
134268 12 3 959 0
134269 13 13 959 0
134270 14 1 959 0
134271 20 9 959 0
134272 21 11 959 0
134273 27 2 959 0
134274 28 14 959 0
134275 29 3 959 0
134276 35 11 959 0
134277 36 8 959 0
134278 42 8 959 0
134279 43 14 959 0
134280 44 1 959 0
134281 49 3 959 0
134282 50 14 959 0
134283 51 7 959 0
134408 11 4 960 0
134409 12 10 960 0
134410 13 10 960 0
134411 14 10 960 0
134412 15 2 960 0
134413 18 7 960 0
134414 19 13 960 0
134415 20 5 960 0
134416 21 3 960 0
134417 22 3 960 0
134418 23 1 960 0
134419 25 3 960 0
134420 26 14 960 0
134421 27 6 960 0
134422 28 1 960 0
134423 34 1 960 0
134424 35 5 960 0
134425 36 10 960 0
134426 37 5 960 0
134427 42 4 960 0
134428 44 2 960 0
134429 45 12 960 0
134430 50 7 960 0
134431 51 9 960 0
134432 52 13 960 0
134433 53 7 960 0
134434 59 3 960 0
134435 60 1 960 0
134548 12 1 961 0
134549 13 9 961 0
134550 20 6 961 0
134551 21 4 961 0
134552 27 1 961 0
134553 28 9 961 0
134554 35 8 961 0
134555 36 2 961 0
134556 42 2 961 0
134557 43 8 961 0
134558 50 10 961 0
134559 51 2 961 0
134688 16 2 962 0
134689 17 8 962 0
134690 18 6 962 0
134691 19 6 962 0
134692 20 6 962 0
134693 21 9 962 0
134694 25 2 962 0
134695 26 2 962 0
134696 27 2 962 0
134697 28 4 962 0
134698 29 9 962 0
134699 36 7 962 0
134700 37 2 962 0
134701 43 1 962 0
134702 44 8 962 0
134703 51 5 962 0
134704 52 3 962 0
134705 59 7 962 0
134706 60 2 962 0
134828 12 3 963 0
134829 13 9 963 0
134830 14 4 963 0
134831 19 3 963 0
134832 20 9 963 0
134833 21 12 963 0
134834 22 9 963 0
134835 27 7 963 0
134836 28 10 963 0
134837 29 5 963 0
134838 30 2 963 0
134839 35 11 963 0
134840 36 6 963 0
134841 42 7 963 0
134842 43 6 963 0
134843 44 7 963 0
134844 50 13 963 0
134845 51 10 963 0
134846 52 2 963 0
134847 58 3 963 0
134848 59 2 963 0
134968 12 4 964 0
134969 13 8 964 0
134970 14 8 964 0
134971 15 1 964 0
134972 19 1 964 0
134973 20 11 964 0
134974 21 7 964 0
134975 22 6 964 0
134976 23 1 964 0
134977 27 3 964 0
134978 28 4 964 0
134979 36 9 964 0
134980 41 5 964 0
134981 42 7 964 0
134982 43 2 964 0
134983 44 9 964 0
134984 49 4 964 0
134985 50 12 964 0
134986 51 10 964 0
134987 52 1 964 0
134988 58 3 964 0
134989 59 1 964 0
135108 12 2 965 0
135109 13 10 965 0
135110 14 8 965 0
135111 19 1 965 0
135112 20 10 965 0
135113 21 3 965 0
135114 22 9 965 0
135115 26 1 965 0
135116 27 9 965 0
135117 28 1 965 0
135118 29 1 965 0
135119 30 9 965 0
135120 33 1 965 0
135121 34 10 965 0
135122 35 1 965 0
135123 36 1 965 0
135124 37 10 965 0
135125 38 2 965 0
135126 41 5 965 0
135127 42 4 965 0
135128 43 2 965 0
135129 44 11 965 0
135130 45 2 965 0
135131 49 9 965 0
135132 50 6 965 0
135133 51 11 965 0
135134 52 2 965 0
135248 9 5 966 0
135249 10 4 966 0
135250 11 1 966 0
135251 16 2 966 0
135252 17 5 966 0
135253 18 6 966 0
135254 19 8 966 0
135255 26 3 966 0
135256 27 8 966 0
135257 28 6 966 0
135258 29 4 966 0
135259 35 1 966 0
135260 36 1 966 0
135261 37 6 966 0
135262 38 7 966 0
135263 43 8 966 0
135264 44 8 966 0
135265 45 11 966 0
135266 46 5 966 0
135267 52 3 966 0
135268 53 1 966 0
135388 14 3 967 0
135389 15 2 967 0
135390 19 7 967 0
135391 20 3 967 0
135392 21 1 967 0
135393 22 11 967 0
135394 26 5 967 0
135395 27 9 967 0
135396 29 10 967 0
135397 30 4 967 0
135398 33 5 967 0
135399 34 13 967 0
135400 35 9 967 0
135401 36 10 967 0
135402 37 8 967 0
135403 41 4 967 0
135404 42 1 967 0
135405 44 10 967 0
135406 51 3 967 0
135407 52 4 967 0
135528 12 3 968 0
135529 18 2 968 0
135530 19 8 968 0
135531 20 10 968 0
135532 26 1 968 0
135533 28 7 968 0
135534 35 6 968 0
135535 36 11 968 0
135536 37 5 968 0
135537 44 5 968 0
135538 51 1 968 0
135539 52 6 968 0
135540 59 1 968 0
135541 60 3 968 0
135668 12 2 969 0
135669 13 3 969 0
135670 17 3 969 0
135671 18 8 969 0
135672 19 13 969 0
135673 20 14 969 0
135674 21 13 969 0
135675 25 7 969 0
135676 26 7 969 0
135677 27 3 969 0
135678 29 12 969 0
135679 36 5 969 0
135680 37 12 969 0
135681 43 3 969 0
135682 44 13 969 0
135683 45 2 969 0
135684 50 2 969 0
135685 51 13 969 0
135686 52 3 969 0
135687 58 5 969 0
135688 59 4 969 0
135808 10 1 970 0
135809 11 12 970 0
135810 12 10 970 0
135811 19 8 970 0
135812 26 1 970 0
135813 27 10 970 0
135814 28 4 970 0
135815 29 1 970 0
135816 34 1 970 0
135817 35 5 970 0
135818 36 4 970 0
135819 37 8 970 0
135820 38 7 970 0
135821 42 1 970 0
135822 44 1 970 0
135823 45 10 970 0
135824 46 6 970 0
135825 50 4 970 0
135826 51 10 970 0
135827 52 9 970 0
135828 53 3 970 0
135948 20 4 971 0
135949 21 4 971 0
135950 24 2 971 0
135951 26 7 971 0
135952 27 7 971 0
135953 28 5 971 0
135954 29 11 971 0
135955 30 3 971 0
135956 35 1 971 0
135957 36 9 971 0
135958 37 3 971 0
135959 43 10 971 0
135960 44 2 971 0
135961 50 3 971 0
135962 51 5 971 0
136088 11 2 972 0
136089 12 4 972 0
136090 13 1 972 0
136091 17 2 972 0
136092 18 13 972 0
136093 19 13 972 0
136094 20 12 972 0
136095 21 14 972 0
136096 22 4 972 0
136097 25 5 972 0
136098 26 6 972 0
136099 27 8 972 0
136100 28 4 972 0
136101 29 13 972 0
136102 30 5 972 0
136103 34 1 972 0
136104 35 13 972 0
136105 36 13 972 0
136106 37 2 972 0
136107 42 8 972 0
136108 43 6 972 0
136109 44 13 972 0
136110 45 2 972 0
136111 50 9 972 0
136112 51 10 972 0
136113 52 13 972 0
136114 53 2 972 0
136115 59 4 972 0
136116 60 4 972 0
136228 5 4 973 0
136229 12 6 973 0
136230 13 6 973 0
136231 19 1 973 0
136232 20 10 973 0
136233 27 9 973 0
136234 28 4 973 0
136235 29 3 973 0
136236 34 6 973 0
136237 35 8 973 0
136238 36 11 973 0
136239 37 11 973 0
136240 42 10 973 0
136241 43 12 973 0
136242 44 10 973 0
136243 45 1 973 0
136244 50 4 973 0
136245 51 5 973 0
136368 11 6 974 0
136369 12 6 974 0
136370 18 3 974 0
136371 19 10 974 0
136372 20 14 974 0
136373 21 2 974 0
136374 26 10 974 0
136375 27 6 974 0
136376 28 13 974 0
136377 29 1 974 0
136378 34 3 974 0
136379 35 4 974 0
136380 36 8 974 0
136381 37 4 974 0
136382 42 1 974 0
136383 43 10 974 0
136384 44 5 974 0
136385 45 11 974 0
136386 51 1 974 0
136387 52 11 974 0
136388 53 15 974 0
136389 54 2 974 0
136390 61 2 974 0
136508 10 2 975 0
136509 11 14 975 0
136510 12 13 975 0
136511 13 9 975 0
136512 19 2 975 0
136513 20 7 975 0
136514 21 11 975 0
136515 26 2 975 0
136516 27 11 975 0
136517 28 14 975 0
136518 29 3 975 0
136519 34 2 975 0
136520 35 3 975 0
136521 36 2 975 0
136522 37 12 975 0
136523 41 1 975 0
136524 44 7 975 0
136525 45 10 975 0
136526 48 4 975 0
136527 49 14 975 0
136528 50 12 975 0
136529 51 12 975 0
136530 52 8 975 0
136648 11 1 976 0
136649 12 7 976 0
136650 13 5 976 0
136651 18 1 976 0
136652 19 10 976 0
136653 20 5 976 0
136654 22 4 976 0
136655 26 3 976 0
136656 27 10 976 0
136657 28 5 976 0
136658 29 8 976 0
136659 30 2 976 0
136660 35 9 976 0
136661 36 9 976 0
136662 42 3 976 0
136663 43 6 976 0
136664 44 8 976 0
136665 45 1 976 0
136666 50 2 976 0
136667 51 11 976 0
136668 52 8 976 0
136669 59 2 976 0
136670 60 2 976 0
136788 5 2 977 0
136789 6 4 977 0
136790 12 2 977 0
136791 13 11 977 0
136792 14 1 977 0
136793 20 10 977 0
136794 21 1 977 0
136795 27 9 977 0
136796 28 4 977 0
136797 29 3 977 0
136798 34 8 977 0
136799 35 5 977 0
136800 36 9 977 0
136801 37 9 977 0
136802 42 10 977 0
136803 43 9 977 0
136804 44 9 977 0
136805 50 2 977 0
136806 51 3 977 0
136928 11 5 978 0
136929 19 7 978 0
136930 27 6 978 0
136931 28 2 978 0
136932 35 3 978 0
136933 36 5 978 0
136934 43 1 978 0
136935 44 7 978 0
136936 52 8 978 0
136937 60 1 978 0
137068 12 5 979 0
137069 13 13 979 0
137070 14 2 979 0
137071 19 2 979 0
137072 20 11 979 0
137073 21 10 979 0
137074 22 2 979 0
137075 27 11 979 0
137076 28 2 979 0
137077 29 11 979 0
137078 30 2 979 0
137079 34 10 979 0
137080 35 5 979 0
137081 36 5 979 0
137082 37 11 979 0
137083 41 3 979 0
137084 42 10 979 0
137085 43 4 979 0
137086 44 11 979 0
137087 45 1 979 0
137088 49 4 979 0
137089 50 13 979 0
137090 51 10 979 0
137091 52 1 979 0
137208 11 1 980 0
137209 12 4 980 0
137210 19 9 980 0
137211 20 9 980 0
137212 21 4 980 0
137213 27 8 980 0
137214 28 10 980 0
137215 29 4 980 0
137216 35 8 980 0
137217 36 10 980 0
137218 44 9 980 0
137219 51 1 980 0
137220 52 8 980 0
137221 59 1 980 0
137222 60 4 980 0
137348 11 1 981 0
137349 12 2 981 0
137350 14 2 981 0
137351 18 6 981 0
137352 19 14 981 0
137353 20 13 981 0
137354 21 13 981 0
137355 22 11 981 0
137356 25 1 981 0
137357 26 14 981 0
137358 27 5 981 0
137359 28 4 981 0
137360 29 11 981 0
137361 30 10 981 0
137362 34 1 981 0
137363 36 10 981 0
137364 37 9 981 0
137365 43 9 981 0
137366 44 9 981 0
137367 50 6 981 0
137368 51 13 981 0
137369 52 1 981 0
137370 57 1 981 0
137371 58 7 981 0
137372 59 2 981 0
137488 11 2 982 0
137489 12 10 982 0
137490 19 10 982 0
137491 20 7 982 0
137492 27 2 982 0
137493 28 7 982 0
137494 35 3 982 0
137495 36 7 982 0
137496 43 3 982 0
137497 44 7 982 0
137498 51 12 982 0
137499 52 12 982 0
137500 53 1 982 0
137628 11 2 983 0
137629 12 7 983 0
137630 13 8 983 0
137631 17 1 983 0
137632 18 10 983 0
137633 19 12 983 0
137634 20 7 983 0
137635 21 13 983 0
137636 25 2 983 0
137637 26 3 983 0
137638 27 2 983 0
137639 28 10 983 0
137640 29 2 983 0
137641 34 5 983 0
137642 35 10 983 0
137643 36 9 983 0
137644 37 7 983 0
137645 44 5 983 0
137646 45 6 983 0
137647 51 6 983 0
137648 52 10 983 0
137649 57 2 983 0
137650 58 4 983 0
137651 59 4 983 0
137652 60 1 983 0
137768 10 2 984 0
137769 11 8 984 0
137770 12 2 984 0
137771 18 9 984 0
137772 19 5 984 0
137773 20 9 984 0
137774 21 7 984 0
137775 25 1 984 0
137776 26 10 984 0
137777 29 7 984 0
137778 30 8 984 0
137779 34 10 984 0
137780 38 6 984 0
137781 39 3 984 0
137782 42 10 984 0
137783 46 7 984 0
137784 47 1 984 0
137785 50 4 984 0
137786 51 9 984 0
137787 52 6 984 0
137788 53 9 984 0
137789 54 5 984 0
137908 20 8 985 0
137909 21 9 985 0
137910 22 9 985 0
137911 23 3 985 0
137912 27 6 985 0
137913 28 6 985 0
137914 29 1 985 0
137915 34 2 985 0
137916 35 9 985 0
137917 36 9 985 0
137918 37 3 985 0
137919 41 2 985 0
137920 42 10 985 0
137921 43 9 985 0
137922 44 6 985 0
137923 50 4 985 0
137924 51 2 985 0
138048 3 5 986 0
138049 10 2 986 0
138050 11 12 986 0
138051 18 10 986 0
138052 19 6 986 0
138053 25 2 986 0
138054 26 15 986 0
138055 27 1 986 0
138056 28 7 986 0
138057 29 10 986 0
138058 30 4 986 0
138059 33 2 986 0
138060 34 14 986 0
138061 35 2 986 0
138062 36 14 986 0
138063 37 15 986 0
138064 38 7 986 0
138065 42 6 986 0
138066 43 13 986 0
138067 44 14 986 0
138068 45 12 986 0
138069 51 1 986 0
138070 52 4 986 0
138071 53 1 986 0
138188 14 6 987 0
138189 19 5 987 0
138190 21 3 987 0
138191 22 10 987 0
138192 26 5 987 0
138193 27 8 987 0
138194 28 1 987 0
138195 29 11 987 0
138196 30 1 987 0
138197 33 5 987 0
138198 34 12 987 0
138199 35 8 987 0
138200 36 13 987 0
138201 37 4 987 0
138202 43 2 987 0
138203 44 8 987 0
138204 51 10 987 0
138205 52 1 987 0
138206 58 1 987 0
138207 59 2 987 0
138328 11 6 988 0
138329 13 2 988 0
138330 18 6 988 0
138331 19 7 988 0
138332 21 12 988 0
138333 26 13 988 0
138334 27 1 988 0
138335 28 4 988 0
138336 29 8 988 0
138337 33 1 988 0
138338 34 14 988 0
138339 35 5 988 0
138340 36 9 988 0
138341 37 5 988 0
138342 38 1 988 0
138343 42 4 988 0
138344 43 9 988 0
138345 44 12 988 0
138346 45 10 988 0
138347 46 3 988 0
138348 52 6 988 0
138468 11 1 989 0
138469 12 8 989 0
138470 13 13 989 0
138471 14 9 989 0
138472 19 8 989 0
138473 20 6 989 0
138474 21 2 989 0
138475 22 12 989 0
138476 27 3 989 0
138477 28 3 989 0
138478 29 10 989 0
138479 30 4 989 0
138480 33 3 989 0
138481 34 11 989 0
138482 35 9 989 0
138483 36 14 989 0
138484 37 11 989 0
138485 41 12 989 0
138486 42 4 989 0
138487 43 11 989 0
138488 44 2 989 0
138489 45 2 989 0
138490 49 12 989 0
138491 50 12 989 0
138492 51 2 989 0
138608 11 1 990 0
138609 19 10 990 0
138610 21 7 990 0
138611 25 3 990 0
138612 26 11 990 0
138613 27 7 990 0
138614 28 4 990 0
138615 29 12 990 0
138616 33 9 990 0
138617 34 11 990 0
138618 35 11 990 0
138619 36 10 990 0
138620 37 14 990 0
138621 45 13 990 0
138622 46 1 990 0
138623 53 12 990 0
138624 54 1 990 0
138625 61 5 990 0
138748 11 2 991 0
138749 12 4 991 0
138750 19 11 991 0
138751 20 3 991 0
138752 22 3 991 0
138753 26 8 991 0
138754 27 13 991 0
138755 28 6 991 0
138756 29 6 991 0
138757 30 8 991 0
138758 34 5 991 0
138759 35 4 991 0
138760 36 7 991 0
138761 37 12 991 0
138762 38 1 991 0
138763 44 11 991 0
138764 45 3 991 0
138765 51 4 991 0
138766 52 8 991 0
138767 59 2 991 0
138768 60 1 991 0
138888 9 4 992 0
138889 10 11 992 0
138890 11 12 992 0
138891 12 7 992 0
138892 18 1 992 0
138893 20 10 992 0
138894 26 1 992 0
138895 27 11 992 0
138896 28 9 992 0
138897 29 3 992 0
138898 35 1 992 0
138899 36 3 992 0
138900 37 10 992 0
138901 38 6 992 0
138902 42 3 992 0
138903 43 2 992 0
138904 44 10 992 0
138905 45 12 992 0
138906 46 1 992 0
138907 49 1 992 0
138908 50 10 992 0
138909 51 11 992 0
138910 52 5 992 0
139028 13 8 993 0
139029 20 5 993 0
139030 21 4 993 0
139031 28 8 993 0
139032 35 6 993 0
139033 36 2 993 0
139034 42 1 993 0
139035 43 8 993 0
139036 50 9 993 0
139037 51 2 993 0
139168 16 1 994 0
139169 17 7 994 0
139170 18 7 994 0
139171 19 9 994 0
139172 20 10 994 0
139173 21 7 994 0
139174 22 2 994 0
139175 25 6 994 0
139176 26 5 994 0
139177 27 3 994 0
139178 28 3 994 0
139179 29 12 994 0
139180 30 3 994 0
139181 36 5 994 0
139182 37 9 994 0
139183 44 12 994 0
139184 45 1 994 0
139185 51 4 994 0
139186 52 8 994 0
139187 59 5 994 0
139188 60 7 994 0
139308 19 6 995 0
139309 21 1 995 0
139310 22 8 995 0
139311 23 2 995 0
139312 25 2 995 0
139313 26 13 995 0
139314 27 11 995 0
139315 28 10 995 0
139316 29 13 995 0
139317 30 12 995 0
139318 31 1 995 0
139319 33 6 995 0
139320 34 5 995 0
139321 35 3 995 0
139322 36 7 995 0
139323 37 8 995 0
139324 43 5 995 0
139325 44 8 995 0
139326 50 2 995 0
139327 51 11 995 0
139328 58 6 995 0
139329 59 2 995 0
139448 4 2 996 0
139449 11 2 996 0
139450 12 9 996 0
139451 19 8 996 0
139452 20 2 996 0
139453 27 10 996 0
139454 35 11 996 0
139455 36 8 996 0
139456 37 3 996 0
139457 43 10 996 0
139458 44 6 996 0
139459 45 9 996 0
139460 51 2 996 0
139461 52 10 996 0
139462 53 2 996 0
139588 12 3 997 0
139589 13 13 997 0
139590 14 4 997 0
139591 19 2 997 0
139592 20 12 997 0
139593 21 11 997 0
139594 22 7 997 0
139595 26 2 997 0
139596 27 10 997 0
139597 28 1 997 0
139598 29 10 997 0
139599 30 5 997 0
139600 33 1 997 0
139601 34 11 997 0
139602 35 2 997 0
139603 36 6 997 0
139604 37 8 997 0
139605 41 8 997 0
139606 42 5 997 0
139607 43 8 997 0
139608 44 7 997 0
139609 49 8 997 0
139610 50 13 997 0
139611 51 6 997 0
139728 10 1 998 0
139729 11 9 998 0
139730 12 11 998 0
139731 13 2 998 0
139732 18 1 998 0
139733 19 3 998 0
139734 20 8 998 0
139735 21 1 998 0
139736 27 3 998 0
139737 28 9 998 0
139738 29 6 998 0
139739 34 4 998 0
139740 37 9 998 0
139741 42 11 998 0
139742 43 1 998 0
139743 44 2 998 0
139744 45 9 998 0
139745 50 7 998 0
139746 51 9 998 0
139747 52 9 998 0
139748 53 1 998 0
139868 5 3 999 0
139869 6 3 999 0
139870 12 1 999 0
139871 13 12 999 0
139872 14 1 999 0
139873 20 10 999 0
139874 21 3 999 0
139875 27 7 999 0
139876 28 6 999 0
139877 29 4 999 0
139878 34 6 999 0
139879 35 9 999 0
139880 36 10 999 0
139881 37 10 999 0
139882 42 11 999 0
139883 43 12 999 0
139884 44 10 999 0
139885 50 2 999 0
139886 51 4 999 0
